fecha,lluvia_mm
1985-01-01,0.0
1985-01-02,0.0
1985-01-03,0.23420609835837344
1985-01-04,0.0
1985-01-05,0.0
1985-01-06,0.21455261151532876
1985-01-07,0.0
1985-01-08,0.0
1985-01-09,0.0
1985-01-10,0.0
1985-01-11,0.0
1985-01-12,0.0
1985-01-13,0.0
1985-01-14,0.0
1985-01-15,0.0
1985-01-16,0.0
1985-01-17,0.0
1985-01-18,0.0
1985-01-19,3.9839172498197177
1985-01-20,0.0
1985-01-21,0.0
1985-01-22,0.0
1985-01-23,0.0
1985-01-24,0.0
1985-01-25,5.957485071912008
1985-01-26,0.19255872413113317
1985-01-27,0.0
1985-01-28,5.453442729002723
1985-01-29,0.0
1985-01-30,0.0
1985-01-31,0.5641376370111029
1985-02-01,0.0
1985-02-02,0.0
1985-02-03,0.0
1985-02-04,0.0
1985-02-05,0.0
1985-02-06,0.0
1985-02-07,2.8765491125350073
1985-02-08,0.5310888191232006
1985-02-09,0.0
1985-02-10,0.0
1985-02-11,1.1388710364699366
1985-02-12,8.22525975551154
1985-02-13,0.0
1985-02-14,0.0
1985-02-15,0.0
1985-02-16,0.0
1985-02-17,0.0
1985-02-18,0.0
1985-02-19,0.0
1985-02-20,0.0
1985-02-21,0.39949423558003205
1985-02-22,0.0
1985-02-23,0.0
1985-02-24,0.0
1985-02-25,0.0
1985-02-26,0.0
1985-02-27,0.0
1985-02-28,0.0
1985-03-01,0.0
1985-03-02,9.532151837808058
1985-03-03,0.44304972162117834
1985-03-04,2.4947607015838504
1985-03-05,0.0
1985-03-06,0.0
1985-03-07,0.0
1985-03-08,0.0
1985-03-09,0.14123103445446175
1985-03-10,0.6119901962779666
1985-03-11,0.0
1985-03-12,0.0
1985-03-13,0.0
1985-03-14,0.0
1985-03-15,0.0
1985-03-16,0.0
1985-03-17,0.0
1985-03-18,0.0
1985-03-19,0.0
1985-03-20,0.8633420193517533
1985-03-21,2.4237858024803374
1985-03-22,7.227602185228388
1985-03-23,0.0
1985-03-24,0.0
1985-03-25,0.0
1985-03-26,0.0
1985-03-27,0.0
1985-03-28,0.0
1985-03-29,0.0
1985-03-30,0.07533610592017305
1985-03-31,6.6391766647229336
1985-04-01,4.3293364843403985
1985-04-02,5.640322981049888
1985-04-03,8.23070639251052
1985-04-04,0.0
1985-04-05,0.0
1985-04-06,0.0
1985-04-07,0.0
1985-04-08,0.0
1985-04-09,0.0
1985-04-10,0.0
1985-04-11,2.5211797945604135
1985-04-12,0.0
1985-04-13,3.5205359991539176
1985-04-14,0.0
1985-04-15,0.25595323862256236
1985-04-16,0.0
1985-04-17,0.0
1985-04-18,0.0
1985-04-19,0.0
1985-04-20,3.4052659336578213
1985-04-21,1.7121827960819815
1985-04-22,1.0789917340955222
1985-04-23,18.709126038325802
1985-04-24,23.549759670286573
1985-04-25,36.53811334999832
1985-04-26,20.215592147933478
1985-04-27,47.777573322122166
1985-04-28,0.0
1985-04-29,23.064196348190315
1985-04-30,0.41392212783968135
1985-05-01,0.0
1985-05-02,22.892975892972313
1985-05-03,0.0
1985-05-04,0.0
1985-05-05,0.0
1985-05-06,5.118176517857089
1985-05-07,24.456328574870092
1985-05-08,32.92339587855984
1985-05-09,23.298144085181733
1985-05-10,3.6791670821808493
1985-05-11,25.339615460988643
1985-05-12,12.073320878518595
1985-05-13,17.70775700420947
1985-05-14,12.78118787343438
1985-05-15,0.25631311777475724
1985-05-16,18.570773443660226
1985-05-17,14.256537134582938
1985-05-18,13.866144260441938
1985-05-19,7.6351206465750145
1985-05-20,16.52974769311983
1985-05-21,17.033026158809665
1985-05-22,3.9786634054538377
1985-05-23,0.0
1985-05-24,0.0
1985-05-25,24.572327476498245
1985-05-26,1.5737335110032884
1985-05-27,6.761218902227043
1985-05-28,1.9149452049184497
1985-05-29,36.32459972355819
1985-05-30,31.624064345617555
1985-05-31,0.0
1985-06-01,28.1659239337251
1985-06-02,33.66611705116324
1985-06-03,47.48289513990689
1985-06-04,14.02541469520814
1985-06-05,26.006694230678928
1985-06-06,24.81168434627959
1985-06-07,15.756831638313631
1985-06-08,22.696824906242863
1985-06-09,10.383501023054126
1985-06-10,13.171291123370871
1985-06-11,19.018219386000894
1985-06-12,26.009092452558317
1985-06-13,17.754830765160357
1985-06-14,2.598104768105456
1985-06-15,9.985236108705806
1985-06-16,4.4817603849680046
1985-06-17,8.055128559671545
1985-06-18,18.60037300151748
1985-06-19,0.0
1985-06-20,10.149600761162272
1985-06-21,17.32284458585688
1985-06-22,11.003798139256407
1985-06-23,16.800733110791935
1985-06-24,12.49532474335787
1985-06-25,9.688907195184685
1985-06-26,13.155191501652878
1985-06-27,6.935270041025976
1985-06-28,33.66869650096507
1985-06-29,19.65214159118163
1985-06-30,21.21704922254022
1985-07-01,8.82702190610203
1985-07-02,0.0
1985-07-03,2.242013535185441
1985-07-04,23.7933955925542
1985-07-05,5.505217401361144
1985-07-06,15.59219973473936
1985-07-07,9.90201193094254
1985-07-08,7.355096215130512
1985-07-09,12.44497615823875
1985-07-10,19.540509283542637
1985-07-11,6.210096625460162
1985-07-12,4.36509078922304
1985-07-13,10.557975595061846
1985-07-14,8.73018157844608
1985-07-15,7.9446870600049575
1985-07-16,5.109180820954814
1985-07-17,16.04075747325614
1985-07-18,0.0
1985-07-19,20.76954864932074
1985-07-20,5.084610888885487
1985-07-21,7.619984291695262
1985-07-22,10.382812404552023
1985-07-23,13.117646986568298
1985-07-24,18.87184403474267
1985-07-25,18.72532167789099
1985-07-26,21.519885469127356
1985-07-27,27.723797562154576
1985-07-28,18.49322398651291
1985-07-29,29.035888000920025
1985-07-30,16.386560671635586
1985-07-31,4.345605957649045
1985-08-01,4.7163891786256364
1985-08-02,30.292832232810365
1985-08-03,17.50910141983549
1985-08-04,9.733212159090755
1985-08-05,13.803588313025404
1985-08-06,23.878840015546704
1985-08-07,30.225467106780496
1985-08-08,14.892777988636821
1985-08-09,20.54028488896989
1985-08-10,16.124310294115872
1985-08-11,6.320163973078536
1985-08-12,6.659306259976852
1985-08-13,6.659306259976852
1985-08-14,31.77520187481031
1985-08-15,24.988308463950418
1985-08-16,14.8721629808078
1985-08-17,22.873538529550714
1985-08-18,20.128515498058224
1985-08-19,16.50883491699761
1985-08-20,48.96829156698409
1985-08-21,20.33182109167448
1985-08-22,22.01927452755942
1985-08-23,7.360422174672824
1985-08-24,10.39612845250884
1985-08-25,11.558828380663655
1985-08-26,9.952827009598952
1985-08-27,6.14287542491346
1985-08-28,7.473485587215103
1985-08-29,39.42725892888534
1985-08-30,9.997755088717552
1985-08-31,4.099904497934355
1985-09-01,10.058675049325908
1985-09-02,12.61894343954486
1985-09-03,23.676361855622893
1985-09-04,18.34354430557909
1985-09-05,17.003364977804395
1985-09-06,30.43464444376328
1985-09-07,12.947657208386309
1985-09-08,30.6891192165581
1985-09-09,31.442974898460758
1985-09-10,20.048975275779103
1985-09-11,24.001904144480424
1985-09-12,51.584875767295436
1985-09-13,12.415084608906026
1985-09-14,27.574906912204384
1985-09-15,23.33082228617089
1985-09-16,24.3437259253618
1985-09-17,18.034034365335028
1985-09-18,8.159162678428599
1985-09-19,8.984279426368511
1985-09-20,13.188582896380815
1985-09-21,20.725706133085335
1985-09-22,5.948669155304499
1985-09-23,6.0499526890548525
1985-09-24,2.349649464560522
1985-09-25,6.091789755869557
1985-09-26,17.967619042944268
1985-09-27,22.344108774049868
1985-09-28,19.185446720671013
1985-09-29,19.185446720671013
1985-09-30,39.06279592900664
1985-10-01,23.44055995103476
1985-10-02,33.17186900087305
1985-10-03,23.437642355222966
1985-10-04,21.9572457534236
1985-10-05,36.87383190200138
1985-10-06,9.378283929180459
1985-10-07,10.308107211380394
1985-10-08,20.550607680468957
1985-10-09,16.330958145293035
1985-10-10,15.984036655442141
1985-10-11,0.0
1985-10-12,14.716453355913233
1985-10-13,11.84171397319517
1985-10-14,14.340713906932532
1985-10-15,8.22208362837901
1985-10-16,26.601784400843293
1985-10-17,27.06134369727728
1985-10-18,12.289248569188896
1985-10-19,1.4627914025976856
1985-10-20,24.669892625228787
1985-10-21,9.198815668354165
1985-10-22,12.020804644839188
1985-10-23,2.4559146931042553
1985-10-24,14.226878624107394
1985-10-25,12.092652068750285
1985-10-26,29.616596508670508
1985-10-27,32.1087760143989
1985-10-28,25.49985573098467
1985-10-29,46.05980930779433
1985-10-30,3.76378769971229
1985-10-31,11.70603319277635
1985-11-01,0.0
1985-11-02,0.0
1985-11-03,0.0
1985-11-04,6.945266960440457
1985-11-05,7.85043947116749
1985-11-06,0.0
1985-11-07,47.84138857915596
1985-11-08,0.0
1985-11-09,0.0
1985-11-10,0.0
1985-11-11,0.0
1985-11-12,0.0
1985-11-13,0.0
1985-11-14,20.868624652559696
1985-11-15,0.9481903225988957
1985-11-16,0.0
1985-11-17,0.0
1985-11-18,0.0
1985-11-19,13.705322485517817
1985-11-20,10.151673390857276
1985-11-21,0.0
1985-11-22,0.0
1985-11-23,18.079896896272096
1985-11-24,29.48585633571085
1985-11-25,4.2978576582831325
1985-11-26,4.093411689674533
1985-11-27,18.31130827761986
1985-11-28,0.0
1985-11-29,24.875177410808778
1985-11-30,14.591329696210659
1985-12-01,18.341399900413855
1985-12-02,12.676137463567228
1985-12-03,2.6481498459706447
1985-12-04,5.0628896773465595
1985-12-05,23.016196405162695
1985-12-06,36.914864427334564
1985-12-07,16.673269553361713
1985-12-08,10.17440790703168
1985-12-09,18.964326240323686
1985-12-10,11.35354515567825
1985-12-11,0.0
1985-12-12,4.85437873569695
1985-12-13,0.0
1985-12-14,0.0
1985-12-15,0.0
1985-12-16,0.0
1985-12-17,0.0
1985-12-18,0.0
1985-12-19,0.0
1985-12-20,0.14760251927214704
1985-12-21,0.0
1985-12-22,0.0
1985-12-23,0.0
1985-12-24,0.0
1985-12-25,0.0
1985-12-26,0.0
1985-12-27,0.0
1985-12-28,0.0
1985-12-29,0.0
1985-12-30,0.0
1985-12-31,0.0
1986-01-01,0.0
1986-01-02,2.391935367137194
1986-01-03,3.3372360286680434
1986-01-04,0.0
1986-01-05,0.0
1986-01-06,0.0
1986-01-07,0.42389230188485755
1986-01-08,0.0
1986-01-09,0.0
1986-01-10,0.0
1986-01-11,0.0
1986-01-12,0.0
1986-01-13,0.0
1986-01-14,8.904028310163604
1986-01-15,0.0
1986-01-16,0.0
1986-01-17,0.0
1986-01-18,0.0
1986-01-19,0.0
1986-01-20,0.0
1986-01-21,0.0
1986-01-22,0.0
1986-01-23,0.0
1986-01-24,0.0
1986-01-25,0.0
1986-01-26,0.0
1986-01-27,0.0
1986-01-28,0.0
1986-01-29,5.253172254844294
1986-01-30,0.0
1986-01-31,0.0
1986-02-01,0.0
1986-02-02,0.0
1986-02-03,4.9007841707081425
1986-02-04,0.0
1986-02-05,0.0
1986-02-06,0.0
1986-02-07,0.0
1986-02-08,0.0
1986-02-09,0.0
1986-02-10,2.7440419871662116
1986-02-11,2.0026370089601833
1986-02-12,11.504712027069685
1986-02-13,0.0
1986-02-14,0.0
1986-02-15,0.0
1986-02-16,0.0
1986-02-17,0.7807637549735407
1986-02-18,0.0
1986-02-19,1.991505193549234
1986-02-20,6.7562157868130805
1986-02-21,0.0
1986-02-22,0.0
1986-02-23,1.4785087914080237
1986-02-24,0.0
1986-02-25,26.115460166858668
1986-02-26,0.0
1986-02-27,0.0
1986-02-28,0.0
1986-03-01,0.0
1986-03-02,0.0
1986-03-03,0.0
1986-03-04,0.0
1986-03-05,0.0
1986-03-06,0.0
1986-03-07,5.441834084890986
1986-03-08,0.0
1986-03-09,0.0
1986-03-10,0.0
1986-03-11,0.0
1986-03-12,0.11907285975443355
1986-03-13,0.0
1986-03-14,5.873845992458835
1986-03-15,21.246137583175226
1986-03-16,12.08052749247165
1986-03-17,0.5508634047331039
1986-03-18,0.0
1986-03-19,0.0
1986-03-20,7.502610468783895
1986-03-21,13.741698997447623
1986-03-22,6.032747556832999
1986-03-23,0.0
1986-03-24,0.0
1986-03-25,0.0
1986-03-26,0.0
1986-03-27,0.0
1986-03-28,0.0
1986-03-29,0.0
1986-03-30,0.0
1986-03-31,0.0
1986-04-01,0.0
1986-04-02,4.1349473191374875
1986-04-03,1.2615386497833443
1986-04-04,7.982590806947369
1986-04-05,3.9837384351806064
1986-04-06,1.5910527176550922
1986-04-07,1.6573984087318994
1986-04-08,3.1382847904554905
1986-04-09,0.0
1986-04-10,0.5732841270195473
1986-04-11,0.0
1986-04-12,4.976762017084137
1986-04-13,5.636620683243148
1986-04-14,7.475297171320467
1986-04-15,0.24040693769583837
1986-04-16,10.448572289500692
1986-04-17,12.388507185554188
1986-04-18,4.25307869196341
1986-04-19,0.3986895673379706
1986-04-20,4.478102040149877
1986-04-21,4.5356115535707096
1986-04-22,2.0238633880744112
1986-04-23,4.8685605992135175
1986-04-24,0.0
1986-04-25,0.0
1986-04-26,0.0
1986-04-27,0.0
1986-04-28,0.0
1986-04-29,0.1762620832871747
1986-04-30,0.0
1986-05-01,0.0
1986-05-02,1.3391154641788956
1986-05-03,7.932835444606641
1986-05-04,12.25847793551716
1986-05-05,1.353734454265922
1986-05-06,4.833073201413091
1986-05-07,8.630370161621961
1986-05-08,14.161969217094217
1986-05-09,15.627677733430993
1986-05-10,6.870559735878096
1986-05-11,8.738844671563522
1986-05-12,25.063624018752904
1986-05-13,8.738844671563522
1986-05-14,13.800456416365266
1986-05-15,8.33567202997369
1986-05-16,0.0
1986-05-17,4.343115687571669
1986-05-18,6.334638681766151
1986-05-19,8.175666874727689
1986-05-20,5.011730088575468
1986-05-21,8.44503107223962
1986-05-22,28.3468246741875
1986-05-23,55.029829308793374
1986-05-24,41.656076427247086
1986-05-25,46.445251277975146
1986-05-26,15.703142007863203
1986-05-27,73.20589298170968
1986-05-28,2.193229470905421
1986-05-29,10.397807638186059
1986-05-30,0.0
1986-05-31,0.0
1986-06-01,1.6420334525204998
1986-06-02,3.3637135638981266
1986-06-03,6.4574659382169335
1986-06-04,9.263819843329287
1986-06-05,17.592176180433587
1986-06-06,4.4492735701638315
1986-06-07,9.31647850049509
1986-06-08,18.378921518454685
1986-06-09,6.573732081095918
1986-06-10,4.389366770314205
1986-06-11,18.545653306551884
1986-06-12,10.569728628002311
1986-06-13,13.952897367042468
1986-06-14,6.428673652982392
1986-06-15,2.927609840357627
1986-06-16,4.006603877689388
1986-06-17,5.560937783605344
1986-06-18,4.70116444375064
1986-06-19,0.0
1986-06-20,0.19888737012405658
1986-06-21,29.963227146380667
1986-06-22,7.506075237047029
1986-06-23,25.869216011988158
1986-06-24,15.125320468399982
1986-06-25,17.810384513155835
1986-06-26,21.537549208950352
1986-06-27,12.826435906258794
1986-06-28,19.690924283620483
1986-06-29,40.321614527219054
1986-06-30,69.40712566633482
1986-07-01,8.876401903460156
1986-07-02,4.221760691118402
1986-07-03,6.075046885456591
1986-07-04,4.831728464546238
1986-07-05,7.551602933455162
1986-07-06,16.35595354357282
1986-07-07,18.1729931146712
1986-07-08,0.0
1986-07-09,8.949679274212672
1986-07-10,7.711704615000136
1986-07-11,9.725499539157834
1986-07-12,11.661938998546152
1986-07-13,6.48253401952821
1986-07-14,4.68025481922401
1986-07-15,7.255966427358423
1986-07-16,13.392444007300044
1986-07-17,6.134459949828484
1986-07-18,7.623336678823911
1986-07-19,4.3725874701867244
1986-07-20,4.238434482969948
1986-07-21,1.4811254088338972
1986-07-22,0.62620161242179
1986-07-23,4.173245634984328
1986-07-24,6.8245082982891345
1986-07-25,4.157731444650406
1986-07-26,2.4200211944612304
1986-07-27,1.3027394075651428
1986-07-28,12.810656787978639
1986-07-29,9.233322425267184
1986-07-30,0.0
1986-07-31,0.6325732066824632
1986-08-01,0.0
1986-08-02,0.15016183599426944
1986-08-03,2.982759297397492
1986-08-04,7.934757287840587
1986-08-05,6.35900432948728
1986-08-06,1.5852460760522538
1986-08-07,9.002575694306477
1986-08-08,5.748845611875123
1986-08-09,0.0
1986-08-10,14.176396268445094
1986-08-11,18.762676311908546
1986-08-12,13.170744597106367
1986-08-13,12.81573728451858
1986-08-14,23.812209531262116
1986-08-15,6.582306056409272
1986-08-16,2.0811712359254435
1986-08-17,41.457615161264286
1986-08-18,13.423422676485943
1986-08-19,9.188790492512087
1986-08-20,29.940946380834333
1986-08-21,4.999871429559348
1986-08-22,12.695772603959654
1986-08-23,14.792124005991061
1986-08-24,19.68838835608316
1986-08-25,30.469769451263804
1986-08-26,0.0
1986-08-27,12.903214568221896
1986-08-28,10.89391854163763
1986-08-29,42.339944306257614
1986-08-30,21.96605743910816
1986-08-31,24.117074669615647
1986-09-01,12.715931787684164
1986-09-02,33.11121461681419
1986-09-03,29.813333645060276
1986-09-04,25.180399683681706
1986-09-05,11.673618011780693
1986-09-06,6.4303645841978705
1986-09-07,6.75992378894542
1986-09-08,7.818293090809038
1986-09-09,10.519708402656223
1986-09-10,9.800176657333571
1986-09-11,27.120640089383006
1986-09-12,4.520531900025704
1986-09-13,33.4182664365382
1986-09-14,20.10667012631894
1986-09-15,13.172780295481557
1986-09-16,13.206699021160606
1986-09-17,1.6426731271518251
1986-09-18,4.436621675217475
1986-09-19,10.448708920865448
1986-09-20,6.419465471562503
1986-09-21,33.7345661247099
1986-09-22,11.075875252888014
1986-09-23,11.469206096755496
1986-09-24,26.24185342402072
1986-09-25,13.51695409135239
1986-09-26,17.692916349382017
1986-09-27,9.500924429176631
1986-09-28,31.459771374592915
1986-09-29,16.895395408006948
1986-09-30,7.836020005111762
1986-10-01,49.80578895034017
1986-10-02,24.150816548917753
1986-10-03,21.130890480569896
1986-10-04,41.587572750207556
1986-10-05,0.0
1986-10-06,0.0
1986-10-07,28.78811864353516
1986-10-08,48.251793434491034
1986-10-09,30.19649131757183
1986-10-10,52.5858486914957
1986-10-11,40.68728382361902
1986-10-12,41.358477032667906
1986-10-13,81.6894316286654
1986-10-14,33.711095984723116
1986-10-15,25.270049990028955
1986-10-16,22.629279201900644
1986-10-17,16.516971784669003
1986-10-18,17.355082742265758
1986-10-19,20.940075633493638
1986-10-20,26.628590999422855
1986-10-21,35.56801881902928
1986-10-22,24.650650917678277
1986-10-23,0.0
1986-10-24,28.963430149329685
1986-10-25,41.60182097070927
1986-10-26,35.75451652826491
1986-10-27,26.14842701441533
1986-10-28,39.32521612660306
1986-10-29,7.252570551794932
1986-10-30,11.416541854674756
1986-10-31,11.4332538170589
1986-11-01,0.5771257988101729
1986-11-02,18.556482272776407
1986-11-03,8.269568935439398
1986-11-04,8.5745449525279
1986-11-05,0.0
1986-11-06,0.0
1986-11-07,0.0
1986-11-08,0.0
1986-11-09,0.0
1986-11-10,0.0
1986-11-11,4.127248987354138
1986-11-12,19.14083076852399
1986-11-13,34.097657775556726
1986-11-14,10.757868834041265
1986-11-15,15.954319217921922
1986-11-16,12.592546204457413
1986-11-17,5.5813651094968275
1986-11-18,1.4642552275311305
1986-11-19,8.536165392278017
1986-11-20,15.04033546834379
1986-11-21,14.209590079615252
1986-11-22,19.66736129610926
1986-11-23,5.931697476554564
1986-11-24,3.3315073421879404
1986-11-25,0.0
1986-11-26,0.0
1986-11-27,19.705367460444176
1986-11-28,0.0
1986-11-29,0.0
1986-11-30,0.0
1986-12-01,0.0
1986-12-02,0.0
1986-12-03,0.0
1986-12-04,0.0
1986-12-05,13.152639978238057
1986-12-06,23.44181874555511
1986-12-07,16.84085253243511
1986-12-08,0.0
1986-12-09,4.2771919071674365
1986-12-10,3.873289980195665
1986-12-11,0.12444639165659213
1986-12-12,0.0
1986-12-13,0.0
1986-12-14,0.0
1986-12-15,0.0
1986-12-16,0.0
1986-12-17,0.0
1986-12-18,0.0
1986-12-19,0.0
1986-12-20,0.0
1986-12-21,0.0
1986-12-22,0.0
1986-12-23,3.3725549188014634
1986-12-24,0.8356685666619122
1986-12-25,0.0
1986-12-26,0.0
1986-12-27,0.0
1986-12-28,0.0
1986-12-29,0.0
1986-12-30,0.0
1986-12-31,0.0
1987-01-01,10.911675418550905
1987-01-02,0.2714892869462839
1987-01-03,0.0
1987-01-04,0.0
1987-01-05,0.0
1987-01-06,0.2802762127405889
1987-01-07,0.0
1987-01-08,0.7469440050221781
1987-01-09,0.0
1987-01-10,0.0
1987-01-11,5.806609570980075
1987-01-12,0.0
1987-01-13,0.23305760142770976
1987-01-14,0.0
1987-01-15,0.0
1987-01-16,0.0
1987-01-17,0.0
1987-01-18,0.5843082452948031
1987-01-19,0.484239132823171
1987-01-20,4.785374531069319
1987-01-21,0.23056782782077795
1987-01-22,0.0
1987-01-23,11.261128267726386
1987-01-24,0.0
1987-01-25,0.49650574455390123
1987-01-26,0.0
1987-01-27,0.0
1987-01-28,0.0
1987-01-29,1.232370053594177
1987-01-30,0.35375061067374985
1987-01-31,0.0
1987-02-01,0.0
1987-02-02,0.0
1987-02-03,0.0
1987-02-04,0.0
1987-02-05,0.1668529494388684
1987-02-06,1.3814422961425141
1987-02-07,4.815668220858317
1987-02-08,0.0664989070312397
1987-02-09,0.4026518641291439
1987-02-10,0.0
1987-02-11,0.0
1987-02-12,0.0
1987-02-13,0.0
1987-02-14,0.0
1987-02-15,0.0
1987-02-16,0.17147163583620179
1987-02-17,0.0
1987-02-18,0.4770588116669979
1987-02-19,0.0
1987-02-20,0.0
1987-02-21,4.447637545196594
1987-02-22,0.0
1987-02-23,0.0
1987-02-24,0.0
1987-02-25,0.0
1987-02-26,0.0
1987-02-27,0.0
1987-02-28,0.0
1987-03-01,0.0
1987-03-02,3.1840230661972964
1987-03-03,0.0
1987-03-04,3.3071281619974098
1987-03-05,0.41769953570454516
1987-03-06,0.0
1987-03-07,7.9148966426382215
1987-03-08,8.078832590298076
1987-03-09,12.24921100042962
1987-03-10,0.0
1987-03-11,0.0
1987-03-12,0.0
1987-03-13,0.0
1987-03-14,3.9598436809673516
1987-03-15,0.0
1987-03-16,0.0
1987-03-17,0.0
1987-03-18,0.0
1987-03-19,1.6472123916437098
1987-03-20,0.0
1987-03-21,0.04069401202975094
1987-03-22,6.445408999919893
1987-03-23,3.2743496874699733
1987-03-24,10.018458336994454
1987-03-25,9.902892934712208
1987-03-26,5.079122680465919
1987-03-27,5.088245799311917
1987-03-28,0.0
1987-03-29,0.0
1987-03-30,3.8531879053728018
1987-03-31,6.666194735145249
1987-04-01,0.0
1987-04-02,1.359443339594716
1987-04-03,6.757356854306688
1987-04-04,1.7672666921406182
1987-04-05,4.782259077941245
1987-04-06,2.7255722549114685
1987-04-07,10.9529872562837
1987-04-08,10.218204961435221
1987-04-09,0.04070179838989233
1987-04-10,4.542764888321226
1987-04-11,0.10007663353069411
1987-04-12,1.7453971700994557
1987-04-13,4.391116367804039
1987-04-14,0.0
1987-04-15,0.0
1987-04-16,0.0
1987-04-17,0.0
1987-04-18,0.0
1987-04-19,0.0
1987-04-20,9.93357307363201
1987-04-21,10.0050563884748
1987-04-22,4.665045546720158
1987-04-23,4.211727696294722
1987-04-24,15.014600767879873
1987-04-25,11.387196105879712
1987-04-26,0.10313214885221948
1987-04-27,6.845902288684977
1987-04-28,5.1251068900565855
1987-04-29,0.0
1987-04-30,8.651124545851271
1987-05-01,17.4573072299764
1987-05-02,18.593329642672803
1987-05-03,46.135355552306045
1987-05-04,12.801540948249205
1987-05-05,21.776422755541034
1987-05-06,17.51650984464466
1987-05-07,1.4221275291732844
1987-05-08,0.0
1987-05-09,0.0
1987-05-10,9.448101146599736
1987-05-11,3.6373726695373265
1987-05-12,0.056928519260238966
1987-05-13,3.6373726695373265
1987-05-14,5.165189039666913
1987-05-15,17.05311567074544
1987-05-16,45.668999934518666
1987-05-17,0.0
1987-05-18,0.0
1987-05-19,0.659104416499267
1987-05-20,31.715279347187767
1987-05-21,73.91224926065756
1987-05-22,41.84141130785686
1987-05-23,3.2579236106091267
1987-05-24,0.0
1987-05-25,7.777449480383784
1987-05-26,15.248373588194726
1987-05-27,5.966052798705328
1987-05-28,4.3420486815676504
1987-05-29,9.403894815493278
1987-05-30,12.62200507360536
1987-05-31,10.002757335232724
1987-06-01,16.380599711392385
1987-06-02,19.934973040142577
1987-06-03,35.83467505107056
1987-06-04,11.755983796876833
1987-06-05,22.71242531046675
1987-06-06,21.597395500621285
1987-06-07,10.759884984912103
1987-06-08,8.349329638521416
1987-06-09,9.21673897553135
1987-06-10,9.859112594175988
1987-06-11,8.956006085349097
1987-06-12,8.656622518961496
1987-06-13,21.19745582019961
1987-06-14,38.98387130370013
1987-06-15,13.28355549376559
1987-06-16,9.611876286968998
1987-06-17,0.22886652902171423
1987-06-18,10.79064186440932
1987-06-19,20.74939538014902
1987-06-20,23.451648133832062
1987-06-21,19.1502255817523
1987-06-22,12.653472726409502
1987-06-23,7.869478604479421
1987-06-24,44.92817722462321
1987-06-25,0.0
1987-06-26,4.681237746130777
1987-06-27,8.114428220367111
1987-06-28,3.8647459576258805
1987-06-29,6.902291269721215
1987-06-30,25.341844535357254
1987-07-01,6.069489442013408
1987-07-02,6.4761824505151955
1987-07-03,9.91994675691869
1987-07-04,12.003177011737955
1987-07-05,8.360618907253484
1987-07-06,9.706482419693796
1987-07-07,19.582731012557012
1987-07-08,18.535581780849277
1987-07-09,15.76706454238376
1987-07-10,13.258258953287799
1987-07-11,11.408940908876628
1987-07-12,2.3226897563483275
1987-07-13,3.6681927915763226
1987-07-14,8.706952353587024
1987-07-15,12.569514537582531
1987-07-16,31.914577053205395
1987-07-17,14.927598447815795
1987-07-18,32.15993313451072
1987-07-19,24.62947164395372
1987-07-20,3.9434674573508484
1987-07-21,59.57808068314115
1987-07-22,5.5529172468829815
1987-07-23,2.3735015396330814
1987-07-24,26.61103469777753
1987-07-25,0.21815911338136007
1987-07-26,12.357249771823758
1987-07-27,41.56269088629131
1987-07-28,16.70160219596851
1987-07-29,13.653731881766706
1987-07-30,6.9789085879519215
1987-07-31,41.333303869576085
1987-08-01,35.98239334370639
1987-08-02,32.37358722493456
1987-08-03,16.046097263693813
1987-08-04,0.0
1987-08-05,8.204554663517992
1987-08-06,27.922356063449715
1987-08-07,16.8775144283836
1987-08-08,5.904540396219978
1987-08-09,30.560974559268438
1987-08-10,14.167732836426918
1987-08-11,17.771254123465443
1987-08-12,13.619321347491168
1987-08-13,21.52322518744985
1987-08-14,8.885627061732722
1987-08-15,0.0
1987-08-16,9.921593020493921
1987-08-17,17.684552569244367
1987-08-18,0.26245163985200837
1987-08-19,17.28708595923476
1987-08-20,13.922501554360265
1987-08-21,6.715971108626676
1987-08-22,19.750888265870717
1987-08-23,0.0
1987-08-24,10.301268537503645
1987-08-25,6.852586361000669
1987-08-26,17.9975080155843
1987-08-27,23.288187872719124
1987-08-28,12.754815915951866
1987-08-29,15.959013019461898
1987-08-30,14.70981404145022
1987-08-31,22.201537787511555
1987-09-01,30.23887938422127
1987-09-02,23.967548353043767
1987-09-03,42.480393898648195
1987-09-04,4.983744105374493
1987-09-05,29.421874304880973
1987-09-06,6.118872251865028
1987-09-07,6.969628402107473
1987-09-08,12.5721763221396
1987-09-09,5.132196798316532
1987-09-10,2.603263657238033
1987-09-11,3.614834732300528
1987-09-12,1.8283309658636928
1987-09-13,16.382663915286194
1987-09-14,39.12480379117503
1987-09-15,18.476295801433363
1987-09-16,3.4485310839640135
1987-09-17,0.0
1987-09-18,16.15726101237375
1987-09-19,24.785335876651715
1987-09-20,65.10707550757643
1987-09-21,6.2935433828750185
1987-09-22,0.16748421659340734
1987-09-23,12.587086765750037
1987-09-24,6.498468704924392
1987-09-25,13.63882796587171
1987-09-26,0.0
1987-09-27,0.0
1987-09-28,16.780563104595682
1987-09-29,6.7842079461426374
1987-09-30,26.96042695560971
1987-10-01,36.91447287556289
1987-10-02,20.573854463728708
1987-10-03,10.635266848915336
1987-10-04,16.778550923072007
1987-10-05,9.762622688066319
1987-10-06,10.957046912731354
1987-10-07,64.38943140087903
1987-10-08,20.651817119604836
1987-10-09,13.940103995236196
1987-10-10,9.716086018528491
1987-10-11,10.84551292496759
1987-10-12,20.432519289287367
1987-10-13,15.932640612125399
1987-10-14,14.753607779338555
1987-10-15,7.160693293689074
1987-10-16,5.853941707796342
1987-10-17,41.525376173290056
1987-10-18,12.112170575841052
1987-10-19,14.013266251699353
1987-10-20,17.79044297377806
1987-10-21,6.634223382315927
1987-10-22,7.511610386540764
1987-10-23,9.055447317055759
1987-10-24,5.530613809622625
1987-10-25,2.8084443025794394
1987-10-26,10.370654638554603
1987-10-27,55.62831526028145
1987-10-28,29.362509543428555
1987-10-29,36.81826572804838
1987-10-30,53.859030810562345
1987-10-31,0.0
1987-11-01,7.511510953508521
1987-11-02,6.534710910473322
1987-11-03,4.854114725783067
1987-11-04,3.5318892489413964
1987-11-05,0.4820995220058675
1987-11-06,0.0
1987-11-07,0.0
1987-11-08,16.21518544933281
1987-11-09,0.0
1987-11-10,0.0
1987-11-11,9.737726021054632
1987-11-12,0.0
1987-11-13,0.0
1987-11-14,0.0
1987-11-15,0.0
1987-11-16,0.0
1987-11-17,0.0
1987-11-18,0.0
1987-11-19,2.2937629675945725
1987-11-20,7.201531750728957
1987-11-21,25.130088420333102
1987-11-22,14.4833507988904
1987-11-23,0.0
1987-11-24,8.0196390198292
1987-11-25,18.97229051952427
1987-11-26,25.31590687463413
1987-11-27,7.35358170117881
1987-11-28,0.0
1987-11-29,13.253135080675825
1987-11-30,41.93590064306518
1987-12-01,0.0
1987-12-02,1.3641749020363836
1987-12-03,0.0
1987-12-04,4.164004918691275
1987-12-05,29.082964604770826
1987-12-06,0.0
1987-12-07,16.19216473199226
1987-12-08,19.55810059244569
1987-12-09,25.218285940788892
1987-12-10,12.159176321448513
1987-12-11,0.0
1987-12-12,10.480032998967818
1987-12-13,0.0
1987-12-14,6.798997221766294
1987-12-15,2.3916868068076482
1987-12-16,0.0
1987-12-17,0.0
1987-12-18,0.0
1987-12-19,0.0
1987-12-20,0.0
1987-12-21,0.2921346144096272
1987-12-22,5.483984627836461
1987-12-23,0.0
1987-12-24,0.0
1987-12-25,0.0
1987-12-26,0.0
1987-12-27,0.0
1987-12-28,0.0
1987-12-29,0.0
1987-12-30,7.6964007515359585
1987-12-31,0.0
1988-01-01,0.0
1988-01-02,0.0
1988-01-03,2.961461463288681
1988-01-04,0.0
1988-01-05,0.0
1988-01-06,13.914363871555079
1988-01-07,1.5987329988463508
1988-01-08,0.0
1988-01-09,0.0
1988-01-10,0.0
1988-01-11,0.0
1988-01-12,0.0
1988-01-13,0.5494613341383033
1988-01-14,0.0
1988-01-15,0.0
1988-01-16,0.0
1988-01-17,1.625231116204649
1988-01-18,0.0
1988-01-19,0.0
1988-01-20,0.0
1988-01-21,4.490761593185568
1988-01-22,0.0
1988-01-23,0.0
1988-01-24,0.7457746847255812
1988-01-25,0.0
1988-01-26,0.0
1988-01-27,0.0
1988-01-28,0.0
1988-01-29,0.0
1988-01-30,0.0
1988-01-31,0.0
1988-02-01,0.0
1988-02-02,0.0
1988-02-03,12.222565203502377
1988-02-04,0.0
1988-02-05,0.0
1988-02-06,0.0
1988-02-07,0.0
1988-02-08,0.0
1988-02-09,0.0
1988-02-10,0.0
1988-02-11,0.0
1988-02-12,7.917962665493427
1988-02-13,0.0
1988-02-14,0.0
1988-02-15,0.0
1988-02-16,0.08062507504144233
1988-02-17,0.08062508359954165
1988-02-18,0.0
1988-02-19,2.9339763910786543
1988-02-20,0.0
1988-02-21,0.0
1988-02-22,0.0
1988-02-23,2.2787105859936903
1988-02-24,0.0
1988-02-25,0.0
1988-02-26,0.0
1988-02-27,0.0
1988-02-28,2.4416524184918087
1988-02-29,0.0
1988-03-01,0.0
1988-03-02,0.0
1988-03-03,0.0
1988-03-04,0.0
1988-03-05,7.297620841176125
1988-03-06,0.6351396844193743
1988-03-07,0.0
1988-03-08,0.0
1988-03-09,1.9130746375870065
1988-03-10,38.3445341683723
1988-03-11,16.550504417636915
1988-03-12,0.5028183919352456
1988-03-13,14.159259676731928
1988-03-14,6.210158273980426
1988-03-15,6.83068118788101
1988-03-16,5.869036645099926
1988-03-17,0.0
1988-03-18,0.0
1988-03-19,0.0
1988-03-20,0.0
1988-03-21,0.0
1988-03-22,0.0
1988-03-23,0.0
1988-03-24,0.0
1988-03-25,0.0
1988-03-26,0.0
1988-03-27,0.0
1988-03-28,0.0
1988-03-29,0.0
1988-03-30,0.0
1988-03-31,0.0
1988-04-01,0.0
1988-04-02,0.0
1988-04-03,0.0
1988-04-04,8.480243826133982
1988-04-05,0.0
1988-04-06,16.40182912631615
1988-04-07,0.40185630724236787
1988-04-08,0.0
1988-04-09,0.0
1988-04-10,6.5556823814640195
1988-04-11,0.0
1988-04-12,0.0
1988-04-13,12.920742175063573
1988-04-14,4.464807763695719
1988-04-15,32.6911715744315
1988-04-16,0.0
1988-04-17,0.0
1988-04-18,0.0
1988-04-19,5.809683322906496
1988-04-20,1.6294293532500401
1988-04-21,0.0
1988-04-22,10.495665517811844
1988-04-23,0.0
1988-04-24,0.252559781074524
1988-04-25,0.252559781074524
1988-04-26,0.0
1988-04-27,0.0
1988-04-28,0.0
1988-04-29,0.49121580157126943
1988-04-30,0.49121580157126943
1988-05-01,21.195914086457854
1988-05-02,0.0
1988-05-03,5.344555207200955
1988-05-04,13.802380211449961
1988-05-05,9.8608639099308
1988-05-06,5.751628625634556
1988-05-07,10.129587776757578
1988-05-08,0.0
1988-05-09,0.06701338492535257
1988-05-10,0.0
1988-05-11,5.804718875804464
1988-05-12,11.746593787057982
1988-05-13,50.93526947176135
1988-05-14,11.877003772838696
1988-05-15,6.145733660942801
1988-05-16,25.483049736635113
1988-05-17,1.6152539905664087
1988-05-18,10.600021146841954
1988-05-19,38.19897056511932
1988-05-20,15.971286578355615
1988-05-21,18.831034063487447
1988-05-22,0.6842202334790618
1988-05-23,0.0
1988-05-24,6.02196025083194
1988-05-25,17.397784054682063
1988-05-26,21.168483776417943
1988-05-27,2.022704812320504
1988-05-28,15.287733812187179
1988-05-29,0.8035465736646913
1988-05-30,0.5637657288965343
1988-05-31,8.314432424870699
1988-06-01,0.053313307262755745
1988-06-02,9.152484413941167
1988-06-03,5.234653466859382
1988-06-04,28.97150063756351
1988-06-05,20.410176753997806
1988-06-06,16.205791998553924
1988-06-07,9.465772689395662
1988-06-08,10.783673854091687
1988-06-09,23.792878318074596
1988-06-10,14.997719718797793
1988-06-11,19.778446862826485
1988-06-12,10.373176935758146
1988-06-13,10.846506667902345
1988-06-14,9.133306350458314
1988-06-15,3.7878367822315253
1988-06-16,0.0
1988-06-17,50.693983279369995
1988-06-18,27.95014738956014
1988-06-19,23.849410055456946
1988-06-20,4.9888771852931475
1988-06-21,0.0
1988-06-22,0.8294463866465803
1988-06-23,29.232063273320332
1988-06-24,46.12028720008361
1988-06-25,0.0
1988-06-26,13.102701990588296
1988-06-27,18.46238305882828
1988-06-28,17.221585608011974
1988-06-29,26.592438962813976
1988-06-30,17.15359828560739
1988-07-01,12.781222853306181
1988-07-02,14.21022190032779
1988-07-03,23.737567958396845
1988-07-04,61.5623528586852
1988-07-05,37.62195844102551
1988-07-06,11.997897016438278
1988-07-07,12.492938799632565
1988-07-08,0.0
1988-07-09,0.0
1988-07-10,23.428943017044592
1988-07-11,11.591835095270264
1988-07-12,11.197558152917274
1988-07-13,0.0
1988-07-14,1.9441465727380811
1988-07-15,11.986112037623256
1988-07-16,5.0260929020272735
1988-07-17,10.052185804054547
1988-07-18,8.025451704658368
1988-07-19,5.0260929020272735
1988-07-20,2.0890528340194683
1988-07-21,13.881504338738086
1988-07-22,24.557153626068228
1988-07-23,22.054333989281922
1988-07-24,11.18028058192215
1988-07-25,24.858751223699475
1988-07-26,15.633853184210293
1988-07-27,5.400883912234694
1988-07-28,0.0
1988-07-29,20.77448802582317
1988-07-30,6.551825267237587
1988-07-31,18.114645335521256
1988-08-01,31.916440219089804
1988-08-02,9.851897420512666
1988-08-03,48.53850459488664
1988-08-04,6.795014227967006
1988-08-05,0.28181434402594707
1988-08-06,45.53341412544251
1988-08-07,37.461954693536505
1988-08-08,27.06234853734842
1988-08-09,29.232339788127597
1988-08-10,26.042885082799046
1988-08-11,24.301835354920996
1988-08-12,13.774336647342995
1988-08-13,24.301835354920996
1988-08-14,34.773501531497864
1988-08-15,23.975667658689872
1988-08-16,25.472807988927176
1988-08-17,14.41974732601965
1988-08-18,39.86827022320517
1988-08-19,18.119110233074913
1988-08-20,13.448568425065764
1988-08-21,28.076028116651493
1988-08-22,14.038014058325746
1988-08-23,36.04581981977903
1988-08-24,9.395264952569399
1988-08-25,22.57081820272111
1988-08-26,25.697242773062484
1988-08-27,19.718334835928843
1988-08-28,20.245590880110463
1988-08-29,24.647367948615884
1988-08-30,44.76892826122208
1988-08-31,0.5270028275412483
1988-09-01,9.715379767522624
1988-09-02,2.921696622025323
1988-09-03,33.48933175689466
1988-09-04,8.805534745591723
1988-09-05,22.86051700123259
1988-09-06,29.799971907525457
1988-09-07,19.996914100808073
1988-09-08,43.14536304328893
1988-09-09,21.737492381720937
1988-09-10,6.6150483013810355
1988-09-11,0.0
1988-09-12,0.0
1988-09-13,88.02927315557328
1988-09-14,0.0
1988-09-15,38.69301770426133
1988-09-16,0.0
1988-09-17,0.0
1988-09-18,0.0
1988-09-19,46.10661957231729
1988-09-20,0.0
1988-09-21,0.0
1988-09-22,37.781145168317344
1988-09-23,40.136829796675094
1988-09-24,0.0
1988-09-25,0.0
1988-09-26,8.78516590111965
1988-09-27,14.324949104640941
1988-09-28,23.269989897673202
1988-09-29,6.9917137655052
1988-09-30,9.782020223201128
1988-10-01,10.377433952044798
1988-10-02,35.85248732325195
1988-10-03,14.14045427417433
1988-10-04,7.391914341498067
1988-10-05,7.100984412270625
1988-10-06,19.713531785720114
1988-10-07,18.78057108054291
1988-10-08,0.23049370823679752
1988-10-09,35.982713390041056
1988-10-10,15.073397168436573
1988-10-11,62.57871840934497
1988-10-12,38.0858367770105
1988-10-13,58.20150134692323
1988-10-14,31.71776102281906
1988-10-15,6.83231369546942
1988-10-16,3.9149852491713872
1988-10-17,3.6820413293065264
1988-10-18,45.06640339542081
1988-10-19,90.35104856619965
1988-10-20,0.0
1988-10-21,53.6758282208765
1988-10-22,47.93230801176381
1988-10-23,5.415495589778232
1988-10-24,7.362877331875469
1988-10-25,65.1230431424605
1988-10-26,19.949712978021523
1988-10-27,2.3292651796663137
1988-10-28,12.892323208016322
1988-10-29,3.9557070877100986
1988-10-30,20.541286218810725
1988-10-31,18.627093326401067
1988-11-01,12.83814840945038
1988-11-02,24.969351804336995
1988-11-03,24.937159211651707
1988-11-04,21.923763552227538
1988-11-05,24.004852350096453
1988-11-06,10.419223347829808
1988-11-07,2.3471704944464817
1988-11-08,4.683326855100491
1988-11-09,8.14562729383643
1988-11-10,9.002416856788303
1988-11-11,9.470878808079542
1988-11-12,0.32756022907592164
1988-11-13,16.804185918054074
1988-11-14,28.04126959153125
1988-11-15,3.2743187031230425
1988-11-16,49.2664419090426
1988-11-17,13.160455062582688
1988-11-18,1.1460750594332414
1988-11-19,0.0
1988-11-20,0.0
1988-11-21,10.720847346492718
1988-11-22,25.855422269653637
1988-11-23,0.0
1988-11-24,0.0
1988-11-25,3.5963302399661106
1988-11-26,0.0
1988-11-27,0.0
1988-11-28,12.870102299629037
1988-11-29,14.381280237355753
1988-11-30,33.773023283159425
1988-12-01,7.4102718884477765
1988-12-02,14.849475509814317
1988-12-03,9.958824359685993
1988-12-04,0.0
1988-12-05,0.0
1988-12-06,0.0
1988-12-07,0.0
1988-12-08,0.0
1988-12-09,20.94945544487722
1988-12-10,0.7091532154260457
1988-12-11,0.0
1988-12-12,7.835096907676073
1988-12-13,0.0
1988-12-14,0.0
1988-12-15,0.0
1988-12-16,0.0
1988-12-17,10.789792610584081
1988-12-18,0.0
1988-12-19,0.0
1988-12-20,0.0
1988-12-21,0.0
1988-12-22,0.0
1988-12-23,0.0
1988-12-24,0.0
1988-12-25,0.0
1988-12-26,0.0
1988-12-27,0.0
1988-12-28,0.0
1988-12-29,2.8599201656273907
1988-12-30,7.325960753535904
1988-12-31,2.209412552013591
1989-01-01,1.5289581633500156
1989-01-02,0.0
1989-01-03,8.262464306644494
1989-01-04,0.1801429245923017
1989-01-05,0.0
1989-01-06,0.0
1989-01-07,0.0
1989-01-08,0.0
1989-01-09,0.0
1989-01-10,0.0
1989-01-11,0.0
1989-01-12,0.0
1989-01-13,0.0
1989-01-14,0.0
1989-01-15,0.0
1989-01-16,0.1148534743367015
1989-01-17,0.0
1989-01-18,0.0
1989-01-19,0.0
1989-01-20,7.414828139583809
1989-01-21,0.0
1989-01-22,4.02373177195723
1989-01-23,0.0
1989-01-24,0.7463829139801298
1989-01-25,0.0
1989-01-26,0.0
1989-01-27,0.0
1989-01-28,0.0
1989-01-29,0.45358813090904354
1989-01-30,0.0
1989-01-31,0.0
1989-02-01,1.482397722231376
1989-02-02,0.0
1989-02-03,0.0
1989-02-04,0.0
1989-02-05,0.0
1989-02-06,0.0
1989-02-07,0.0
1989-02-08,7.297702139092461
1989-02-09,6.550555419881604
1989-02-10,0.0
1989-02-11,0.08786705045683967
1989-02-12,0.08786705045683967
1989-02-13,0.08786705045683967
1989-02-14,0.5052837925786909
1989-02-15,0.08786705045683967
1989-02-16,0.0
1989-02-17,0.0
1989-02-18,0.0
1989-02-19,0.0
1989-02-20,0.0
1989-02-21,0.0
1989-02-22,0.0
1989-02-23,0.0
1989-02-24,0.0
1989-02-25,0.0
1989-02-26,0.0
1989-02-27,4.092003568201453
1989-02-28,0.0
1989-03-01,0.0
1989-03-02,1.6200041674530594
1989-03-03,1.1795557991828065
1989-03-04,0.0
1989-03-05,0.0
1989-03-06,0.0
1989-03-07,18.15742632021776
1989-03-08,0.0
1989-03-09,0.2654273969096107
1989-03-10,0.515298599729667
1989-03-11,0.17790784002155877
1989-03-12,0.0
1989-03-13,0.0
1989-03-14,3.527315981384066
1989-03-15,0.0
1989-03-16,0.0
1989-03-17,0.7647630719316975
1989-03-18,0.0
1989-03-19,0.0
1989-03-20,0.0
1989-03-21,0.0
1989-03-22,0.0
1989-03-23,0.0
1989-03-24,0.0
1989-03-25,4.437002624007497
1989-03-26,14.817205334837373
1989-03-27,0.8601961401668758
1989-03-28,0.0
1989-03-29,0.0928997258479531
1989-03-30,1.3764272913135391
1989-03-31,0.47991382431339585
1989-04-01,0.7594360815914902
1989-04-02,0.0
1989-04-03,0.0
1989-04-04,0.0
1989-04-05,0.035077744994211846
1989-04-06,0.0
1989-04-07,0.20718136651290436
1989-04-08,0.0
1989-04-09,5.548377426794253
1989-04-10,2.514134551121577
1989-04-11,3.546343067509903
1989-04-12,0.0
1989-04-13,0.0
1989-04-14,0.16726442285486173
1989-04-15,0.0
1989-04-16,3.8055043564857676
1989-04-17,0.7559927811695115
1989-04-18,0.0
1989-04-19,0.02339628902641503
1989-04-20,0.0
1989-04-21,0.0
1989-04-22,0.0
1989-04-23,0.0
1989-04-24,2.9853099552360747
1989-04-25,3.9409917349348205
1989-04-26,10.327698142141914
1989-04-27,0.0
1989-04-28,0.0
1989-04-29,0.271938223693822
1989-04-30,0.0
1989-05-01,19.334890910097076
1989-05-02,32.111612345721284
1989-05-03,0.35504935359632656
1989-05-04,0.25985497880626374
1989-05-05,0.0
1989-05-06,0.0
1989-05-07,0.0
1989-05-08,0.0
1989-05-09,0.0
1989-05-10,21.57622024336377
1989-05-11,12.366992738399958
1989-05-12,29.51337489405195
1989-05-13,29.26589653137569
1989-05-14,20.280649387755915
1989-05-15,8.97043415581858
1989-05-16,11.670407366108254
1989-05-17,7.295526701050836
1989-05-18,3.3604383076969038
1989-05-19,2.923652564049574
1989-05-20,4.142712915668617
1989-05-21,2.9900288712736733
1989-05-22,9.455052810343538
1989-05-23,13.883348034040353
1989-05-24,18.1675428808541
1989-05-25,16.660407189179118
1989-05-26,38.9704910798653
1989-05-27,16.669877498939236
1989-05-28,5.663729870641556
1989-05-29,0.0
1989-05-30,0.0
1989-05-31,0.0
1989-06-01,0.0
1989-06-02,5.37209782930645
1989-06-03,7.017473046239973
1989-06-04,37.25525431939075
1989-06-05,11.08356910198927
1989-06-06,15.536809100492585
1989-06-07,15.13858555861422
1989-06-08,18.890706233076152
1989-06-09,11.826098349046067
1989-06-10,9.369028064648852
1989-06-11,6.735612570736056
1989-06-12,13.912542247087572
1989-06-13,16.7542801571859
1989-06-14,13.019594992334781
1989-06-15,6.505634754896165
1989-06-16,49.99939980297478
1989-06-17,15.930172192083829
1989-06-18,16.515065142029044
1989-06-19,6.260348100919982
1989-06-20,11.287904049899128
1989-06-21,49.280826156203815
1989-06-22,15.099635933299323
1989-06-23,17.420263726969033
1989-06-24,21.582146518939254
1989-06-25,19.47266563450968
1989-06-26,18.24456576801636
1989-06-27,24.276964836023954
1989-06-28,15.118936038097823
1989-06-29,17.776511236622536
1989-06-30,21.54585505015142
1989-07-01,14.803915993990127
1989-07-02,20.348941332987845
1989-07-03,23.1427455641128
1989-07-04,11.342610295157177
1989-07-05,12.605142316302741
1989-07-06,13.231856782694123
1989-07-07,15.855575546622285
1989-07-08,8.656465813718942
1989-07-09,15.430302854728058
1989-07-10,17.45367404013067
1989-07-11,0.0
1989-07-12,10.019315048548822
1989-07-13,0.0
1989-07-14,0.2679647634158264
1989-07-15,0.0
1989-07-16,7.600814059175352
1989-07-17,27.854036557513318
1989-07-18,31.972043287915163
1989-07-19,28.116636423645797
1989-07-20,19.95367941300612
1989-07-21,27.542845999469634
1989-07-22,16.391158806713854
1989-07-23,21.686998954093138
1989-07-24,14.19964891148581
1989-07-25,4.987840683274979
1989-07-26,26.120598089856077
1989-07-27,18.024360236686636
1989-07-28,8.848646807912235
1989-07-29,5.059158419837824
1989-07-30,7.876589680241575
1989-07-31,8.843549240883947
1989-08-01,6.796904862531135
1989-08-02,9.497227982492062
1989-08-03,29.513968013831096
1989-08-04,15.953997770274011
1989-08-05,10.190552117454041
1989-08-06,8.728653106536418
1989-08-07,13.882683425336277
1989-08-08,11.848086090305372
1989-08-09,10.173563820284768
1989-08-10,9.141295677302658
1989-08-11,10.391846731506496
1989-08-12,25.533626369930605
1989-08-13,11.649734414711194
1989-08-14,17.036145772482904
1989-08-15,7.115500323675778
1989-08-16,24.096670842251275
1989-08-17,25.97386854000995
1989-08-18,12.813847824528418
1989-08-19,7.616881234420313
1989-08-20,26.94380747144287
1989-08-21,13.004062752063213
1989-08-22,9.670718528733063
1989-08-23,0.0
1989-08-24,12.602834106901213
1989-08-25,17.11288049293531
1989-08-26,17.81595484711029
1989-08-27,8.329254180192951
1989-08-28,9.58765175636556
1989-08-29,13.998820891654175
1989-08-30,20.188504787715708
1989-08-31,30.57972066386327
1989-09-01,6.905086882613803
1989-09-02,5.265969074658447
1989-09-03,10.24492438097258
1989-09-04,32.45823861376661
1989-09-05,50.13507387686422
1989-09-06,13.422655579608845
1989-09-07,62.38679683208468
1989-09-08,25.569894047202304
1989-09-09,20.945109963819796
1989-09-10,17.457382947206508
1989-09-11,18.5314993628779
1989-09-12,15.248548061461065
1989-09-13,14.876110440975916
1989-09-14,15.356057586299409
1989-09-15,40.210620827771535
1989-09-16,17.90971785260214
1989-09-17,26.510722683088215
1989-09-18,20.963907410969608
1989-09-19,0.5174644835091927
1989-09-20,15.182358881508986
1989-09-21,22.005315416165313
1989-09-22,26.76389743830707
1989-09-23,33.34111140305933
1989-09-24,20.00635865652884
1989-09-25,16.221568517991017
1989-09-26,13.299643686091581
1989-09-27,27.295105705390117
1989-09-28,14.458277202538545
1989-09-29,29.705345216635124
1989-09-30,18.13880793508646
1989-10-01,13.605398319057523
1989-10-02,9.102916205251539
1989-10-03,0.6074510196576248
1989-10-04,10.067465651679688
1989-10-05,25.6842332635377
1989-10-06,21.701342674526018
1989-10-07,16.456633855362202
1989-10-08,17.311842072654425
1989-10-09,23.630056626087914
1989-10-10,16.500322062421496
1989-10-11,19.513284573683876
1989-10-12,39.70418192486506
1989-10-13,22.281182442162486
1989-10-14,17.12457103946725
1989-10-15,15.510022353481604
1989-10-16,20.40463389093812
1989-10-17,17.915642491869033
1989-10-18,8.072053735723369
1989-10-19,1.577913268393762
1989-10-20,9.56425263068161
1989-10-21,30.347238070256015
1989-10-22,22.026629621918143
1989-10-23,0.36677557411226075
1989-10-24,5.155361761917941
1989-10-25,4.743953860994128
1989-10-26,0.22057491178448138
1989-10-27,0.7179296590589191
1989-10-28,12.10754391349651
1989-10-29,12.117209073256806
1989-10-30,19.544248802839107
1989-10-31,20.25927753021589
1989-11-01,6.4137859968720266
1989-11-02,44.9723160025236
1989-11-03,20.72109546774143
1989-11-04,5.9831442110039115
1989-11-05,7.600061559999312
1989-11-06,6.458883727321755
1989-11-07,1.6685865132792579
1989-11-08,12.960387747835473
1989-11-09,13.31642840722123
1989-11-10,14.271495399442884
1989-11-11,21.12247999495752
1989-11-12,17.069241108926573
1989-11-13,20.591273936870937
1989-11-14,26.561747632316653
1989-11-15,21.597825081767272
1989-11-16,14.336471083196436
1989-11-17,5.591475649560625
1989-11-18,6.167049578315506
1989-11-19,0.14795711112988966
1989-11-20,0.15013293942084185
1989-11-21,0.1401544095495263
1989-11-22,3.1774656973980577
1989-11-23,12.58176608705843
1989-11-24,15.618985027880287
1989-11-25,14.651167580404797
1989-11-26,10.29679229432667
1989-11-27,18.58363939298167
1989-11-28,11.468123319583976
1989-11-29,6.401126693229419
1989-11-30,9.815965041115481
1989-12-01,16.7454647989692
1989-12-02,24.440296522266163
1989-12-03,41.47402412826951
1989-12-04,23.050628489739193
1989-12-05,15.202893108934978
1989-12-06,15.648600641134626
1989-12-07,22.43886176677975
1989-12-08,0.0
1989-12-09,0.0
1989-12-10,0.0
1989-12-11,0.0
1989-12-12,0.5992913246154787
1989-12-13,0.0
1989-12-14,0.0
1989-12-15,0.0
1989-12-16,0.0
1989-12-17,3.1550873836150055
1989-12-18,0.0
1989-12-19,0.0
1989-12-20,0.3429169469588512
1989-12-21,9.983349620792515
1989-12-22,0.0
1989-12-23,0.0
1989-12-24,0.0
1989-12-25,3.1397981208723955
1989-12-26,0.35433485499910417
1989-12-27,0.0
1989-12-28,0.11811160406953583
1989-12-29,0.0
1989-12-30,10.390230239243122
1989-12-31,0.0
1990-01-01,0.0
1990-01-02,0.25448458319580236
1990-01-03,0.0
1990-01-04,11.475997475756184
1990-01-05,9.984775502939486
1990-01-06,26.48664616894078
1990-01-07,0.26619837896243953
1990-01-08,0.0
1990-01-09,0.0
1990-01-10,0.0
1990-01-11,0.0
1990-01-12,0.3457415941599254
1990-01-13,11.643075603488331
1990-01-14,0.0
1990-01-15,0.0
1990-01-16,0.0
1990-01-17,0.0
1990-01-18,0.0
1990-01-19,0.0
1990-01-20,0.0
1990-01-21,0.0
1990-01-22,0.0
1990-01-23,0.0
1990-01-24,0.0
1990-01-25,0.0
1990-01-26,0.0
1990-01-27,0.0
1990-01-28,0.35400180800541037
1990-01-29,0.0
1990-01-30,0.0
1990-01-31,0.0
1990-02-01,0.0
1990-02-02,0.0
1990-02-03,1.0558536568203492
1990-02-04,0.0
1990-02-05,0.0
1990-02-06,0.0
1990-02-07,0.0
1990-02-08,0.0
1990-02-09,0.0
1990-02-10,1.6387291635210457
1990-02-11,0.0
1990-02-12,0.0
1990-02-13,0.0
1990-02-14,0.0
1990-02-15,0.0
1990-02-16,0.0
1990-02-17,0.0
1990-02-18,0.0
1990-02-19,0.0
1990-02-20,0.0
1990-02-21,0.0
1990-02-22,2.18716780680257
1990-02-23,31.04059164024689
1990-02-24,0.0
1990-02-25,0.0
1990-02-26,0.0
1990-02-27,0.0
1990-02-28,0.0
1990-03-01,0.0
1990-03-02,0.0
1990-03-03,0.0
1990-03-04,0.0
1990-03-05,0.0
1990-03-06,0.0
1990-03-07,0.0
1990-03-08,0.0
1990-03-09,0.0
1990-03-10,0.16401997893243228
1990-03-11,0.0
1990-03-12,0.0
1990-03-13,0.0
1990-03-14,10.554644724203127
1990-03-15,10.021554356491245
1990-03-16,17.86861209933823
1990-03-17,0.0
1990-03-18,0.0
1990-03-19,0.31658884439919455
1990-03-20,0.14933436605575925
1990-03-21,0.0
1990-03-22,1.8645874018201962
1990-03-23,2.6228887986492473
1990-03-24,0.0
1990-03-25,0.0
1990-03-26,0.4673110141947464
1990-03-27,0.0
1990-03-28,0.0
1990-03-29,0.0
1990-03-30,0.20152942655054304
1990-03-31,18.260723931161134
1990-04-01,0.4118982742767077
1990-04-02,0.22101858077017042
1990-04-03,1.118015182380741
1990-04-04,14.128505043484074
1990-04-05,0.0
1990-04-06,0.0
1990-04-07,7.957087349448657
1990-04-08,9.30865194265907
1990-04-09,0.04244019227052059
1990-04-10,0.0
1990-04-11,0.0
1990-04-12,0.0
1990-04-13,0.3210999554878957
1990-04-14,1.4206247464627837
1990-04-15,4.2482894903703325
1990-04-16,2.2464072214993283
1990-04-17,2.6287336915832125
1990-04-18,0.0
1990-04-19,0.0
1990-04-20,0.0
1990-04-21,0.18542385584599266
1990-04-22,0.6902910638097172
1990-04-23,11.237604231850524
1990-04-24,4.502285400757921
1990-04-25,3.0574491181083636
1990-04-26,3.139837161914723
1990-04-27,7.255846395283134
1990-04-28,13.847048969083547
1990-04-29,15.920702756860779
1990-04-30,27.87778859605661
1990-05-01,3.411082773091826
1990-05-02,0.0
1990-05-03,24.646033281007337
1990-05-04,32.694010712810474
1990-05-05,10.424379447626105
1990-05-06,2.288958396863294
1990-05-07,6.934598988777884
1990-05-08,15.629348065804793
1990-05-09,56.60304788641028
1990-05-10,32.32669655052391
1990-05-11,7.9343448891430315
1990-05-12,18.25128443176682
1990-05-13,12.36510357502345
1990-05-14,21.611283517769873
1990-05-15,15.820233349461821
1990-05-16,7.490033144886432
1990-05-17,9.115638411528359
1990-05-18,8.522608364957417
1990-05-19,7.634663039566702
1990-05-20,8.36181343366971
1990-05-21,16.20564476018017
1990-05-22,76.05099178166006
1990-05-23,12.607679676365215
1990-05-24,11.575979805878696
1990-05-25,14.10302662970247
1990-05-26,24.8882214386721
1990-05-27,25.27814370957582
1990-05-28,13.625486333627965
1990-05-29,21.17649089685969
1990-05-30,37.493487017782975
1990-05-31,40.1142356508487
1990-06-01,18.602840718385337
1990-06-02,2.0812691913263217
1990-06-03,3.6167419955537135
1990-06-04,5.525295157488941
1990-06-05,0.8226505046760716
1990-06-06,0.0
1990-06-07,5.63230825638449
1990-06-08,8.758363814370055
1990-06-09,26.240465682100613
1990-06-10,34.88157572295214
1990-06-11,25.77956668992301
1990-06-12,29.730609926017564
1990-06-13,21.840985155588875
1990-06-14,23.86293763808302
1990-06-15,16.08824231133268
1990-06-16,1.0681355160635875
1990-06-17,11.097226854514435
1990-06-18,0.0
1990-06-19,0.0
1990-06-20,0.9385326585254156
1990-06-21,8.111468575290735
1990-06-22,2.7927277579500878
1990-06-23,12.81862299708096
1990-06-24,3.5172275647118303
1990-06-25,2.4757087837804024
1990-06-26,9.881097662287791
1990-06-27,11.056409978786034
1990-06-28,13.293158903718
1990-06-29,13.301506344531038
1990-06-30,12.334056155101676
1990-07-01,21.93006476840458
1990-07-02,22.978368527180447
1990-07-03,15.707559854194926
1990-07-04,11.491822891944167
1990-07-05,21.67085417380205
1990-07-06,15.24335179457794
1990-07-07,10.807776402380021
1990-07-08,8.654009526847185
1990-07-09,23.527476556800515
1990-07-10,2.7874133586883554
1990-07-11,6.746854986089308
1990-07-12,6.631271338744744
1990-07-13,38.8513834782549
1990-07-14,7.840342397625384
1990-07-15,32.74941833760289
1990-07-16,34.87777030467988
1990-07-17,4.228796772960877
1990-07-18,14.086116905550698
1990-07-19,10.655316184904128
1990-07-20,7.9816909134388
1990-07-21,7.481049921061542
1990-07-22,13.059381510760337
1990-07-23,9.450328854088854
1990-07-24,16.791825144677556
1990-07-25,12.2496690524591
1990-07-26,5.926991789526233
1990-07-27,5.454549113137499
1990-07-28,6.2970031838159315
1990-07-29,5.920711224445621
1990-07-30,5.827591251883958
1990-07-31,10.155574473376214
1990-08-01,0.0
1990-08-02,12.539385361848652
1990-08-03,17.127156991008174
1990-08-04,15.29898866366696
1990-08-05,4.455778792903231
1990-08-06,4.874998788777237
1990-08-07,6.489291549232362
1990-08-08,10.68639826251043
1990-08-09,0.9330963818608107
1990-08-10,12.673821814962338
1990-08-11,7.671695452082804
1990-08-12,11.406122473848836
1990-08-13,14.598920056948794
1990-08-14,26.94119512229353
1990-08-15,0.15673431834659066
1990-08-16,2.2563031712496606
1990-08-17,4.561101943254473
1990-08-18,13.425528474756195
1990-08-19,18.85924225844242
1990-08-20,0.966388014522759
1990-08-21,28.738970152429633
1990-08-22,31.585489566261717
1990-08-23,28.00080864977194
1990-08-24,0.0
1990-08-25,7.994810942862488
1990-08-26,19.86145558671372
1990-08-27,17.87410097146357
1990-08-28,15.367264057736145
1990-08-29,0.35120235101596736
1990-08-30,23.511850096083982
1990-08-31,12.73476866310513
1990-09-01,0.22801619627185774
1990-09-02,6.758807396566547
1990-09-03,13.358491341004507
1990-09-04,11.244201713317153
1990-09-05,10.106884700422354
1990-09-06,15.004029505156186
1990-09-07,15.410021690903488
1990-09-08,5.633325171027637
1990-09-09,17.182406244245744
1990-09-10,12.007879243911928
1990-09-11,2.385243979811267
1990-09-12,11.773274437599897
1990-09-13,12.221532115259691
1990-09-14,14.466255849680387
1990-09-15,17.82149134616595
1990-09-16,10.7872144338247
1990-09-17,4.571913681320243
1990-09-18,16.54758961619558
1990-09-19,30.70476314425469
1990-09-20,38.78917869844954
1990-09-21,15.491901370721898
1990-09-22,17.17416366451496
1990-09-23,14.637627814669868
1990-09-24,18.57025859202888
1990-09-25,6.550512022867398
1990-09-26,15.233817509300005
1990-09-27,15.91972518812966
1990-09-28,15.921913471576335
1990-09-29,22.37760679705724
1990-09-30,10.37246026058455
1990-10-01,4.965246196936918
1990-10-02,12.198571617136132
1990-10-03,19.593649256068314
1990-10-04,17.734228395126966
1990-10-05,20.529290914535526
1990-10-06,23.526457998398197
1990-10-07,17.606552691073038
1990-10-08,33.56101233330934
1990-10-09,42.967033760773184
1990-10-10,44.63676325533843
1990-10-11,24.79040726495756
1990-10-12,41.390458135991494
1990-10-13,49.15183915157578
1990-10-14,33.86416024936213
1990-10-15,34.86017021295187
1990-10-16,33.70754364213429
1990-10-17,26.99840873479844
1990-10-18,13.49920436739922
1990-10-19,35.45593493210305
1990-10-20,25.552704032208474
1990-10-21,42.56220966899717
1990-10-22,23.44304284533939
1990-10-23,0.7223174982779736
1990-10-24,4.808564422501101
1990-10-25,23.44250358520328
1990-10-26,24.157213956117637
1990-10-27,65.33644221441168
1990-10-28,9.678042237823076
1990-10-29,0.0
1990-10-30,8.777255923361393
1990-10-31,0.26559438898756704
1990-11-01,12.589605798189709
1990-11-02,64.34502446329273
1990-11-03,3.275559696394045
1990-11-04,50.73557849349204
1990-11-05,64.24907980416275
1990-11-06,21.722956200709216
1990-11-07,0.0
1990-11-08,0.0
1990-11-09,31.68553217520586
1990-11-10,14.55007410210533
1990-11-11,21.520041332454298
1990-11-12,23.217917168462606
1990-11-13,33.468677525584766
1990-11-14,33.892249565672245
1990-11-15,19.448230194078917
1990-11-16,6.227040955041714
1990-11-17,15.1305914126538
1990-11-18,8.783967338502409
1990-11-19,0.5851247597083048
1990-11-20,1.2410858916873873
1990-11-21,4.365567480188771
1990-11-22,1.0669909702311904
1990-11-23,0.0
1990-11-24,0.0
1990-11-25,0.07521154661033606
1990-11-26,10.308099999822478
1990-11-27,12.029857139329655
1990-11-28,18.277541410278637
1990-11-29,12.200494261810913
1990-11-30,15.359690714929558
1990-12-01,0.0
1990-12-02,3.5209061328221027
1990-12-03,6.241818545839274
1990-12-04,37.39161329011661
1990-12-05,36.651393676931804
1990-12-06,19.205497886280764
1990-12-07,0.0
1990-12-08,0.0
1990-12-09,14.63401486160788
1990-12-10,0.0
1990-12-11,0.0
1990-12-12,0.0
1990-12-13,0.0
1990-12-14,0.0
1990-12-15,0.0
1990-12-16,0.0
1990-12-17,0.0
1990-12-18,0.0
1990-12-19,0.0
1990-12-20,0.0
1990-12-21,0.0
1990-12-22,0.0
1990-12-23,0.0
1990-12-24,0.0
1990-12-25,0.0
1990-12-26,0.0
1990-12-27,0.0
1990-12-28,0.0
1990-12-29,0.0
1990-12-30,0.0
1990-12-31,0.0
1991-01-01,0.0
1991-01-02,5.384503044792126
1991-01-03,0.0
1991-01-04,0.0
1991-01-05,0.5283505570244146
1991-01-06,0.37565643521579545
1991-01-07,0.0
1991-01-08,11.716111343857406
1991-01-09,0.0
1991-01-10,0.0
1991-01-11,0.0
1991-01-12,0.0
1991-01-13,0.0
1991-01-14,0.0
1991-01-15,17.723773555175683
1991-01-16,0.3058303550288485
1991-01-17,0.3556165844202042
1991-01-18,0.0
1991-01-19,36.29674984675808
1991-01-20,0.0
1991-01-21,1.0473080429475052
1991-01-22,0.0
1991-01-23,0.0
1991-01-24,0.0
1991-01-25,0.0
1991-01-26,0.0
1991-01-27,4.61834302403637
1991-01-28,0.0
1991-01-29,0.0
1991-01-30,0.0
1991-01-31,0.0
1991-02-01,0.0
1991-02-02,0.0
1991-02-03,0.0
1991-02-04,0.0
1991-02-05,0.0
1991-02-06,0.0
1991-02-07,0.0
1991-02-08,0.0
1991-02-09,0.0
1991-02-10,0.0
1991-02-11,0.0
1991-02-12,0.0
1991-02-13,0.6824920787601859
1991-02-14,0.4297172976909458
1991-02-15,0.0
1991-02-16,0.0
1991-02-17,0.0
1991-02-18,0.0
1991-02-19,0.0
1991-02-20,0.0
1991-02-21,0.0
1991-02-22,0.0
1991-02-23,0.0
1991-02-24,0.0
1991-02-25,0.0
1991-02-26,2.2223813819724167
1991-02-27,0.0
1991-02-28,18.38022617593005
1991-03-01,33.6726655911755
1991-03-02,21.40472819031897
1991-03-03,12.798348790084999
1991-03-04,1.9716276606997936
1991-03-05,0.0
1991-03-06,0.0
1991-03-07,0.0
1991-03-08,0.0
1991-03-09,0.5159149218249967
1991-03-10,12.435922061269352
1991-03-11,0.0
1991-03-12,0.0
1991-03-13,0.0
1991-03-14,0.0
1991-03-15,0.0
1991-03-16,0.0
1991-03-17,0.0
1991-03-18,0.0
1991-03-19,0.0
1991-03-20,0.0
1991-03-21,0.0
1991-03-22,0.0
1991-03-23,0.0
1991-03-24,0.0
1991-03-25,3.020025361027268
1991-03-26,0.0
1991-03-27,0.0
1991-03-28,0.0
1991-03-29,3.703499420269117
1991-03-30,4.237186808843871
1991-03-31,0.0
1991-04-01,0.0
1991-04-02,0.0
1991-04-03,0.0
1991-04-04,0.0
1991-04-05,0.0
1991-04-06,1.394631297856167
1991-04-07,17.194358972278806
1991-04-08,4.407419481792967
1991-04-09,18.094079522667705
1991-04-10,0.12477015537788744
1991-04-11,0.0
1991-04-12,0.0
1991-04-13,7.507025341729861
1991-04-14,0.0
1991-04-15,7.188784482108583
1991-04-16,2.35479013073082
1991-04-17,0.0
1991-04-18,4.247430297973995
1991-04-19,0.0
1991-04-20,0.0
1991-04-21,0.0
1991-04-22,0.0
1991-04-23,1.9888986244394977
1991-04-24,7.573289416730406
1991-04-25,19.549955321727577
1991-04-26,22.66615028880739
1991-04-27,7.467454599166241
1991-04-28,10.608190987561203
1991-04-29,0.0
1991-04-30,9.51447697165045
1991-05-01,0.25197278104118404
1991-05-02,0.0
1991-05-03,22.266260584463954
1991-05-04,29.10072545989141
1991-05-05,4.013954427999421
1991-05-06,14.660378709838202
1991-05-07,21.71706565691008
1991-05-08,0.0
1991-05-09,0.46497752336231446
1991-05-10,28.57786471054362
1991-05-11,31.286022842735864
1991-05-12,21.74930644679715
1991-05-13,13.700990663186927
1991-05-14,26.913968915069436
1991-05-15,23.738630991932517
1991-05-16,30.26961743227534
1991-05-17,42.926230594113086
1991-05-18,9.944604874059964
1991-05-19,2.441992543839121
1991-05-20,12.66753028011
1991-05-21,24.458325281739242
1991-05-22,2.6638845583877058
1991-05-23,9.660401816102304
1991-05-24,19.32080363220461
1991-05-25,9.660401816102304
1991-05-26,0.0
1991-05-27,0.3129535631553548
1991-05-28,8.03924462078391
1991-05-29,18.294258782187033
1991-05-30,31.124175004056998
1991-05-31,17.38849154316091
1991-06-01,14.44586663290456
1991-06-02,7.301850337233094
1991-06-03,19.638729657273043
1991-06-04,3.237423026481191
1991-06-05,13.604705028437282
1991-06-06,6.201325673106555
1991-06-07,3.166283730417491
1991-06-08,3.9399144292079136
1991-06-09,2.2081913818680765
1991-06-10,2.79586914141436
1991-06-11,1.5671445062837088
1991-06-12,19.93513476647236
1991-06-13,23.09445319908697
1991-06-14,11.911785282395982
1991-06-15,2.0070059721332956
1991-06-16,0.0
1991-06-17,10.553296811475951
1991-06-18,19.71281969305632
1991-06-19,36.27329839967393
1991-06-20,36.63474204975206
1991-06-21,27.533287674994085
1991-06-22,10.053563868274564
1991-06-23,8.444212626967888
1991-06-24,13.555073238305148
1991-06-25,14.921754896640788
1991-06-26,38.53664229850513
1991-06-27,26.9339380473704
1991-06-28,24.049512938873193
1991-06-29,0.0
1991-06-30,45.74132734053845
1991-07-01,8.271126074766794
1991-07-02,4.731854289971495
1991-07-03,8.352091108423636
1991-07-04,10.741880286384278
1991-07-05,19.54142508313463
1991-07-06,15.580085877228433
1991-07-07,5.178637875898466
1991-07-08,7.667862678701817
1991-07-09,5.094347919463308
1991-07-10,5.942782673279983
1991-07-11,9.793269243393398
1991-07-12,19.593648588737928
1991-07-13,0.1476171149595364
1991-07-14,0.0
1991-07-15,7.25441083654359
1991-07-16,22.433826315241898
1991-07-17,21.328073237796087
1991-07-18,14.041627988219265
1991-07-19,12.966588605497337
1991-07-20,13.155946598262407
1991-07-21,5.457310606398294
1991-07-22,4.42066305181062
1991-07-23,3.1668583348997563
1991-07-24,3.0115916416351065
1991-07-25,7.851283145514698
1991-07-26,28.397867353381347
1991-07-27,12.36810117516969
1991-07-28,0.0
1991-07-29,6.466683648325303
1991-07-30,2.409266145648184
1991-07-31,21.195495947792732
1991-08-01,6.143587134174399
1991-08-02,18.48417713432699
1991-08-03,19.01948452680498
1991-08-04,19.516351108615467
1991-08-05,15.850423675936629
1991-08-06,10.156630501956556
1991-08-07,12.83848127883834
1991-08-08,7.867488832892602
1991-08-09,10.933080970838269
1991-08-10,0.9778681923006034
1991-08-11,0.0
1991-08-12,12.761955531867782
1991-08-13,14.882358183329174
1991-08-14,5.803216236064565
1991-08-15,0.0
1991-08-16,6.5621581442050045
1991-08-17,8.067696099345751
1991-08-18,8.508614066484816
1991-08-19,6.290645688570837
1991-08-20,7.955127446433987
1991-08-21,8.978445922603482
1991-08-22,11.855245945824162
1991-08-23,9.801173715776692
1991-08-24,8.688428563644758
1991-08-25,0.0
1991-08-26,12.733702243179893
1991-08-27,7.065866907504769
1991-08-28,10.954287800837212
1991-08-29,13.778581670812663
1991-08-30,28.334516015407207
1991-08-31,30.809735514827683
1991-09-01,2.670539569210362
1991-09-02,2.7909838460587175
1991-09-03,5.227108593929461
1991-09-04,18.76398719303512
1991-09-05,12.225208576063856
1991-09-06,10.02123118171821
1991-09-07,3.445063833046605
1991-09-08,3.660667667014375
1991-09-09,5.9767106006274355
1991-09-10,8.348771065070824
1991-09-11,19.199557086503187
1991-09-12,12.240547348518634
1991-09-13,3.395888893789537
1991-09-14,4.367741296319544
1991-09-15,3.502863753889059
1991-09-16,34.64557287338618
1991-09-17,52.14160261121959
1991-09-18,18.648678394991006
1991-09-19,20.029158764594314
1991-09-20,25.0115646381636
1991-09-21,33.328393341721714
1991-09-22,17.94816633213211
1991-09-23,41.59384258534459
1991-09-24,34.33777886387467
1991-09-25,34.68333683062245
1991-09-26,27.638565307130694
1991-09-27,31.83815906337791
1991-09-28,21.616768480958168
1991-09-29,17.410975055920115
1991-09-30,11.577415906899688
1991-10-01,0.4892341893266988
1991-10-02,26.221623851640818
1991-10-03,34.663170736383755
1991-10-04,29.261813852432628
1991-10-05,22.13255805985348
1991-10-06,11.8621813493806
1991-10-07,59.17606769059157
1991-10-08,0.0
1991-10-09,9.196044339521515
1991-10-10,29.127429439812104
1991-10-11,24.43624574389008
1991-10-12,0.6686672366954186
1991-10-13,14.02071379588263
1991-10-14,24.536248267099676
1991-10-15,18.15388367546572
1991-10-16,10.97525887936354
1991-10-17,9.756067778009017
1991-10-18,11.663980809820668
1991-10-19,15.5230205808137
1991-10-20,12.739059473614438
1991-10-21,2.3584972710625554
1991-10-22,9.313000672371004
1991-10-23,3.5706863588578
1991-10-24,7.283902235027102
1991-10-25,15.320437939384503
1991-10-26,10.966013700172711
1991-10-27,19.661903366043767
1991-10-28,36.388570537438284
1991-10-29,9.859513707660343
1991-10-30,10.990387080488981
1991-10-31,21.042255184940398
1991-11-01,12.473395277116751
1991-11-02,12.25088294978078
1991-11-03,14.729078078390785
1991-11-04,16.948059586657063
1991-11-05,8.525557003109842
1991-11-06,0.0
1991-11-07,0.0
1991-11-08,14.80138025815423
1991-11-09,47.22996617007902
1991-11-10,0.0
1991-11-11,0.0
1991-11-12,0.0
1991-11-13,0.0
1991-11-14,10.608758515200103
1991-11-15,0.5976595483921672
1991-11-16,0.0
1991-11-17,0.0
1991-11-18,0.0
1991-11-19,0.0
1991-11-20,0.0
1991-11-21,0.35521466063486573
1991-11-22,0.4230020658389943
1991-11-23,0.0
1991-11-24,3.435620923300048
1991-11-25,34.71315197606345
1991-11-26,17.24899755055841
1991-11-27,16.449446509818777
1991-11-28,8.755313563789873
1991-11-29,9.686527400403413
1991-11-30,10.40555910625168
1991-12-01,32.9271574672815
1991-12-02,23.7603608732288
1991-12-03,20.7055518180132
1991-12-04,3.5246331077572477
1991-12-05,0.0
1991-12-06,0.0
1991-12-07,0.0
1991-12-08,0.0
1991-12-09,10.565843526777387
1991-12-10,0.39136595621302334
1991-12-11,0.0
1991-12-12,0.0
1991-12-13,5.954539377947113
1991-12-14,0.0
1991-12-15,0.0
1991-12-16,0.0
1991-12-17,0.0
1991-12-18,0.0
1991-12-19,0.0
1991-12-20,0.0
1991-12-21,0.0
1991-12-22,0.0
1991-12-23,0.0
1991-12-24,0.0
1991-12-25,0.0
1991-12-26,0.0
1991-12-27,0.0
1991-12-28,0.0
1991-12-29,0.0
1991-12-30,0.0
1991-12-31,0.0
1992-01-01,0.0
1992-01-02,0.09675318083247626
1992-01-03,0.0
1992-01-04,0.0
1992-01-05,0.0
1992-01-06,7.517239921801801
1992-01-07,0.12181747966521499
1992-01-08,0.06855593380090354
1992-01-09,0.0
1992-01-10,0.0
1992-01-11,0.0
1992-01-12,0.0
1992-01-13,3.4484527064739057
1992-01-14,0.0
1992-01-15,0.0
1992-01-16,0.0
1992-01-17,0.0
1992-01-18,0.0
1992-01-19,0.0
1992-01-20,0.0
1992-01-21,0.0
1992-01-22,6.11450623620201
1992-01-23,0.0
1992-01-24,0.0
1992-01-25,0.0
1992-01-26,0.0
1992-01-27,0.8929045788339668
1992-01-28,0.8064488613524955
1992-01-29,0.9002966405572121
1992-01-30,0.0
1992-01-31,0.0
1992-02-01,0.0
1992-02-02,0.0
1992-02-03,0.0
1992-02-04,0.0
1992-02-05,8.322384584393053
1992-02-06,2.796116094331485
1992-02-07,0.45782709443891384
1992-02-08,0.0
1992-02-09,5.668961794996587
1992-02-10,3.284247832523811
1992-02-11,4.568738468192721
1992-02-12,0.0
1992-02-13,0.0
1992-02-14,0.0
1992-02-15,0.0
1992-02-16,0.0
1992-02-17,0.548242133714863
1992-02-18,0.0
1992-02-19,0.0
1992-02-20,0.0
1992-02-21,0.0
1992-02-22,3.009308645048658
1992-02-23,0.0
1992-02-24,0.0
1992-02-25,0.0
1992-02-26,0.0
1992-02-27,0.0
1992-02-28,0.0
1992-02-29,0.0
1992-03-01,0.7843005778016272
1992-03-02,0.0
1992-03-03,0.0
1992-03-04,0.0
1992-03-05,0.0
1992-03-06,0.14346907771116982
1992-03-07,0.0
1992-03-08,0.0
1992-03-09,0.0
1992-03-10,0.0
1992-03-11,0.0
1992-03-12,0.0
1992-03-13,0.0
1992-03-14,0.21649042255169643
1992-03-15,0.0
1992-03-16,0.0
1992-03-17,0.0
1992-03-18,0.0
1992-03-19,0.0
1992-03-20,0.0
1992-03-21,0.0
1992-03-22,0.0
1992-03-23,0.0
1992-03-24,0.0
1992-03-25,0.0
1992-03-26,0.0
1992-03-27,0.0
1992-03-28,0.0
1992-03-29,0.0
1992-03-30,0.0
1992-03-31,28.74479465690014
1992-04-01,1.9521036240700136
1992-04-02,0.3677187638508308
1992-04-03,7.872615725607488
1992-04-04,5.550873758422363
1992-04-05,3.4469436833987377
1992-04-06,0.0
1992-04-07,0.0
1992-04-08,0.0
1992-04-09,0.0
1992-04-10,0.0
1992-04-11,10.291144173088915
1992-04-12,15.423708595536857
1992-04-13,2.438112545305411
1992-04-14,6.381280048473463
1992-04-15,4.213642877400728
1992-04-16,1.9615256862865917
1992-04-17,0.0
1992-04-18,0.0
1992-04-19,10.569446636615579
1992-04-20,9.836401223733622
1992-04-21,0.0
1992-04-22,0.0
1992-04-23,0.0
1992-04-24,0.0
1992-04-25,9.887923582582866
1992-04-26,19.697467704077027
1992-04-27,34.36087723036072
1992-04-28,26.02230594287048
1992-04-29,1.6708989165521961
1992-04-30,0.0
1992-05-01,13.394675188773391
1992-05-02,0.23930047814910482
1992-05-03,4.060374511657535
1992-05-04,1.841348929783783
1992-05-05,9.694835097805875
1992-05-06,4.892506143329918
1992-05-07,9.319282154376445
1992-05-08,10.368442672732717
1992-05-09,11.671389072328004
1992-05-10,0.0
1992-05-11,0.0
1992-05-12,0.0
1992-05-13,5.558977627875033
1992-05-14,11.161100632838304
1992-05-15,0.10692155401448948
1992-05-16,0.0
1992-05-17,1.112213297067462
1992-05-18,9.851771266879265
1992-05-19,20.258074154724948
1992-05-20,32.55793718953392
1992-05-21,10.912405121970824
1992-05-22,13.101985012961403
1992-05-23,22.583631682234845
1992-05-24,46.263461269236906
1992-05-25,0.0
1992-05-26,85.9571947664828
1992-05-27,11.994671038276444
1992-05-28,10.70331804051593
1992-05-29,6.418993208658053
1992-05-30,22.682677116748454
1992-05-31,2.5168816696953136
1992-06-01,0.0
1992-06-02,19.264310405463792
1992-06-03,15.394734470022698
1992-06-04,22.132791852628863
1992-06-05,15.426032245964622
1992-06-06,4.945060222434838
1992-06-07,4.983689069143826
1992-06-08,7.626425333522464
1992-06-09,16.05262888404164
1992-06-10,8.507825826672285
1992-06-11,25.81317288972237
1992-06-12,6.674050501472243
1992-06-13,6.875605916654744
1992-06-14,1.371902877011815
1992-06-15,0.4074814392102732
1992-06-16,10.596283103565913
1992-06-17,11.074243019158779
1992-06-18,13.873118743703175
1992-06-19,12.515022560148626
1992-06-20,12.957691328751077
1992-06-21,0.0
1992-06-22,3.01964599055213
1992-06-23,16.916473452303865
1992-06-24,3.579736554944839
1992-06-25,30.19472728548824
1992-06-26,10.31773943957445
1992-06-27,9.218762374407538
1992-06-28,18.07269102294703
1992-06-29,5.156699505609438
1992-06-30,4.779753680970218
1992-07-01,9.719721380319147
1992-07-02,9.279546780562082
1992-07-03,5.292993938197964
1992-07-04,6.921708840272719
1992-07-05,5.068684242967819
1992-07-06,0.0
1992-07-07,12.454698245267613
1992-07-08,11.873877096820525
1992-07-09,11.111622880842237
1992-07-10,8.740192259888396
1992-07-11,19.02882677316666
1992-07-12,11.979844119500473
1992-07-13,31.01106484757888
1992-07-14,9.266049830897437
1992-07-15,4.148703680247875
1992-07-16,7.546399626780203
1992-07-17,3.8625331075509663
1992-07-18,0.0
1992-07-19,3.549574675994952
1992-07-20,5.0601901599281565
1992-07-21,12.976083458678145
1992-07-22,4.325361094261345
1992-07-23,2.2052525948431048
1992-07-24,4.325361094261345
1992-07-25,7.595305589908683
1992-07-26,15.932548513283608
1992-07-27,24.385019322907617
1992-07-28,21.906896011249447
1992-07-29,5.251206477147503
1992-07-30,7.690635079668991
1992-07-31,12.635208073097312
1992-08-01,12.064784559446412
1992-08-02,0.0
1992-08-03,0.0
1992-08-04,18.32965485268349
1992-08-05,17.696448449750207
1992-08-06,8.919973652910544
1992-08-07,11.496534295178751
1992-08-08,14.355641232954497
1992-08-09,11.122330503487913
1992-08-10,28.095008539186956
1992-08-11,14.640957356304742
1992-08-12,26.40035898983479
1992-08-13,22.088841769340885
1992-08-14,7.1867914274334925
1992-08-15,21.8141701136892
1992-08-16,5.862858878398265
1992-08-17,0.12594981531839117
1992-08-18,0.0
1992-08-19,11.487403685579432
1992-08-20,7.264500206789457
1992-08-21,15.032822505042365
1992-08-22,20.54050155789466
1992-08-23,3.028823784074268
1992-08-24,2.9545241453357654
1992-08-25,3.1739777284296795
1992-08-26,22.237993471525822
1992-08-27,19.542407987085557
1992-08-28,15.242163097536242
1992-08-29,17.206666829618253
1992-08-30,22.93214191778287
1992-08-31,17.206666829618253
1992-09-01,0.30873394777645946
1992-09-02,0.0
1992-09-03,11.41371473468639
1992-09-04,4.750209320034532
1992-09-05,11.172565535919091
1992-09-06,0.4298657903800141
1992-09-07,32.07127715848588
1992-09-08,24.1045137394119
1992-09-09,5.492232298730193
1992-09-10,9.578264817998217
1992-09-11,7.801433255140849
1992-09-12,10.603086655607097
1992-09-13,18.27322237878233
1992-09-14,22.67893592127272
1992-09-15,29.72051772153056
1992-09-16,8.587893907282806
1992-09-17,13.422616221212055
1992-09-18,7.308239390117094
1992-09-19,24.38897286576999
1992-09-20,7.6753776409738785
1992-09-21,7.26940733234625
1992-09-22,27.62592154580195
1992-09-23,14.126951378342275
1992-09-24,36.3891911957715
1992-09-25,13.407614969321203
1992-09-26,11.599843198383178
1992-09-27,17.151248734545067
1992-09-28,20.13715338948611
1992-09-29,8.153915799147375
1992-09-30,9.139006989630495
1992-10-01,15.858035844725533
1992-10-02,32.43263225378218
1992-10-03,24.167163293909386
1992-10-04,27.70198368784544
1992-10-05,12.722347510827557
1992-10-06,13.674283598121765
1992-10-07,17.030521339258637
1992-10-08,2.5183524751179935
1992-10-09,7.88753683422063
1992-10-10,0.7136969473716377
1992-10-11,44.11765945118828
1992-10-12,17.5165493939374
1992-10-13,17.851970744696825
1992-10-14,0.0
1992-10-15,0.0
1992-10-16,6.901297238227487
1992-10-17,21.678451411627442
1992-10-18,26.193958023512693
1992-10-19,16.38850206217251
1992-10-20,0.6877034677041545
1992-10-21,8.265520914986329
1992-10-22,15.903473447706252
1992-10-23,21.689268938995706
1992-10-24,36.69679434718313
1992-10-25,3.724860091467163
1992-10-26,2.06054301499515
1992-10-27,0.0
1992-10-28,1.7165089342239748
1992-10-29,37.211916556229475
1992-10-30,22.004351916748128
1992-10-31,1.401768882129644
1992-11-01,0.0
1992-11-02,0.9191948577157553
1992-11-03,17.63163564777053
1992-11-04,0.0
1992-11-05,22.673064444113432
1992-11-06,16.794658272653017
1992-11-07,0.11011660099029544
1992-11-08,0.0
1992-11-09,0.0
1992-11-10,0.0
1992-11-11,28.642507465304565
1992-11-12,18.993121940541915
1992-11-13,16.835985748751746
1992-11-14,0.0
1992-11-15,0.0
1992-11-16,24.314203305824392
1992-11-17,12.053746571009228
1992-11-18,0.0
1992-11-19,0.0
1992-11-20,0.0
1992-11-21,17.769783401811452
1992-11-22,66.25767616484619
1992-11-23,28.574835209427665
1992-11-24,26.73268358570499
1992-11-25,38.78747238903432
1992-11-26,15.36527706279948
1992-11-27,11.905903112042601
1992-11-28,46.06379210062931
1992-11-29,1.5380135490684903
1992-11-30,0.0
1992-12-01,8.56267589431357
1992-12-02,8.398741096258165
1992-12-03,0.24991850716036726
1992-12-04,25.52468259713135
1992-12-05,2.1020923999918484
1992-12-06,12.856046582798706
1992-12-07,0.0
1992-12-08,3.5698369693111736
1992-12-09,9.500695860063711
1992-12-10,7.565850319089117
1992-12-11,4.70726521756198
1992-12-12,0.0
1992-12-13,0.0
1992-12-14,0.0
1992-12-15,0.0
1992-12-16,0.0
1992-12-17,0.0
1992-12-18,0.0
1992-12-19,0.0
1992-12-20,0.0
1992-12-21,0.0
1992-12-22,0.0
1992-12-23,0.0
1992-12-24,0.0
1992-12-25,0.0
1992-12-26,0.0
1992-12-27,0.0
1992-12-28,0.0
1992-12-29,0.0
1992-12-30,3.3038807674436965
1992-12-31,12.00808194742815
1993-01-01,0.0
1993-01-02,0.0
1993-01-03,0.0
1993-01-04,0.0
1993-01-05,7.07598746688785
1993-01-06,9.405958605175085
1993-01-07,41.71831964318818
1993-01-08,0.0
1993-01-09,1.9789056365151672
1993-01-10,0.0
1993-01-11,0.0
1993-01-12,0.0
1993-01-13,0.5499281730200795
1993-01-14,34.453049751552385
1993-01-15,0.0
1993-01-16,21.31819991888227
1993-01-17,0.0
1993-01-18,0.0
1993-01-19,0.0
1993-01-20,0.0
1993-01-21,0.0
1993-01-22,0.0
1993-01-23,0.0
1993-01-24,0.0
1993-01-25,0.0
1993-01-26,0.0
1993-01-27,11.632729989854068
1993-01-28,0.0
1993-01-29,0.0
1993-01-30,0.0
1993-01-31,0.0
1993-02-01,0.0
1993-02-02,0.0
1993-02-03,17.918095066539344
1993-02-04,0.0
1993-02-05,6.912941457653369
1993-02-06,0.0
1993-02-07,0.0
1993-02-08,0.0
1993-02-09,0.0
1993-02-10,0.0
1993-02-11,0.0
1993-02-12,0.034419890392471016
1993-02-13,0.8298587918885658
1993-02-14,0.0
1993-02-15,0.0
1993-02-16,0.0
1993-02-17,0.0
1993-02-18,0.0
1993-02-19,0.0
1993-02-20,0.0
1993-02-21,0.0
1993-02-22,0.0
1993-02-23,0.0
1993-02-24,0.6854202296282795
1993-02-25,0.0
1993-02-26,0.0
1993-02-27,0.0
1993-02-28,0.0
1993-03-01,0.0
1993-03-02,0.0
1993-03-03,0.0
1993-03-04,0.0
1993-03-05,0.0
1993-03-06,0.0
1993-03-07,0.0
1993-03-08,0.0
1993-03-09,1.9798661954197538
1993-03-10,0.0
1993-03-11,0.0
1993-03-12,0.49084280390997204
1993-03-13,0.0
1993-03-14,0.0
1993-03-15,2.888788166682464
1993-03-16,3.8337178201087436
1993-03-17,11.283307427490085
1993-03-18,0.5468058839843081
1993-03-19,0.0
1993-03-20,3.7807681033941543
1993-03-21,4.504790839109874
1993-03-22,0.0
1993-03-23,0.0
1993-03-24,5.736628643967011
1993-03-25,0.0
1993-03-26,7.749494134775694
1993-03-27,20.216322556540785
1993-03-28,13.111809481438755
1993-03-29,12.983713896492045
1993-03-30,18.338633158319713
1993-03-31,9.253583344253338
1993-04-01,0.0
1993-04-02,0.6705369251478164
1993-04-03,0.0
1993-04-04,0.0
1993-04-05,0.7444078198231355
1993-04-06,10.2504415346964
1993-04-07,0.0
1993-04-08,2.5687370034488484
1993-04-09,6.648475713826516
1993-04-10,0.0
1993-04-11,0.0
1993-04-12,1.8319422691255007
1993-04-13,43.6787628966409
1993-04-14,9.351262318725526
1993-04-15,12.115311928496169
1993-04-16,0.0
1993-04-17,0.0
1993-04-18,25.133277418242923
1993-04-19,29.85971232664748
1993-04-20,0.0
1993-04-21,9.246419997835485
1993-04-22,1.6694514278221781
1993-04-23,4.9454177476062995
1993-04-24,16.61907275987638
1993-04-25,3.8731084259579336
1993-04-26,6.753615535896374
1993-04-27,20.371830920109886
1993-04-28,4.573972822947278
1993-04-29,4.573972822947278
1993-04-30,7.6532560222455
1993-05-01,18.65228232539989
1993-05-02,24.01995269611881
1993-05-03,16.618652888045123
1993-05-04,10.3372392318136
1993-05-05,7.815940881701743
1993-05-06,17.85863590804307
1993-05-07,23.24599428837364
1993-05-08,13.171518331846675
1993-05-09,38.637866530869466
1993-05-10,17.833178132772446
1993-05-11,15.809713982247025
1993-05-12,12.58207504813736
1993-05-13,16.718569729779222
1993-05-14,15.809713982247025
1993-05-15,37.56320483539557
1993-05-16,18.430348730167832
1993-05-17,21.887403153084424
1993-05-18,17.570945124368418
1993-05-19,0.9588950812011154
1993-05-20,22.40057976866091
1993-05-21,41.30763098839168
1993-05-22,25.752941657562527
1993-05-23,20.47151362815419
1993-05-24,36.66363644197182
1993-05-25,7.595065703665892
1993-05-26,26.4902921472047
1993-05-27,9.889645588156345
1993-05-28,6.3496123379146745
1993-05-29,1.0852451694978251
1993-05-30,10.675508880333325
1993-05-31,8.360544637248326
1993-06-01,2.197824017622987
1993-06-02,3.1645303561880795
1993-06-03,3.5167341908893075
1993-06-04,7.809321090377668
1993-06-05,12.039274072727645
1993-06-06,23.314674595723286
1993-06-07,12.1979403163533
1993-06-08,0.0
1993-06-09,7.91232027657129
1993-06-10,0.0
1993-06-11,17.179438703366237
1993-06-12,45.68268730189351
1993-06-13,0.18131641318669195
1993-06-14,9.613886970724613
1993-06-15,3.972508261332642
1993-06-16,9.437157477478724
1993-06-17,26.321603819325166
1993-06-18,35.64340810115274
1993-06-19,38.13099363768424
1993-06-20,0.0
1993-06-21,28.90286796157425
1993-06-22,30.225197709895475
1993-06-23,21.809968520660664
1993-06-24,32.85919067424697
1993-06-25,14.669501970748648
1993-06-26,24.105193202560017
1993-06-27,22.34640841145774
1993-06-28,4.756216678365663
1993-06-29,9.591925225346477
1993-06-30,2.140518634202513
1993-07-01,50.85689448021555
1993-07-02,23.086188553555605
1993-07-03,1.1445575781367925
1993-07-04,16.559073655186477
1993-07-05,10.331701248280103
1993-07-06,7.234346405879874
1993-07-07,1.5237974639277205
1993-07-08,3.0445925149361837
1993-07-09,10.573864723782286
1993-07-10,5.32993086961073
1993-07-11,3.010857899648113
1993-07-12,19.041693185632305
1993-07-13,5.619610811407504
1993-07-14,4.4734515972636855
1993-07-15,15.199850270071549
1993-07-16,18.43766962797256
1993-07-17,0.0
1993-07-18,3.9243851328218313
1993-07-19,0.0
1993-07-20,2.593145786608394
1993-07-21,8.05027543390925
1993-07-22,11.21776915079839
1993-07-23,1.486267055007252
1993-07-24,15.921051123255012
1993-07-25,10.579036225136877
1993-07-26,7.461767432858816
1993-07-27,5.257778009852849
1993-07-28,5.763653246333472
1993-07-29,4.351714387133317
1993-07-30,4.8093106410390645
1993-07-31,2.3159327657037485
1993-08-01,2.6325397626371005
1993-08-02,5.912548006990474
1993-08-03,7.260284099828555
1993-08-04,14.06868674223488
1993-08-05,15.086000710323056
1993-08-06,29.102562719905713
1993-08-07,45.13735848343051
1993-08-08,3.292777692446033
1993-08-09,5.580049837964614
1993-08-10,47.92321437113995
1993-08-11,23.650545332480124
1993-08-12,7.398405501367275
1993-08-13,22.702592458676655
1993-08-14,27.417260302079693
1993-08-15,23.640895711409087
1993-08-16,39.57266944969023
1993-08-17,42.51363478641254
1993-08-18,12.268860329647328
1993-08-19,25.01211242095845
1993-08-20,0.0
1993-08-21,23.273079499199593
1993-08-22,1.8566517954742592
1993-08-23,34.846046287465754
1993-08-24,37.16227725792577
1993-08-25,0.0
1993-08-26,3.125143174585459
1993-08-27,15.299132728093383
1993-08-28,9.631171429479448
1993-08-29,0.0
1993-08-30,0.0
1993-08-31,17.700561449334433
1993-09-01,15.66674124429355
1993-09-02,27.616143320863316
1993-09-03,27.35292470294077
1993-09-04,23.03382068469718
1993-09-05,28.1265527340206
1993-09-06,22.090778703625137
1993-09-07,29.4524350947625
1993-09-08,33.16139119219137
1993-09-09,12.214964025729415
1993-09-10,0.0
1993-09-11,37.56659766387297
1993-09-12,38.288980925405355
1993-09-13,26.26616557224378
1993-09-14,22.784953873705224
1993-09-15,23.717598233271296
1993-09-16,1.4648498381311834
1993-09-17,13.776701190181683
1993-09-18,30.045876566219988
1993-09-19,21.445453554391865
1993-09-20,2.871801380370115
1993-09-21,6.348431781337069
1993-09-22,25.34189589402161
1993-09-23,42.099384976399925
1993-09-24,9.340479646985598
1993-09-25,0.0
1993-09-26,18.869967605213873
1993-09-27,19.87176040096864
1993-09-28,4.814526827754202
1993-09-29,25.47275021269516
1993-09-30,31.078365521656504
1993-10-01,1.9926418404321422
1993-10-02,14.008108490222213
1993-10-03,7.098544769593189
1993-10-04,38.86757270629342
1993-10-05,25.451663533175317
1993-10-06,7.9213005281179365
1993-10-07,9.056573166436444
1993-10-08,22.454488854150526
1993-10-09,29.167576138232217
1993-10-10,17.11553540584204
1993-10-11,9.912368378526459
1993-10-12,30.30030855697556
1993-10-13,43.47655359796577
1993-10-14,3.2287864084984816
1993-10-15,18.194275805676305
1993-10-16,42.825984727691974
1993-10-17,13.219167807214973
1993-10-18,14.877818648879598
1993-10-19,7.552809575320904
1993-10-20,12.450367871168503
1993-10-21,8.229452197616167
1993-10-22,8.621226986517778
1993-10-23,30.088378285234054
1993-10-24,15.754119085299008
1993-10-25,19.374947294592864
1993-10-26,22.653398609241936
1993-10-27,44.437763956752995
1993-10-28,19.275658603052847
1993-10-29,14.248508230657192
1993-10-30,18.94373488990037
1993-10-31,10.38962188061025
1993-11-01,9.234092668907065
1993-11-02,15.462901244695127
1993-11-03,0.2349365796591785
1993-11-04,0.0
1993-11-05,11.304575831100752
1993-11-06,0.0
1993-11-07,0.0
1993-11-08,0.0
1993-11-09,8.853288144678686
1993-11-10,0.0
1993-11-11,12.70218606212655
1993-11-12,9.267780626545084
1993-11-13,12.70218606212655
1993-11-14,18.018291710196323
1993-11-15,9.65359562434055
1993-11-16,84.59568447357901
1993-11-17,0.0
1993-11-18,0.0
1993-11-19,0.25972786787393937
1993-11-20,0.0
1993-11-21,79.86699307931437
1993-11-22,7.947874121166567
1993-11-23,29.130357821245457
1993-11-24,20.816201147598196
1993-11-25,21.495912115718873
1993-11-26,12.768230670207261
1993-11-27,0.0
1993-11-28,0.0
1993-11-29,0.0
1993-11-30,23.219012653505484
1993-12-01,11.78713327646256
1993-12-02,0.0
1993-12-03,0.0
1993-12-04,0.0
1993-12-05,0.0
1993-12-06,0.0
1993-12-07,0.0
1993-12-08,0.0
1993-12-09,0.0
1993-12-10,34.790833730552656
1993-12-11,7.416933544584225
1993-12-12,0.0
1993-12-13,18.931369381579202
1993-12-14,0.0
1993-12-15,0.0
1993-12-16,4.857851301898829
1993-12-17,0.0
1993-12-18,0.0
1993-12-19,0.0
1993-12-20,0.0
1993-12-21,0.0
1993-12-22,0.0
1993-12-23,3.107916468905437
1993-12-24,0.0
1993-12-25,0.0
1993-12-26,0.0
1993-12-27,0.0
1993-12-28,0.0
1993-12-29,0.0
1993-12-30,9.644506270015565
1993-12-31,2.9619164966248186
1994-01-01,2.628007660443719
1994-01-02,0.0
1994-01-03,0.0
1994-01-04,0.0
1994-01-05,9.772467513342164
1994-01-06,0.0
1994-01-07,0.0
1994-01-08,0.0
1994-01-09,0.0
1994-01-10,0.0
1994-01-11,0.0
1994-01-12,0.0
1994-01-13,1.1266329725449153
1994-01-14,0.0
1994-01-15,5.587667750345696
1994-01-16,4.267579166067614
1994-01-17,6.512633329106345
1994-01-18,9.652949379908074
1994-01-19,0.6487031780384684
1994-01-20,0.0
1994-01-21,0.0
1994-01-22,0.0
1994-01-23,0.0
1994-01-24,0.0
1994-01-25,0.0
1994-01-26,0.0
1994-01-27,0.0
1994-01-28,0.0
1994-01-29,0.0
1994-01-30,2.7323537611880826
1994-01-31,0.0
1994-02-01,0.0
1994-02-02,0.0
1994-02-03,0.0
1994-02-04,0.33956511177726706
1994-02-05,0.0
1994-02-06,9.173559785291959
1994-02-07,0.3521534297111873
1994-02-08,0.0
1994-02-09,0.0
1994-02-10,0.0
1994-02-11,0.10466576478368529
1994-02-12,0.0
1994-02-13,0.1654557353137313
1994-02-14,0.0
1994-02-15,0.0
1994-02-16,0.0
1994-02-17,0.0
1994-02-18,0.0
1994-02-19,0.0
1994-02-20,0.0
1994-02-21,0.0
1994-02-22,0.0
1994-02-23,0.0
1994-02-24,0.0
1994-02-25,0.0
1994-02-26,0.0
1994-02-27,24.69983422192368
1994-02-28,0.0
1994-03-01,0.0
1994-03-02,0.0
1994-03-03,0.025680105428437936
1994-03-04,3.1774806960209006
1994-03-05,0.0
1994-03-06,0.0
1994-03-07,0.0
1994-03-08,0.6649600090207283
1994-03-09,0.0
1994-03-10,0.0
1994-03-11,0.0
1994-03-12,0.0
1994-03-13,0.0
1994-03-14,0.0
1994-03-15,0.0
1994-03-16,0.0
1994-03-17,0.0
1994-03-18,0.0
1994-03-19,0.0
1994-03-20,0.0
1994-03-21,0.0
1994-03-22,0.0
1994-03-23,0.0
1994-03-24,1.9193472961920344
1994-03-25,0.0
1994-03-26,0.0
1994-03-27,2.3252272285722406
1994-03-28,7.09094721682974
1994-03-29,7.199068554752585
1994-03-30,6.58548827469349
1994-03-31,0.0
1994-04-01,1.618996600242886
1994-04-02,0.0
1994-04-03,1.7348790886635725
1994-04-04,0.0
1994-04-05,0.0
1994-04-06,0.0
1994-04-07,0.0
1994-04-08,0.0
1994-04-09,0.0
1994-04-10,0.8210827687100788
1994-04-11,0.0
1994-04-12,0.0
1994-04-13,2.024221638569961
1994-04-14,0.0
1994-04-15,0.0
1994-04-16,0.0
1994-04-17,0.22530087546722316
1994-04-18,0.3142595024326364
1994-04-19,2.8703733482775666
1994-04-20,3.9910587059283587
1994-04-21,0.030343864314459474
1994-04-22,1.4755446740703007
1994-04-23,2.5034513045102367
1994-04-24,2.5850820525272478
1994-04-25,4.75839333789977
1994-04-26,29.862518274703557
1994-04-27,19.42904783221516
1994-04-28,36.14862826224922
1994-04-29,12.088367469407421
1994-04-30,1.1269871946927665
1994-05-01,19.419048133734115
1994-05-02,0.0
1994-05-03,7.716936249185255
1994-05-04,0.0
1994-05-05,0.0
1994-05-06,10.715570736978508
1994-05-07,4.012686059483001
1994-05-08,0.0
1994-05-09,0.16289424332412517
1994-05-10,3.9370203596111906
1994-05-11,0.0
1994-05-12,5.47687254443362
1994-05-13,18.229110704885954
1994-05-14,14.937282753151822
1994-05-15,11.405071330231593
1994-05-16,25.133376702263554
1994-05-17,47.84353640272812
1994-05-18,4.520645220537445
1994-05-19,20.347354919523816
1994-05-20,0.5897206213023213
1994-05-21,0.2246228746465735
1994-05-22,45.680389525117114
1994-05-23,38.5008835667694
1994-05-24,24.417636255960215
1994-05-25,4.614963814616205
1994-05-26,13.254256360836935
1994-05-27,36.310817924705724
1994-05-28,0.0
1994-05-29,20.513394129437373
1994-05-30,26.799649313494974
1994-05-31,1.9532018174996253
1994-06-01,5.720450489102184
1994-06-02,4.15320489857648
1994-06-03,1.2362445234446917
1994-06-04,25.149197909477603
1994-06-05,5.652088208979851
1994-06-06,10.691755962130188
1994-06-07,11.622727834292363
1994-06-08,55.449476205013916
1994-06-09,14.506037402394664
1994-06-10,1.0416490483928376
1994-06-11,5.9991060120833914
1994-06-12,13.148896340582827
1994-06-13,11.512008902994367
1994-06-14,3.495433286839242
1994-06-15,11.220269938779847
1994-06-16,7.165600376556051
1994-06-17,8.652866348825597
1994-06-18,31.693500384285645
1994-06-19,13.256039615418462
1994-06-20,39.79834117236977
1994-06-21,10.191594392463971
1994-06-22,4.5535206188623985
1994-06-23,4.1507272122276815
1994-06-24,16.567941587921744
1994-06-25,7.617294882399007
1994-06-26,9.85346774797182
1994-06-27,2.3013580185738776
1994-06-28,22.070268082457627
1994-06-29,12.054116073291052
1994-06-30,13.00420487772774
1994-07-01,5.898720166570435
1994-07-02,21.609930254317625
1994-07-03,20.701749104100312
1994-07-04,23.54852112241694
1994-07-05,0.0
1994-07-06,7.183215676731359
1994-07-07,1.4156414843290244
1994-07-08,2.9780249834262045
1994-07-09,0.0
1994-07-10,10.109190860310122
1994-07-11,0.0
1994-07-12,1.9662457391418318
1994-07-13,15.45907627448843
1994-07-14,0.12294093751021334
1994-07-15,4.7707553493815515
1994-07-16,16.48087182600757
1994-07-17,29.482783870922564
1994-07-18,9.029179195898614
1994-07-19,8.000128939143712
1994-07-20,10.241476382355437
1994-07-21,6.230076087487711
1994-07-22,15.884125460241302
1994-07-23,10.718115480163616
1994-07-24,0.0
1994-07-25,7.700395900856808
1994-07-26,5.805685115625729
1994-07-27,9.093253790728145
1994-07-28,2.825438939840408
1994-07-29,7.605647701165968
1994-07-30,3.204481734516653
1994-07-31,11.12369267199491
1994-08-01,6.810928884994341
1994-08-02,10.674727300937112
1994-08-03,5.277880176700451
1994-08-04,2.19731462183031
1994-08-05,15.847635058132381
1994-08-06,18.145879665742058
1994-08-07,12.599567601406902
1994-08-08,8.77648997850515
1994-08-09,17.008152459118822
1994-08-10,16.379445599140354
1994-08-11,6.02712420797026
1994-08-12,21.026489860705432
1994-08-13,17.57338196482208
1994-08-14,14.411098057152458
1994-08-15,14.213094555848356
1994-08-16,14.234237600419974
1994-08-17,0.0
1994-08-18,21.638849881452483
1994-08-19,22.295906668176528
1994-08-20,14.937141249308716
1994-08-21,12.855785596612343
1994-08-22,4.661556985128571
1994-08-23,36.251726952759
1994-08-24,4.162236908400382
1994-08-25,6.273977581713653
1994-08-26,1.7064850459227696
1994-08-27,18.250113221841893
1994-08-28,9.007909916945408
1994-08-29,37.039913340194815
1994-08-30,8.817478624550073
1994-08-31,19.413832815917765
1994-09-01,5.895701855622435
1994-09-02,7.978551409534509
1994-09-03,18.60506171310271
1994-09-04,9.302530856551355
1994-09-05,11.388194432733837
1994-09-06,4.486525320724863
1994-09-07,0.8682917008126109
1994-09-08,4.437730440819587
1994-09-09,16.839583632511058
1994-09-10,9.214974868740589
1994-09-11,22.106703700648776
1994-09-12,26.4724207190243
1994-09-13,20.481446244426685
1994-09-14,0.0
1994-09-15,4.805206630681014
1994-09-16,18.61447452975286
1994-09-17,0.3346656041370857
1994-09-18,0.2539908241581273
1994-09-19,4.046323930895007
1994-09-20,16.102457133902092
1994-09-21,29.66894806720116
1994-09-22,31.00694285776165
1994-09-23,32.89926963480743
1994-09-24,24.752949205604768
1994-09-25,14.46121347715726
1994-09-26,40.48600814149188
1994-09-27,27.90246908084767
1994-09-28,27.125228924123032
1994-09-29,9.159836890729698
1994-09-30,0.0
1994-10-01,29.084714107819508
1994-10-02,0.8771435698947393
1994-10-03,5.189731913643916
1994-10-04,30.85022250140036
1994-10-05,6.265040848706223
1994-10-06,33.750737050900604
1994-10-07,2.3082994516636886
1994-10-08,23.14373825852936
1994-10-09,29.14229952926572
1994-10-10,42.24770825295837
1994-10-11,0.0
1994-10-12,1.179513510820028
1994-10-13,13.829649122985638
1994-10-14,17.668466440729198
1994-10-15,37.62829848399035
1994-10-16,37.694946478347525
1994-10-17,10.550625148254474
1994-10-18,16.907494876835802
1994-10-19,24.006941515046204
1994-10-20,14.93515305180808
1994-10-21,23.326847080443365
1994-10-22,11.26353989259617
1994-10-23,10.128045769962107
1994-10-24,10.937877006627422
1994-10-25,77.49435461372946
1994-10-26,14.961389437317859
1994-10-27,0.2987377893280339
1994-10-28,0.5066113757926065
1994-10-29,32.68935179790937
1994-10-30,0.0
1994-10-31,16.27157836790021
1994-11-01,68.67269762947755
1994-11-02,0.0
1994-11-03,0.040233747379199894
1994-11-04,9.698960180620894
1994-11-05,39.71360987424852
1994-11-06,35.180303561526394
1994-11-07,18.714050852366398
1994-11-08,9.648997381128172
1994-11-09,0.30559076247988526
1994-11-10,9.977879371796107
1994-11-11,5.0214051994923015
1994-11-12,15.693658525879322
1994-11-13,25.68811168702874
1994-11-14,18.220759430447146
1994-11-15,15.070677260289326
1994-11-16,17.552611329668284
1994-11-17,28.2592990752813
1994-11-18,0.0
1994-11-19,1.4280687961223966
1994-11-20,0.6191947351436359
1994-11-21,0.0
1994-11-22,16.61554992239218
1994-11-23,3.67477876995061
1994-11-24,0.0
1994-11-25,67.5777504105826
1994-11-26,23.376966141365678
1994-11-27,0.3312486132254473
1994-11-28,0.0
1994-11-29,25.701825484230724
1994-11-30,0.21507403657243065
1994-12-01,0.0
1994-12-02,0.0
1994-12-03,0.0
1994-12-04,0.0
1994-12-05,0.0
1994-12-06,0.0
1994-12-07,5.145169809863375
1994-12-08,48.894942428614655
1994-12-09,6.17605079348023
1994-12-10,0.0
1994-12-11,0.0
1994-12-12,0.0
1994-12-13,1.2556405003006397
1994-12-14,0.0
1994-12-15,0.0
1994-12-16,0.0
1994-12-17,0.0
1994-12-18,0.0
1994-12-19,0.0
1994-12-20,0.6450913161844822
1994-12-21,0.0
1994-12-22,0.0
1994-12-23,0.0
1994-12-24,0.0
1994-12-25,7.280418772149732
1994-12-26,0.0
1994-12-27,0.0
1994-12-28,0.0
1994-12-29,0.0
1994-12-30,0.0
1994-12-31,0.0
1995-01-01,0.0
1995-01-02,0.0
1995-01-03,0.0
1995-01-04,5.874064730631341
1995-01-05,0.0
1995-01-06,0.0
1995-01-07,0.0
1995-01-08,0.0
1995-01-09,5.24023324392132
1995-01-10,0.0
1995-01-11,0.0
1995-01-12,0.0
1995-01-13,0.0
1995-01-14,0.0
1995-01-15,0.0
1995-01-16,0.0
1995-01-17,0.0
1995-01-18,0.0
1995-01-19,0.0
1995-01-20,0.0
1995-01-21,0.0
1995-01-22,0.0
1995-01-23,1.4589287757470806
1995-01-24,0.0
1995-01-25,0.0
1995-01-26,0.0
1995-01-27,0.0
1995-01-28,0.0
1995-01-29,0.0
1995-01-30,0.961077505974351
1995-01-31,0.0
1995-02-01,0.0
1995-02-02,0.0
1995-02-03,5.320476982641867
1995-02-04,0.0
1995-02-05,0.0
1995-02-06,0.0
1995-02-07,0.0
1995-02-08,0.0
1995-02-09,0.0
1995-02-10,0.0
1995-02-11,0.1533323163921769
1995-02-12,0.0
1995-02-13,0.0
1995-02-14,0.0
1995-02-15,0.0
1995-02-16,0.0
1995-02-17,0.0
1995-02-18,0.0
1995-02-19,0.0
1995-02-20,4.774404178197321
1995-02-21,0.0
1995-02-22,0.0
1995-02-23,0.666978721481723
1995-02-24,0.0
1995-02-25,0.0
1995-02-26,0.0
1995-02-27,0.0
1995-02-28,0.0
1995-03-01,3.445907682180406
1995-03-02,0.0
1995-03-03,0.0
1995-03-04,0.0
1995-03-05,0.12973357143031589
1995-03-06,0.0
1995-03-07,0.6647738605939055
1995-03-08,2.3733667037575636
1995-03-09,0.0
1995-03-10,0.0
1995-03-11,0.0
1995-03-12,29.59928001745328
1995-03-13,0.0
1995-03-14,0.0
1995-03-15,0.0
1995-03-16,3.840630981769112
1995-03-17,0.0
1995-03-18,1.7347844649811055
1995-03-19,13.954939724625774
1995-03-20,16.927435743244928
1995-03-21,0.0
1995-03-22,4.111358872136555
1995-03-23,0.0
1995-03-24,0.0
1995-03-25,3.315290524347409
1995-03-26,0.0
1995-03-27,0.0
1995-03-28,0.0
1995-03-29,0.0
1995-03-30,0.0
1995-03-31,20.537936421664995
1995-04-01,13.815996829118284
1995-04-02,16.44348394629118
1995-04-03,18.88585476698103
1995-04-04,0.0
1995-04-05,7.82227829481299
1995-04-06,46.58273008385221
1995-04-07,10.238161779638082
1995-04-08,0.8068618546869307
1995-04-09,0.2945983993846018
1995-04-10,0.6286016456984187
1995-04-11,8.983096415932117
1995-04-12,0.5698445254081006
1995-04-13,0.0
1995-04-14,0.0
1995-04-15,0.0
1995-04-16,0.0
1995-04-17,3.608671597935059
1995-04-18,13.291943742616755
1995-04-19,8.150281687443323
1995-04-20,20.96246641874314
1995-04-21,14.926122427792166
1995-04-22,10.949379457815276
1995-04-23,4.14245857318511
1995-04-24,10.247095876448867
1995-04-25,1.1833777271110468
1995-04-26,6.807135525587445
1995-04-27,7.705858522774403
1995-04-28,18.276527639579136
1995-04-29,43.18529693580963
1995-04-30,11.440330078875698
1995-05-01,20.455515851845618
1995-05-02,26.578110339673792
1995-05-03,15.488550618290908
1995-05-04,13.883925198703203
1995-05-05,27.176272082167714
1995-05-06,52.55400593538543
1995-05-07,18.558540365985934
1995-05-08,7.443118944361407
1995-05-09,7.3853355332000845
1995-05-10,2.5479376696654272
1995-05-11,11.431429045425881
1995-05-12,11.62957754368718
1995-05-13,10.944538070140661
1995-05-14,48.6981004106032
1995-05-15,20.55157128056965
1995-05-16,7.520112502011094
1995-05-17,0.0
1995-05-18,0.0
1995-05-19,16.394107622069285
1995-05-20,16.736702515064067
1995-05-21,18.5591797788401
1995-05-22,11.043086996352354
1995-05-23,11.954363230112442
1995-05-24,16.82713697729885
1995-05-25,15.3068684855023
1995-05-26,21.559767607096084
1995-05-27,13.693786142645656
1995-05-28,33.80272231230866
1995-05-29,5.970659025617549
1995-05-30,6.846893071322828
1995-05-31,12.001014643424268
1995-06-01,54.18918182157183
1995-06-02,25.785320708075094
1995-06-03,11.711749688193606
1995-06-04,12.899417082200182
1995-06-05,2.605279884628348
1995-06-06,4.36878240390404
1995-06-07,30.005668675980072
1995-06-08,0.8701773749009986
1995-06-09,7.353149308546174
1995-06-10,11.358445422069451
1995-06-11,22.802025618182654
1995-06-12,52.699828294483396
1995-06-13,34.05768324797218
1995-06-14,2.671027096542153
1995-06-15,18.552822018394604
1995-06-16,13.441901637090224
1995-06-17,20.058490238076935
1995-06-18,23.389762272705912
1995-06-19,30.72434819389035
1995-06-20,26.117283075242433
1995-06-21,13.90143123510722
1995-06-22,9.257489692520453
1995-06-23,21.632863162739866
1995-06-24,4.44384705295434
1995-06-25,6.95071561755361
1995-06-26,0.0
1995-06-27,9.407842928493348
1995-06-28,4.238761927429085
1995-06-29,28.664507181257825
1995-06-30,22.445292086214643
1995-07-01,0.0
1995-07-02,10.399899032067612
1995-07-03,29.288614318982987
1995-07-04,10.399899032067612
1995-07-05,11.978489046966711
1995-07-06,16.479657083347043
1995-07-07,9.125890343978599
1995-07-08,5.87436683435698
1995-07-09,0.0
1995-07-10,5.60057656265594
1995-07-11,12.310347942081664
1995-07-12,20.975741327211672
1995-07-13,0.0
1995-07-14,0.0
1995-07-15,3.070932397165815
1995-07-16,12.002525987254609
1995-07-17,20.77967257676898
1995-07-18,6.657269004430321
1995-07-19,19.657957373438656
1995-07-20,14.950515041882925
1995-07-21,27.165995987685957
1995-07-22,10.37511260988745
1995-07-23,16.072209904322758
1995-07-24,15.690911643005713
1995-07-25,14.423596567398802
1995-07-26,19.331800460009966
1995-07-27,47.1310841328389
1995-07-28,24.00622957381043
1995-07-29,0.0
1995-07-30,3.5557801598632666
1995-07-31,37.737273887202555
1995-08-01,25.71893522546099
1995-08-02,19.69189231621253
1995-08-03,31.52844304168547
1995-08-04,0.0
1995-08-05,20.250544956407044
1995-08-06,17.275210014066186
1995-08-07,0.0
1995-08-08,11.467529126518485
1995-08-09,20.686160102486618
1995-08-10,29.393160521581375
1995-08-11,24.46817436169934
1995-08-12,31.919997926499395
1995-08-13,34.96621082763415
1995-08-14,45.00532597222844
1995-08-15,52.80011697556523
1995-08-16,17.403641371308154
1995-08-17,20.087274768465285
1995-08-18,28.281892410001245
1995-08-19,27.9058148087682
1995-08-20,14.04692680086639
1995-08-21,11.808745010881815
1995-08-22,23.578566612021355
1995-08-23,9.752791231145734
1995-08-24,22.580179597074927
1995-08-25,29.476030992495062
1995-08-26,15.827409655459833
1995-08-27,10.248815610803463
1995-08-28,9.629895160125724
1995-08-29,13.895221051734852
1995-08-30,14.655731923676827
1995-08-31,8.858346832765118
1995-09-01,11.190238659043573
1995-09-02,14.078007516426013
1995-09-03,8.81455919005581
1995-09-04,4.811860928664339
1995-09-05,24.067030482195523
1995-09-06,23.897746194053347
1995-09-07,11.789663928183352
1995-09-08,11.948873097026674
1995-09-09,11.948873097026674
1995-09-10,39.72347225450182
1995-09-11,14.095370859713169
1995-09-12,16.778322511025376
1995-09-13,25.626469461901774
1995-09-14,17.47505847344528
1995-09-15,8.008517851700654
1995-09-16,12.609556918611402
1995-09-17,15.428868294164948
1995-09-18,20.319174381124007
1995-09-19,20.319174381124007
1995-09-20,25.856800174390955
1995-09-21,14.036401035817903
1995-09-22,33.88352293098296
1995-09-23,29.90489246394185
1995-09-24,25.129526052926046
1995-09-25,24.49218046262458
1995-09-26,25.129682729373116
1995-09-27,12.068954318359095
1995-09-28,19.02927096711623
1995-09-29,0.21057244571479597
1995-09-30,36.60777487384307
1995-10-01,34.03345256318918
1995-10-02,20.908407709485783
1995-10-03,4.959735043145516
1995-10-04,0.0
1995-10-05,13.006106448737356
1995-10-06,11.442649246067617
1995-10-07,14.291798233784535
1995-10-08,11.24889860725081
1995-10-09,20.62781333440059
1995-10-10,18.824789967085874
1995-10-11,22.71924636271356
1995-10-12,20.56827423520186
1995-10-13,11.928031963472437
1995-10-14,2.6000100996445967
1995-10-15,14.418485776395418
1995-10-16,27.41441384682785
1995-10-17,43.56658424396774
1995-10-18,11.733235573043697
1995-10-19,31.10105006598139
1995-10-20,16.10236993311225
1995-10-21,8.126971498131756
1995-10-22,13.234837915043578
1995-10-23,29.016031145244046
1995-10-24,32.06933263105316
1995-10-25,34.70736736381378
1995-10-26,20.510953156931986
1995-10-27,22.038171702542826
1995-10-28,21.060757299532767
1995-10-29,15.012267620176887
1995-10-30,5.29308830201626
1995-10-31,11.906602611815613
1995-11-01,15.439110870296897
1995-11-02,2.288246705926754
1995-11-03,8.118751481175428
1995-11-04,0.15864435281302483
1995-11-05,9.61142536836702
1995-11-06,10.911488541276071
1995-11-07,13.3183219334161
1995-11-08,10.516443580590392
1995-11-09,20.366837947352515
1995-11-10,0.29623953273167486
1995-11-11,14.882673928866524
1995-11-12,2.912967552003024
1995-11-13,9.373013217908307
1995-11-14,8.563225052042588
1995-11-15,1.868178113489538
1995-11-16,0.0
1995-11-17,3.8763222968256166
1995-11-18,8.668547530834742
1995-11-19,43.54984001211219
1995-11-20,2.621519213592685
1995-11-21,9.877057236392758
1995-11-22,21.545209833496333
1995-11-23,4.758805197235702
1995-11-24,0.0
1995-11-25,36.97084371624767
1995-11-26,22.49434739230453
1995-11-27,2.898405159848769
1995-11-28,7.4955810203745585
1995-11-29,0.0
1995-11-30,0.0
1995-12-01,0.0
1995-12-02,0.0
1995-12-03,3.137693980658378
1995-12-04,0.7009270565735328
1995-12-05,0.0
1995-12-06,0.0
1995-12-07,0.0
1995-12-08,0.0
1995-12-09,0.0
1995-12-10,0.0
1995-12-11,0.0
1995-12-12,0.0
1995-12-13,3.40005847353589
1995-12-14,7.081440264409459
1995-12-15,2.8126955708941908
1995-12-16,1.2199947191654028
1995-12-17,0.0
1995-12-18,0.0
1995-12-19,1.2766568725173544
1995-12-20,38.84349138269555
1995-12-21,2.054429822475524
1995-12-22,9.746640839689487
1995-12-23,12.428071140638883
1995-12-24,29.623671066519382
1995-12-25,18.517799701038246
1995-12-26,7.268797066767476
1995-12-27,0.0
1995-12-28,21.617736486969772
1995-12-29,10.022310935766315
1995-12-30,0.0
1995-12-31,0.0
1996-01-01,1.6918743349410397
1996-01-02,19.192857240502907
1996-01-03,20.93523090272337
1996-01-04,17.68333599132461
1996-01-05,0.0
1996-01-06,7.986034702610326
1996-01-07,0.0
1996-01-08,0.0
1996-01-09,0.0
1996-01-10,1.2126605567094446
1996-01-11,0.0
1996-01-12,0.0
1996-01-13,7.035512643488679
1996-01-14,12.617201016964142
1996-01-15,0.0
1996-01-16,2.7451969356955717
1996-01-17,8.606236655567146
1996-01-18,34.22764747046136
1996-01-19,0.0
1996-01-20,0.0
1996-01-21,0.0
1996-01-22,0.0
1996-01-23,0.0
1996-01-24,0.0
1996-01-25,0.0
1996-01-26,0.0
1996-01-27,0.0
1996-01-28,0.3661197001064147
1996-01-29,0.0
1996-01-30,0.0
1996-01-31,5.17183831384456
1996-02-01,0.0
1996-02-02,0.0
1996-02-03,0.9480233554904529
1996-02-04,2.256994400475477
1996-02-05,0.0
1996-02-06,0.0
1996-02-07,0.34546469836621685
1996-02-08,5.665363729000094
1996-02-09,0.0
1996-02-10,0.0
1996-02-11,0.0
1996-02-12,0.0
1996-02-13,0.0
1996-02-14,1.0327583164782141
1996-02-15,0.5994779968986642
1996-02-16,0.0
1996-02-17,0.3226047774424425
1996-02-18,9.369423247672419
1996-02-19,0.0
1996-02-20,0.0
1996-02-21,0.0
1996-02-22,0.0
1996-02-23,0.0
1996-02-24,0.0
1996-02-25,0.0
1996-02-26,0.0
1996-02-27,0.0
1996-02-28,10.891580128790562
1996-02-29,0.0
1996-03-01,0.0
1996-03-02,0.0
1996-03-03,0.0
1996-03-04,0.0
1996-03-05,0.0
1996-03-06,0.0
1996-03-07,0.0
1996-03-08,0.0
1996-03-09,0.0
1996-03-10,13.823551991501374
1996-03-11,0.0
1996-03-12,0.8375526320289923
1996-03-13,0.0
1996-03-14,0.0
1996-03-15,0.0
1996-03-16,0.0
1996-03-17,0.0
1996-03-18,0.0
1996-03-19,1.15344983661497
1996-03-20,0.0
1996-03-21,0.0
1996-03-22,0.0
1996-03-23,0.49103953749746904
1996-03-24,0.0
1996-03-25,12.260807490227998
1996-03-26,0.0
1996-03-27,19.641014970234924
1996-03-28,10.186085982701265
1996-03-29,6.196484175686901
1996-03-30,30.43376808673951
1996-03-31,6.686205653121346
1996-04-01,0.0
1996-04-02,5.837997847261866
1996-04-03,0.0
1996-04-04,0.0
1996-04-05,2.0679092860302415
1996-04-06,0.0
1996-04-07,3.172913472294003
1996-04-08,6.954598284049615
1996-04-09,6.82297977412472
1996-04-10,11.944352715804776
1996-04-11,0.0
1996-04-12,3.009782053530217
1996-04-13,0.0
1996-04-14,0.0
1996-04-15,13.687416164456192
1996-04-16,1.263750870485564
1996-04-17,0.2133004760017267
1996-04-18,0.0
1996-04-19,0.0
1996-04-20,0.0
1996-04-21,0.0
1996-04-22,0.0
1996-04-23,1.8651629881681626
1996-04-24,1.3066348175744757
1996-04-25,0.0
1996-04-26,0.0
1996-04-27,14.422021571043379
1996-04-28,27.292464212791355
1996-04-29,19.616822521026076
1996-04-30,24.493298643746908
1996-05-01,14.54920695963744
1996-05-02,6.470790311895514
1996-05-03,5.039359260853885
1996-05-04,8.237821075964622
1996-05-05,0.0
1996-05-06,21.280471425201448
1996-05-07,34.6412432298467
1996-05-08,11.469923200236787
1996-05-09,11.469923200236787
1996-05-10,0.0
1996-05-11,20.80829601593921
1996-05-12,20.444858584855062
1996-05-13,31.01734150664227
1996-05-14,36.285723899667346
1996-05-15,8.918142430081565
1996-05-16,27.044074014231974
1996-05-17,0.0
1996-05-18,9.525340376270787
1996-05-19,32.78056354055535
1996-05-20,18.118470103354074
1996-05-21,1.5420076492670425
1996-05-22,19.15742526424898
1996-05-23,18.626216213042678
1996-05-24,9.23643100624149
1996-05-25,34.32061494363322
1996-05-26,22.48799432773849
1996-05-27,0.2836346002043905
1996-05-28,24.761177280464697
1996-05-29,24.11573638867689
1996-05-30,18.459133715847056
1996-05-31,25.14829227650489
1996-06-01,11.306757104155182
1996-06-02,6.952803811712848
1996-06-03,16.640699856587364
1996-06-04,1.0052883316938945
1996-06-05,0.0
1996-06-06,1.1494060988361776
1996-06-07,22.47017423889122
1996-06-08,2.6871985563555283
1996-06-09,4.760402577148904
1996-06-10,7.784614028358783
1996-06-11,17.05471814685577
1996-06-12,20.091583790005867
1996-06-13,8.00356327661792
1996-06-14,3.690872533699951
1996-06-15,11.311148245793744
1996-06-16,33.08707682184272
1996-06-17,17.664062314339596
1996-06-18,34.12904762819008
1996-06-19,15.943641741130806
1996-06-20,17.387151704043962
1996-06-21,12.869896894773925
1996-06-22,6.9694162268896385
1996-06-23,20.60781900624972
1996-06-24,24.62707931367127
1996-06-25,13.351268686958266
1996-06-26,64.01435194949848
1996-06-27,15.633910162223357
1996-06-28,9.94925500090058
1996-06-29,39.488985419273384
1996-06-30,79.59404000720464
1996-07-01,6.255625255204539
1996-07-02,47.962765106478265
1996-07-03,18.56735922960011
1996-07-04,35.71825976951703
1996-07-05,20.176644863309093
1996-07-06,16.315007076472853
1996-07-07,8.305861857291816
1996-07-08,5.2695279181809065
1996-07-09,36.263272084094396
1996-07-10,8.789920818161322
1996-07-11,23.12816017060667
1996-07-12,34.03846439638654
1996-07-13,12.328819155290322
1996-07-14,15.873601600930506
1996-07-15,8.859599641046012
1996-07-16,33.024262561991414
1996-07-17,9.032062518435557
1996-07-18,2.825304200319021
1996-07-19,11.407447658680583
1996-07-20,11.217960795840705
1996-07-21,0.0
1996-07-22,10.494732587120021
1996-07-23,15.768261610656175
1996-07-24,2.0575127004570257
1996-07-25,0.0
1996-07-26,0.0
1996-07-27,41.47085661018218
1996-07-28,45.39631725807448
1996-07-29,3.3761866221556804
1996-07-30,13.30775442638913
1996-07-31,17.26957215811756
1996-08-01,1.5822987053039916
1996-08-02,2.618096103539339
1996-08-03,17.525300862418646
1996-08-04,12.935570190081732
1996-08-05,4.716735633241165
1996-08-06,13.415927440532158
1996-08-07,49.68412028293353
1996-08-08,0.8202981022564142
1996-08-09,11.454051603537962
1996-08-10,4.751092519309071
1996-08-11,0.0
1996-08-12,0.0
1996-08-13,9.141838459549728
1996-08-14,3.5103210647766665
1996-08-15,6.568142351870603
1996-08-16,24.652227297425274
1996-08-17,15.681935117454147
1996-08-18,23.686782966594443
1996-08-19,5.228597965192152
1996-08-20,28.86598713172449
1996-08-21,15.478329538493545
1996-08-22,8.173852210512033
1996-08-23,8.277899317242005
1996-08-24,13.522887183202283
1996-08-25,12.2134878711926
1996-08-26,35.27170349617263
1996-08-27,3.031711000848462
1996-08-28,0.0
1996-08-29,22.06579092144967
1996-08-30,13.460646840366163
1996-08-31,19.076775840810832
1996-09-01,21.34442658400214
1996-09-02,18.152894663246908
1996-09-03,13.091012825434275
1996-09-04,31.767385593137227
1996-09-05,44.85839863886705
1996-09-06,11.578405773317497
1996-09-07,25.32359459754584
1996-09-08,18.310015361051306
1996-09-09,6.36652098958557
1996-09-10,6.12933729830626
1996-09-11,33.07088880120098
1996-09-12,23.013177888618937
1996-09-13,15.587857878087341
1996-09-14,17.12473684831246
1996-09-15,25.050128385021885
1996-09-16,12.105253348479403
1996-09-17,8.413983028281383
1996-09-18,1.2427923784062676
1996-09-19,1.9769564937498123
1996-09-20,26.949540836585545
1996-09-21,38.38572573581259
1996-09-22,5.611128592410604
1996-09-23,7.350056696783854
1996-09-24,10.898020557253751
1996-09-25,25.190632124204896
1996-09-26,13.578138155308935
1996-09-27,14.394949617418087
1996-09-28,31.01772104807803
1996-09-29,26.192678612228995
1996-09-30,41.840308676700346
1996-10-01,42.18267224608242
1996-10-02,35.516061664433096
1996-10-03,25.708945016603224
1996-10-04,13.65008186206625
1996-10-05,1.6124990824106584
1996-10-06,20.947178518449938
1996-10-07,11.19188888652905
1996-10-08,11.513639124664104
1996-10-09,33.547822855614335
1996-10-10,42.14791071737135
1996-10-11,47.12245015840274
1996-10-12,61.19219333577801
1996-10-13,18.254460004938622
1996-10-14,20.964179435291815
1996-10-15,0.0
1996-10-16,0.0
1996-10-17,16.32189264772712
1996-10-18,21.035193802939887
1996-10-19,17.92445730961658
1996-10-20,19.57784356539314
1996-10-21,7.794207047771766
1996-10-22,5.391587354242804
1996-10-23,22.582716021586123
1996-10-24,0.0
1996-10-25,0.0
1996-10-26,10.218794879881111
1996-10-27,18.14051108545549
1996-10-28,19.41146722999779
1996-10-29,2.9480717230487525
1996-10-30,0.7893764489405867
1996-10-31,1.0906484864048058
1996-11-01,16.351644106007917
1996-11-02,35.504932534855776
1996-11-03,22.805508086407514
1996-11-04,27.093170159571883
1996-11-05,30.351018942288462
1996-11-06,0.0
1996-11-07,0.0
1996-11-08,15.704583206692261
1996-11-09,15.349997916334388
1996-11-10,18.549030989408497
1996-11-11,0.5796488998709499
1996-11-12,0.5796488998709499
1996-11-13,1.935675642780356
1996-11-14,50.14723506006036
1996-11-15,26.799064370828717
1996-11-16,27.103069124995056
1996-11-17,7.660860424106188
1996-11-18,13.489418346334151
1996-11-19,0.0
1996-11-20,0.0
1996-11-21,40.38396699847402
1996-11-22,0.0
1996-11-23,0.0
1996-11-24,0.0
1996-11-25,0.0
1996-11-26,0.0
1996-11-27,4.838653354225933
1996-11-28,24.29189096512022
1996-11-29,10.907134171071895
1996-11-30,0.4037197437640784
1996-12-01,0.0
1996-12-02,6.621377303994993
1996-12-03,11.431047626645183
1996-12-04,0.0
1996-12-05,0.0
1996-12-06,0.0
1996-12-07,0.0
1996-12-08,3.1039107655351237
1996-12-09,7.877836608000705
1996-12-10,0.0
1996-12-11,0.0
1996-12-12,0.0
1996-12-13,14.9459848567038
1996-12-14,0.0
1996-12-15,0.0
1996-12-16,0.0
1996-12-17,0.0
1996-12-18,0.0
1996-12-19,24.512688846201517
1996-12-20,0.9727397923533984
1996-12-21,20.31597390368179
1996-12-22,0.0
1996-12-23,0.0
1996-12-24,0.0
1996-12-25,0.0
1996-12-26,0.0
1996-12-27,0.0
1996-12-28,0.6384831626673004
1996-12-29,0.0
1996-12-30,0.0
1996-12-31,0.0
1997-01-01,0.0
1997-01-02,0.0
1997-01-03,9.218450263142588
1997-01-04,0.0
1997-01-05,0.0
1997-01-06,0.0
1997-01-07,0.358637525020419
1997-01-08,0.0
1997-01-09,5.769780847671872
1997-01-10,0.0
1997-01-11,0.0
1997-01-12,10.235723736922484
1997-01-13,7.692214908229338
1997-01-14,0.0
1997-01-15,0.0
1997-01-16,0.0
1997-01-17,0.0
1997-01-18,0.0
1997-01-19,0.0
1997-01-20,9.641122368139191
1997-01-21,0.0
1997-01-22,0.0
1997-01-23,11.432990937015498
1997-01-24,0.0
1997-01-25,0.2406698253911895
1997-01-26,0.0
1997-01-27,0.0
1997-01-28,12.00841690156911
1997-01-29,3.397691266359511
1997-01-30,0.0
1997-01-31,0.8528889977448698
1997-02-01,0.0
1997-02-02,0.0
1997-02-03,0.0
1997-02-04,0.0
1997-02-05,1.689882978494909
1997-02-06,0.0
1997-02-07,0.0
1997-02-08,0.6971352261465951
1997-02-09,0.0
1997-02-10,8.369115363504436
1997-02-11,7.510572438908592
1997-02-12,0.0
1997-02-13,0.0
1997-02-14,0.0
1997-02-15,0.0
1997-02-16,4.101647538661556
1997-02-17,0.0
1997-02-18,0.0
1997-02-19,0.0
1997-02-20,0.0
1997-02-21,0.0
1997-02-22,0.0
1997-02-23,0.0
1997-02-24,17.718712809923538
1997-02-25,0.0
1997-02-26,0.0
1997-02-27,5.3710731619818
1997-02-28,0.11039175344882789
1997-03-01,9.274195676518453
1997-03-02,6.714792036426231
1997-03-03,0.0
1997-03-04,0.0
1997-03-05,0.0
1997-03-06,0.0
1997-03-07,0.0
1997-03-08,0.0
1997-03-09,0.0
1997-03-10,0.0
1997-03-11,0.13668622267810077
1997-03-12,0.0
1997-03-13,0.0
1997-03-14,0.0
1997-03-15,0.0
1997-03-16,0.0
1997-03-17,0.0
1997-03-18,0.0
1997-03-19,6.667216319691493
1997-03-20,2.982386925534623
1997-03-21,30.715989052443906
1997-03-22,4.975181409636061
1997-03-23,0.24220453887372412
1997-03-24,0.0
1997-03-25,0.0
1997-03-26,0.0
1997-03-27,0.0
1997-03-28,0.0
1997-03-29,0.0
1997-03-30,0.0
1997-03-31,0.0
1997-04-01,0.0
1997-04-02,0.0
1997-04-03,0.0
1997-04-04,0.0
1997-04-05,0.0
1997-04-06,0.0
1997-04-07,0.0
1997-04-08,0.17550948403171596
1997-04-09,0.0
1997-04-10,1.2372469801355057
1997-04-11,0.0
1997-04-12,0.0
1997-04-13,0.0
1997-04-14,8.365274937294828
1997-04-15,0.0
1997-04-16,0.0
1997-04-17,7.599976361200618
1997-04-18,0.9925260473344781
1997-04-19,0.0
1997-04-20,4.3466028700003765
1997-04-21,0.0
1997-04-22,3.415288539049594
1997-04-23,10.361952444387452
1997-04-24,10.659047156975076
1997-04-25,8.383318999731864
1997-04-26,28.95929168607738
1997-04-27,27.309723458982816
1997-04-28,16.793237036949883
1997-04-29,5.771316743380316
1997-04-30,0.0
1997-05-01,0.11322333200557816
1997-05-02,0.7639603590643086
1997-05-03,2.735430118602676
1997-05-04,11.60228210325177
1997-05-05,28.245916495452065
1997-05-06,0.9445257535254636
1997-05-07,1.695204754737584
1997-05-08,0.0
1997-05-09,0.0
1997-05-10,32.546671233467166
1997-05-11,22.17261210083962
1997-05-12,5.636828726006523
1997-05-13,20.736994099173994
1997-05-14,38.02564314893775
1997-05-15,8.688078553289982
1997-05-16,0.0
1997-05-17,0.0
1997-05-18,0.0
1997-05-19,0.0
1997-05-20,4.895823403387458
1997-05-21,4.912911852469317
1997-05-22,27.824671267657678
1997-05-23,14.612382568620347
1997-05-24,0.0
1997-05-25,13.427221586575383
1997-05-26,21.797994652914035
1997-05-27,25.611137380471106
1997-05-28,22.117484740711546
1997-05-29,16.59003365402286
1997-05-30,9.015345969111538
1997-05-31,14.740362363489906
1997-06-01,26.17903450936885
1997-06-02,22.320086180761066
1997-06-03,19.995666843411087
1997-06-04,15.03581966661118
1997-06-05,13.176553221570481
1997-06-06,13.473551465047375
1997-06-07,31.98671601108603
1997-06-08,3.046935412932087
1997-06-09,10.620641881146947
1997-06-10,0.03588061457550204
1997-06-11,9.63787654887986
1997-06-12,20.123314690751002
1997-06-13,12.550814393807103
1997-06-14,22.558674966564055
1997-06-15,10.51157527114894
1997-06-16,12.698657074892846
1997-06-17,0.37427159781391567
1997-06-18,26.37005491353371
1997-06-19,3.2519152768560367
1997-06-20,34.72077408271867
1997-06-21,5.59153301208406
1997-06-22,2.1245224295637093
1997-06-23,2.0192591786585954
1997-06-24,7.751120061487768
1997-06-25,26.591245211459505
1997-06-26,8.291232836004854
1997-06-27,20.296458482339585
1997-06-28,8.006011030963952
1997-06-29,15.452584735042347
1997-06-30,25.01611321278521
1997-07-01,7.430501381589757
1997-07-02,4.570777299839098
1997-07-03,0.0
1997-07-04,0.0
1997-07-05,10.580550752378803
1997-07-06,0.0
1997-07-07,3.6623572462515273
1997-07-08,10.37469868905641
1997-07-09,13.919683145912922
1997-07-10,8.490375653714752
1997-07-11,0.2175335082653407
1997-07-12,15.542800341506267
1997-07-13,8.3947533352955
1997-07-14,21.46598019028033
1997-07-15,4.469051850204534
1997-07-16,11.486922240337814
1997-07-17,5.563027758050611
1997-07-18,0.0
1997-07-19,0.0
1997-07-20,0.0
1997-07-21,0.0
1997-07-22,0.0
1997-07-23,0.0
1997-07-24,1.1012749998150648
1997-07-25,5.401461996742198
1997-07-26,20.201101287393964
1997-07-27,23.13199434087084
1997-07-28,30.56155006788874
1997-07-29,0.0
1997-07-30,0.0
1997-07-31,1.7775188380399272
1997-08-01,0.6320371923817172
1997-08-02,3.9723457496713963
1997-08-03,6.986383063064237
1997-08-04,8.237101987306332
1997-08-05,0.709677987404772
1997-08-06,0.0
1997-08-07,4.540965505850478
1997-08-08,19.520712150915255
1997-08-09,13.34271940951412
1997-08-10,4.556115052285228
1997-08-11,5.8818299850902065
1997-08-12,29.867089362563316
1997-08-13,5.26852928685981
1997-08-14,8.01268706692232
1997-08-15,10.276251978366764
1997-08-16,17.538406089753725
1997-08-17,0.0
1997-08-18,8.308424683942185
1997-08-19,11.929544180631641
1997-08-20,3.429842537722073
1997-08-21,0.7484563504521914
1997-08-22,2.8258099906347907
1997-08-23,11.848469618607217
1997-08-24,5.220735028587486
1997-08-25,0.4182829735045499
1997-08-26,0.0
1997-08-27,7.505957877112403
1997-08-28,13.728520896789195
1997-08-29,6.192692138858747
1997-08-30,8.644724707144341
1997-08-31,3.84508074195804
1997-09-01,3.774641441433012
1997-09-02,2.8152906814137033
1997-09-03,6.023634057592704
1997-09-04,6.3564437194853225
1997-09-05,0.30970104642816504
1997-09-06,3.457235560223864
1997-09-07,48.86510028226959
1997-09-08,10.964550766590483
1997-09-09,13.009916614841774
1997-09-10,12.590693425890567
1997-09-11,21.666724412626518
1997-09-12,4.486254069048007
1997-09-13,40.940161187906526
1997-09-14,16.320849087592723
1997-09-15,15.198926297394008
1997-09-16,14.616468242294086
1997-09-17,8.294070221685077
1997-09-18,6.992497735732313
1997-09-19,18.819148613794436
1997-09-20,14.512578592107111
1997-09-21,11.037756859450731
1997-09-22,2.226128742098809
1997-09-23,16.55400094631556
1997-09-24,16.109364111278513
1997-09-25,24.52691864484066
1997-09-26,17.63201717106072
1997-09-27,21.961636933120527
1997-09-28,22.701381561723924
1997-09-29,7.923078703719219
1997-09-30,0.0
1997-10-01,11.771910210718985
1997-10-02,18.405401959209836
1997-10-03,24.977123146927042
1997-10-04,85.67110608719493
1997-10-05,8.53321103107285
1997-10-06,16.923547139844384
1997-10-07,10.434752337030465
1997-10-08,16.120876022287323
1997-10-09,25.043618646022438
1997-10-10,15.541100134317944
1997-10-11,35.26115570197236
1997-10-12,6.1380554307755615
1997-10-13,17.577772609285415
1997-10-14,8.122673492475943
1997-10-15,5.984734927580972
1997-10-16,12.356414613490173
1997-10-17,1.391903155508477
1997-10-18,5.844579841538862
1997-10-19,6.02494954650064
1997-10-20,1.1231276277402371
1997-10-21,14.710386510032261
1997-10-22,9.985605882229033
1997-10-23,0.02312735468149186
1997-10-24,0.0
1997-10-25,4.19305140877495
1997-10-26,7.670665995897477
1997-10-27,13.248863866603056
1997-10-28,13.649552485024612
1997-10-29,0.0
1997-10-30,14.874390486124407
1997-10-31,1.6879647207018498
1997-11-01,2.1693863312940347
1997-11-02,6.51971950482678
1997-11-03,20.941633880943876
1997-11-04,16.22242070331767
1997-11-05,48.13290654163105
1997-11-06,24.356832878009698
1997-11-07,19.90855808878268
1997-11-08,43.86959780511019
1997-11-09,9.63956553851431
1997-11-10,15.886415635009078
1997-11-11,17.516583503098108
1997-11-12,13.111578387183116
1997-11-13,47.94278830531482
1997-11-14,9.917047724530505
1997-11-15,11.680964403055814
1997-11-16,3.5239491643937866
1997-11-17,19.941215638373357
1997-11-18,3.86213854841284
1997-11-19,20.188344663864857
1997-11-20,32.062600847031625
1997-11-21,22.25025492664931
1997-11-22,0.0
1997-11-23,5.11255838500487
1997-11-24,25.712751630592994
1997-11-25,39.80923479392723
1997-11-26,32.42200613988414
1997-11-27,26.149541879425183
1997-11-28,0.0
1997-11-29,4.189367741749095
1997-11-30,31.55600131001022
1997-12-01,7.149625529711313
1997-12-02,32.14828528584661
1997-12-03,5.369607361990053
1997-12-04,4.87227575561485
1997-12-05,0.0
1997-12-06,0.0
1997-12-07,0.0
1997-12-08,0.0
1997-12-09,0.0
1997-12-10,18.949680231712968
1997-12-11,0.0
1997-12-12,39.48347124135174
1997-12-13,0.2655150117100897
1997-12-14,0.0
1997-12-15,0.0
1997-12-16,0.0
1997-12-17,0.0
1997-12-18,0.0
1997-12-19,0.0
1997-12-20,0.0
1997-12-21,0.0
1997-12-22,0.0
1997-12-23,0.0
1997-12-24,0.0
1997-12-25,0.0
1997-12-26,0.0
1997-12-27,0.0
1997-12-28,0.0
1997-12-29,0.0
1997-12-30,0.0
1997-12-31,0.0
1998-01-01,0.20321366049953415
1998-01-02,0.0
1998-01-03,0.0
1998-01-04,0.0
1998-01-05,0.0
1998-01-06,7.694537526953062
1998-01-07,0.0
1998-01-08,0.0
1998-01-09,0.0
1998-01-10,0.0
1998-01-11,0.0
1998-01-12,0.0
1998-01-13,0.2613998355494964
1998-01-14,0.0
1998-01-15,0.38034857713894277
1998-01-16,0.0
1998-01-17,0.1852477110318236
1998-01-18,0.0
1998-01-19,0.0
1998-01-20,0.0
1998-01-21,0.0
1998-01-22,0.0
1998-01-23,0.0
1998-01-24,0.0
1998-01-25,0.0
1998-01-26,0.0
1998-01-27,4.710878267682889
1998-01-28,0.0
1998-01-29,0.0
1998-01-30,0.0
1998-01-31,0.0
1998-02-01,0.0
1998-02-02,0.0
1998-02-03,0.0
1998-02-04,13.165251309001771
1998-02-05,5.132966832534688
1998-02-06,4.181922731770053
1998-02-07,5.721337722765435
1998-02-08,7.269395195149088
1998-02-09,0.0
1998-02-10,0.0
1998-02-11,0.23061079270130888
1998-02-12,1.1154497519538211
1998-02-13,0.0
1998-02-14,0.0
1998-02-15,0.0
1998-02-16,0.0
1998-02-17,0.0
1998-02-18,0.0
1998-02-19,0.0
1998-02-20,0.0
1998-02-21,0.5460090254609651
1998-02-22,25.49423690462436
1998-02-23,0.0
1998-02-24,0.0
1998-02-25,0.0
1998-02-26,0.0
1998-02-27,4.625411026179792
1998-02-28,0.0
1998-03-01,0.0
1998-03-02,0.0
1998-03-03,0.0
1998-03-04,0.0
1998-03-05,0.0
1998-03-06,0.0
1998-03-07,0.0
1998-03-08,9.882828611779859
1998-03-09,0.0
1998-03-10,0.4043796195371732
1998-03-11,0.0
1998-03-12,0.17377366185993767
1998-03-13,0.0
1998-03-14,0.0
1998-03-15,0.0
1998-03-16,0.0
1998-03-17,0.0
1998-03-18,0.0
1998-03-19,0.0
1998-03-20,11.783993110060695
1998-03-21,6.642084838671461
1998-03-22,0.34815529109658433
1998-03-23,0.2993041015154607
1998-03-24,12.2195851014474
1998-03-25,0.11835848902528354
1998-03-26,0.0
1998-03-27,0.0
1998-03-28,0.0
1998-03-29,0.34935346623328906
1998-03-30,0.0
1998-03-31,0.04698714694461308
1998-04-01,0.0
1998-04-02,0.0
1998-04-03,0.15258955069490385
1998-04-04,9.449846352274355
1998-04-05,11.259121892017289
1998-04-06,6.083249089282913
1998-04-07,1.0234326263134548
1998-04-08,2.0695774347798253
1998-04-09,0.0
1998-04-10,6.418864892946708
1998-04-11,5.932607615316237
1998-04-12,2.8642081436071862
1998-04-13,0.0
1998-04-14,0.0
1998-04-15,0.0
1998-04-16,0.0
1998-04-17,0.805719624751726
1998-04-18,0.0
1998-04-19,0.21295253242793927
1998-04-20,0.0
1998-04-21,0.4191496706492193
1998-04-22,2.1042369654452484
1998-04-23,0.5789137541039572
1998-04-24,6.355504880885821
1998-04-25,3.7423179283536787
1998-04-26,18.82362776310058
1998-04-27,9.620997698927251
1998-04-28,4.658662433761198
1998-04-29,1.338512960116606
1998-04-30,5.052761593279807
1998-05-01,27.913863751533878
1998-05-02,6.757208863625657
1998-05-03,22.5187785520747
1998-05-04,21.540320866011292
1998-05-05,5.388361730084228
1998-05-06,29.650225909175113
1998-05-07,16.582525544069913
1998-05-08,1.4102927905482219
1998-05-09,1.169022124361348
1998-05-10,0.045460401354609326
1998-05-11,4.787478210555542
1998-05-12,21.736865460469925
1998-05-13,0.0
1998-05-14,0.0
1998-05-15,8.544671921512569
1998-05-16,8.735760700863766
1998-05-17,1.2486445712479388
1998-05-18,5.795741425172705
1998-05-19,5.996842918464463
1998-05-20,0.0
1998-05-21,3.5030243034298363
1998-05-22,6.8386395291702184
1998-05-23,15.407859945216702
1998-05-24,29.006429450737468
1998-05-25,9.279258750379089
1998-05-26,47.26183064241668
1998-05-27,13.328385563315576
1998-05-28,36.85588273728217
1998-05-29,24.70868226241422
1998-05-30,12.198673152843043
1998-05-31,24.70868226241422
1998-06-01,12.753879455295772
1998-06-02,20.78242804794699
1998-06-03,28.3581444878836
1998-06-04,12.956063692634173
1998-06-05,16.02136431996887
1998-06-06,30.3780201818492
1998-06-07,22.409177129333088
1998-06-08,3.6798853084847747
1998-06-09,21.766013566706636
1998-06-10,8.337618438375966
1998-06-11,6.727832365881754
1998-06-12,7.697044387258391
1998-06-13,9.839602693512639
1998-06-14,1.6977900327057456
1998-06-15,22.102088651947078
1998-06-16,3.568873060917533
1998-06-17,7.730957299672271
1998-06-18,6.994392781644256
1998-06-19,18.45358082571546
1998-06-20,10.954953874486527
1998-06-21,13.232570195520251
1998-06-22,27.868840264307494
1998-06-23,20.01551835601395
1998-06-24,1.142417360600588
1998-06-25,6.877498983128654
1998-06-26,8.554396889096985
1998-06-27,32.01325840160654
1998-06-28,20.08080141528233
1998-06-29,11.349266149103642
1998-06-30,10.193954607320803
1998-07-01,0.0
1998-07-02,14.616722050550825
1998-07-03,11.06917490608789
1998-07-04,14.119408770187485
1998-07-05,13.899442602653762
1998-07-06,10.67033942225012
1998-07-07,0.05803494316500588
1998-07-08,38.96145221913185
1998-07-09,19.006883987905212
1998-07-10,1.5657053424699892
1998-07-11,16.904891334675458
1998-07-12,20.038318532544217
1998-07-13,31.41594099877656
1998-07-14,8.452445667337729
1998-07-15,9.579105009098313
1998-07-16,13.696303522264639
1998-07-17,10.066738822170208
1998-07-18,30.723033344423452
1998-07-19,10.066738822170208
1998-07-20,0.0
1998-07-21,0.48072860289264385
1998-07-22,9.389313581022058
1998-07-23,29.66204801362915
1998-07-24,27.76880763753042
1998-07-25,39.803199560255635
1998-07-26,3.475598132489502
1998-07-27,11.236832983187728
1998-07-28,12.865690575056787
1998-07-29,4.469349249391943
1998-07-30,14.56207946768484
1998-07-31,25.93979813279333
1998-08-01,9.883379832111503
1998-08-02,6.871937691359908
1998-08-03,6.4831507832214665
1998-08-04,16.57814186690628
1998-08-05,19.045023016027507
1998-08-06,8.496142235962123
1998-08-07,39.67107446048713
1998-08-08,15.486194425338027
1998-08-09,15.748089495542889
1998-08-10,15.486194425338027
1998-08-11,0.8503080153384727
1998-08-12,7.156574825177321
1998-08-13,14.204173605184302
1998-08-14,7.399674563593158
1998-08-15,12.718507951981316
1998-08-16,21.98271511575661
1998-08-17,27.508036091520992
1998-08-18,39.92083897059029
1998-08-19,32.79940122446499
1998-08-20,39.92083897059029
1998-08-21,10.579251451266783
1998-08-22,16.412808816980682
1998-08-23,12.29666169148845
1998-08-24,19.39747939520591
1998-08-25,20.2551559000402
1998-08-26,37.133569089142064
1998-08-27,10.17134989355062
1998-08-28,32.11827500446424
1998-08-29,11.853005464415293
1998-08-30,23.04950756559502
1998-08-31,26.954843656034093
1998-09-01,27.686786286734254
1998-09-02,9.636650876016237
1998-09-03,9.5346469826795
1998-09-04,25.557739977901058
1998-09-05,8.882889505576449
1998-09-06,33.02963346081813
1998-09-07,13.387353249901055
1998-09-08,44.020201887633355
1998-09-09,7.301210606420364
1998-09-10,23.470007275004654
1998-09-11,28.54463852096249
1998-09-12,21.13360062322102
1998-09-13,23.65256350265968
1998-09-14,20.07286656225051
1998-09-15,0.0
1998-09-16,9.520582514236104
1998-09-17,11.306378463635577
1998-09-18,7.326348934826016
1998-09-19,13.042598675433048
1998-09-20,3.851855757872802
1998-09-21,19.799583264702076
1998-09-22,19.843529143043472
1998-09-23,10.350362049969469
1998-09-24,28.84776889150208
1998-09-25,25.206831354144462
1998-09-26,14.679984600358726
1998-09-27,6.853209789741686
1998-09-28,7.101960593180078
1998-09-29,17.13785882535819
1998-09-30,17.13785882535819
1998-10-01,0.1204248815774918
1998-10-02,14.853391355759394
1998-10-03,8.25470072675396
1998-10-04,16.35713975332879
1998-10-05,19.148767756046485
1998-10-06,25.111148981629203
1998-10-07,29.80607907997596
1998-10-08,1.5790083847335872
1998-10-09,10.47490060450258
1998-10-10,33.77865026689866
1998-10-11,35.796867555057695
1998-10-12,49.820349808480294
1998-10-13,0.35876265168190014
1998-10-14,0.0
1998-10-15,28.943321805950763
1998-10-16,13.535465675834068
1998-10-17,25.253846482650662
1998-10-18,38.010511165535135
1998-10-19,33.32357206779559
1998-10-20,3.4221665965946957
1998-10-21,9.103661857746745
1998-10-22,32.68447761036254
1998-10-23,57.80958668766797
1998-10-24,26.27637211454882
1998-10-25,0.0
1998-10-26,0.0
1998-10-27,0.0
1998-10-28,11.247602264623389
1998-10-29,0.0
1998-10-30,20.62632991333266
1998-10-31,77.82364436742424
1998-11-01,53.99907346190634
1998-11-02,7.626684620573717
1998-11-03,13.96249644740208
1998-11-04,24.47406058617541
1998-11-05,29.51466190009505
1998-11-06,28.63705368662204
1998-11-07,13.724576938796693
1998-11-08,19.43477940599661
1998-11-09,0.0
1998-11-10,0.0
1998-11-11,0.0
1998-11-12,0.15388039721025007
1998-11-13,4.83015471817674
1998-11-14,9.966942342954715
1998-11-15,15.601882147627915
1998-11-16,0.0
1998-11-17,0.0
1998-11-18,11.661145677840393
1998-11-19,2.5926736500617626
1998-11-20,31.44394873122913
1998-11-21,23.65760155505426
1998-11-22,0.6534964172421277
1998-11-23,12.354947231307229
1998-11-24,0.08650795390477055
1998-11-25,0.0
1998-11-26,10.313851569552682
1998-11-27,0.0
1998-11-28,1.8721128053761824
1998-11-29,25.852187015720318
1998-11-30,4.337648288623709
1998-12-01,12.305911473325784
1998-12-02,39.74071913474316
1998-12-03,46.86269368996493
1998-12-04,12.275369278079758
1998-12-05,11.237770140171053
1998-12-06,70.44756145735049
1998-12-07,13.648654905122685
1998-12-08,15.239018670610486
1998-12-09,3.468286181221139
1998-12-10,0.0
1998-12-11,0.8006268981340772
1998-12-12,8.81659482701405
1998-12-13,7.989107186729847
1998-12-14,0.0
1998-12-15,2.617388045465625
1998-12-16,0.0
1998-12-17,14.178150950251407
1998-12-18,34.19335210564976
1998-12-19,16.444673444370974
1998-12-20,10.108628854961012
1998-12-21,5.195693531451195
1998-12-22,3.451372714461508
1998-12-23,0.36751840162921606
1998-12-24,0.0
1998-12-25,10.423331542997747
1998-12-26,0.46805683503279827
1998-12-27,0.0
1998-12-28,2.372000794152956
1998-12-29,0.0
1998-12-30,0.0
1998-12-31,0.0
1999-01-01,0.0
1999-01-02,21.29134323911088
1999-01-03,35.863722241408134
1999-01-04,0.30277946913564535
1999-01-05,0.0
1999-01-06,0.0
1999-01-07,0.0
1999-01-08,0.0
1999-01-09,0.0
1999-01-10,0.0
1999-01-11,0.0
1999-01-12,0.0
1999-01-13,0.0
1999-01-14,14.847186866241536
1999-01-15,0.07937452116528075
1999-01-16,0.0
1999-01-17,0.0
1999-01-18,0.0
1999-01-19,0.0
1999-01-20,0.0
1999-01-21,0.0
1999-01-22,0.0
1999-01-23,1.1649632768051046
1999-01-24,4.431573171873351
1999-01-25,0.0
1999-01-26,0.0
1999-01-27,0.0
1999-01-28,0.0
1999-01-29,0.0
1999-01-30,0.0
1999-01-31,0.0
1999-02-01,0.0
1999-02-02,7.589922181859213
1999-02-03,1.9759350521741696
1999-02-04,0.0
1999-02-05,0.0
1999-02-06,0.0
1999-02-07,0.0
1999-02-08,0.0
1999-02-09,0.0
1999-02-10,0.0
1999-02-11,0.01262175644168983
1999-02-12,5.642457707004775
1999-02-13,1.9969964542904424
1999-02-14,10.935148959425659
1999-02-15,1.0879829772622205
1999-02-16,0.028868901568490115
1999-02-17,14.117325658733785
1999-02-18,31.91404201291703
1999-02-19,12.75000844452833
1999-02-20,3.4067882412188775
1999-02-21,11.898240657271566
1999-02-22,1.9729346125512517
1999-02-23,0.0
1999-02-24,2.800602765099423
1999-02-25,0.0
1999-02-26,0.0
1999-02-27,0.0
1999-02-28,0.0
1999-03-01,0.0
1999-03-02,0.0
1999-03-03,0.0
1999-03-04,0.0
1999-03-05,0.0
1999-03-06,0.0
1999-03-07,0.0
1999-03-08,2.17506714628355
1999-03-09,5.5942585202487765
1999-03-10,0.059353646595735825
1999-03-11,0.0
1999-03-12,0.0
1999-03-13,0.5592985815695816
1999-03-14,5.071848274686854
1999-03-15,3.599610111399278
1999-03-16,0.5564938767536268
1999-03-17,10.178934232407325
1999-03-18,0.0
1999-03-19,0.0
1999-03-20,0.0
1999-03-21,0.0
1999-03-22,0.0
1999-03-23,0.0
1999-03-24,0.0
1999-03-25,0.0
1999-03-26,3.57107419701847
1999-03-27,4.332315462867957
1999-03-28,4.570675542829812
1999-03-29,0.9370795286990505
1999-03-30,0.023024787371223043
1999-03-31,0.0
1999-04-01,0.0
1999-04-02,0.0
1999-04-03,0.39835723872120327
1999-04-04,0.09769261910303222
1999-04-05,10.895622222608813
1999-04-06,0.0
1999-04-07,0.0
1999-04-08,0.0
1999-04-09,0.0
1999-04-10,0.0
1999-04-11,6.047330816251203
1999-04-12,22.083685075310445
1999-04-13,1.5194195188783315
1999-04-14,6.693885013058382
1999-04-15,6.44190031330328
1999-04-16,5.3467222472300415
1999-04-17,8.006683415859133
1999-04-18,15.12755282021858
1999-04-19,0.0
1999-04-20,0.0
1999-04-21,0.0
1999-04-22,0.0
1999-04-23,14.676628667357813
1999-04-24,38.037410532300555
1999-04-25,12.92113771188904
1999-04-26,18.05985733987513
1999-04-27,8.645517398376724
1999-04-28,12.291309384880844
1999-04-29,28.51316043855372
1999-04-30,21.73535774688464
1999-05-01,47.09351323101972
1999-05-02,3.550571266662431
1999-05-03,16.72232356466152
1999-05-04,16.692163956729143
1999-05-05,11.75218130003762
1999-05-06,0.0
1999-05-07,17.688414704558017
1999-05-08,24.458130869511024
1999-05-09,12.517251744060909
1999-05-10,35.376829409116034
1999-05-11,11.598823131338975
1999-05-12,33.616816942756245
1999-05-13,25.294392405329535
1999-05-14,17.075867828485137
1999-05-15,10.78499967665286
1999-05-16,7.290384574315034
1999-05-17,28.84130139689189
1999-05-18,13.628612325199558
1999-05-19,10.022529126421832
1999-05-20,10.732816990565613
1999-05-21,11.332599566192245
1999-05-22,2.799849361583994
1999-05-23,6.047797175678049
1999-05-24,17.236441376241483
1999-05-25,9.685744347805915
1999-05-26,0.0
1999-05-27,0.0
1999-05-28,0.0
1999-05-29,1.2629638209536274
1999-05-30,18.724793244052588
1999-05-31,30.316145053586453
1999-06-01,8.352583144162153
1999-06-02,22.95967973889532
1999-06-03,19.453026248393837
1999-06-04,41.81568107250576
1999-06-05,8.986697422491536
1999-06-06,18.85207706528741
1999-06-07,21.016183888791385
1999-06-08,11.366692950596683
1999-06-09,17.140944835301998
1999-06-10,0.0
1999-06-11,23.042453880245628
1999-06-12,13.770452420051035
1999-06-13,29.315544957244725
1999-06-14,13.588902830070744
1999-06-15,15.91136866687118
1999-06-16,23.297147597010078
1999-06-17,19.77535300359533
1999-06-18,33.5140096823106
1999-06-19,30.336794182255463
1999-06-20,36.26556580292212
1999-06-21,5.0749728887065055
1999-06-22,5.624276360345855
1999-06-23,35.57326663788913
1999-06-24,12.083710961446574
1999-06-25,0.8443903677366877
1999-06-26,2.2549334367787526
1999-06-27,31.444713383913047
1999-06-28,1.4349714588071856
1999-06-29,13.033878354808772
1999-06-30,16.3082583965482
1999-07-01,18.37639019980624
1999-07-02,27.5399671237211
1999-07-03,5.66077944978669
1999-07-04,7.073970114258498
1999-07-05,4.954423836155518
1999-07-06,4.906703522881947
1999-07-07,9.579187270555952
1999-07-08,9.41409543982229
1999-07-09,10.48685904672823
1999-07-10,7.236687180560989
1999-07-11,3.469560434991445
1999-07-12,11.651065585782403
1999-07-13,4.712131131339721
1999-07-14,7.810658851487414
1999-07-15,6.179147498027702
1999-07-16,5.202056933093718
1999-07-17,4.488027303605467
1999-07-18,4.097241905089972
1999-07-19,4.738418617159936
1999-07-20,27.547000105316577
1999-07-21,5.6560183459439815
1999-07-22,10.69351092282985
1999-07-23,15.884582258559568
1999-07-24,0.15949274438458524
1999-07-25,0.3279765131505761
1999-07-26,9.798891631735337
1999-07-27,17.67466009549193
1999-07-28,14.095696564059004
1999-07-29,3.4165458236191726
1999-07-30,2.602560218020871
1999-07-31,11.118614759396864
1999-08-01,12.2558499063189
1999-08-02,44.91999289876707
1999-08-03,15.782126978039749
1999-08-04,28.390763813579415
1999-08-05,54.03442132956274
1999-08-06,17.6988610589021
1999-08-07,14.23256843355862
1999-08-08,13.633883391280438
1999-08-09,16.559876665472988
1999-08-10,18.875358581542976
1999-08-11,14.959812356008067
1999-08-12,14.55677762184595
1999-08-13,18.48397189217646
1999-08-14,10.481321380549192
1999-08-15,3.4721323604116576
1999-08-16,9.922641056212221
1999-08-17,4.952348786431391
1999-08-18,14.430368401714277
1999-08-19,40.86284035605355
1999-08-20,22.173143535852446
1999-08-21,23.257627843199558
1999-08-22,23.473616928667642
1999-08-23,36.13782254103069
1999-08-24,17.035846245852678
1999-08-25,11.951361663035447
1999-08-26,32.3492199118073
1999-08-27,26.547490794110953
1999-08-28,19.609244730826976
1999-08-29,14.740012705326084
1999-08-30,9.508527995766823
1999-08-31,46.57713501356746
1999-09-01,40.88647998829148
1999-09-02,22.61051815184388
1999-09-03,12.884011666517004
1999-09-04,13.59064614974164
1999-09-05,35.45091932931464
1999-09-06,18.28816614521517
1999-09-07,32.73067621121537
1999-09-08,23.08904384882064
1999-09-09,26.266201599224203
1999-09-10,15.794766941988797
1999-09-11,32.615060087796806
1999-09-12,35.57864470981264
1999-09-13,31.101760429305017
1999-09-14,54.35977086505376
1999-09-15,18.364582741582723
1999-09-16,17.86512273107026
1999-09-17,0.4010298304461145
1999-09-18,36.774752979343006
1999-09-19,15.483354874760721
1999-09-20,27.82849834980193
1999-09-21,27.066615365646985
1999-09-22,37.73768665258951
1999-09-23,2.150232634834342
1999-09-24,53.817865239607336
1999-09-25,27.778618504872203
1999-09-26,31.731027359898043
1999-09-27,78.8158269282934
1999-09-28,23.803206763557498
1999-09-29,13.198354016284688
1999-09-30,29.205185660639327
1999-10-01,32.64454558733348
1999-10-02,6.660917352985693
1999-10-03,20.321393478963827
1999-10-04,23.711215243548967
1999-10-05,18.003848761924225
1999-10-06,19.594775453209888
1999-10-07,27.028136257787015
1999-10-08,18.33937696427913
1999-10-09,36.83721105955744
1999-10-10,24.057126325932717
1999-10-11,30.25127995457199
1999-10-12,37.087792745313145
1999-10-13,20.04699500710578
1999-10-14,11.543906562231683
1999-10-15,16.33084931365542
1999-10-16,37.67186672462001
1999-10-17,24.0044250661457
1999-10-18,13.546358781489168
1999-10-19,18.81658805181852
1999-10-20,27.190558525356096
1999-10-21,22.4494249675725
1999-10-22,24.07531127494735
1999-10-23,30.272702618225207
1999-10-24,31.85075347729633
1999-10-25,17.330122089869274
1999-10-26,8.886575234902875
1999-10-27,19.442984804913806
1999-10-28,100.92577099477927
1999-10-29,14.145919993922522
1999-10-30,23.90828915061178
1999-10-31,6.9319769317233915
1999-11-01,0.5314091975624499
1999-11-02,43.99605670893515
1999-11-03,8.106178139109872
1999-11-04,14.658945558441655
1999-11-05,0.4229531320365701
1999-11-06,29.902700652141835
1999-11-07,26.650610842414814
1999-11-08,25.733325699696675
1999-11-09,0.0
1999-11-10,37.61686344243385
1999-11-11,4.8631864270648455
1999-11-12,47.133980776812585
1999-11-13,2.3799723149151424
1999-11-14,3.4732534756531597
1999-11-15,1.4984685182571416
1999-11-16,49.42303889345479
1999-11-17,0.0
1999-11-18,0.0
1999-11-19,0.0
1999-11-20,18.205113542241023
1999-11-21,12.541131921716643
1999-11-22,0.0
1999-11-23,0.0
1999-11-24,0.0
1999-11-25,1.5510468305768197
1999-11-26,0.0
1999-11-27,0.0
1999-11-28,0.0
1999-11-29,0.0
1999-11-30,0.0
1999-12-01,0.0
1999-12-02,0.0
1999-12-03,0.0
1999-12-04,0.9156644585970288
1999-12-05,17.653801097257727
1999-12-06,0.965437953536575
1999-12-07,0.0
1999-12-08,0.0
1999-12-09,0.0
1999-12-10,13.981508134184663
1999-12-11,15.458257511459497
1999-12-12,11.662369668685104
1999-12-13,7.325199447572236
1999-12-14,0.0
1999-12-15,1.1784357984323766
1999-12-16,23.16781240298942
1999-12-17,0.0
1999-12-18,14.313256134455271
1999-12-19,37.718204867195446
1999-12-20,0.0
1999-12-21,25.795013842550492
1999-12-22,0.0
1999-12-23,0.0
1999-12-24,2.131233212311526
1999-12-25,1.967439247949704
1999-12-26,0.0
1999-12-27,0.0
1999-12-28,0.0
1999-12-29,11.849489155653362
1999-12-30,0.0
1999-12-31,0.0
2000-01-01,0.0
2000-01-02,0.0
2000-01-03,0.0
2000-01-04,25.84838928584312
2000-01-05,0.0
2000-01-06,0.0
2000-01-07,0.024007381619633863
2000-01-08,0.0
2000-01-09,23.001438941504514
2000-01-10,0.0
2000-01-11,1.5900460586354546
2000-01-12,0.0
2000-01-13,0.0
2000-01-14,0.0
2000-01-15,0.0
2000-01-16,0.0
2000-01-17,0.0
2000-01-18,0.0
2000-01-19,0.0
2000-01-20,0.0
2000-01-21,0.0
2000-01-22,0.0
2000-01-23,0.0
2000-01-24,0.5192917438374984
2000-01-25,0.0
2000-01-26,0.0
2000-01-27,0.0
2000-01-28,0.0
2000-01-29,0.0
2000-01-30,0.0
2000-01-31,1.2886266913768414
2000-02-01,0.0
2000-02-02,0.0
2000-02-03,0.0
2000-02-04,3.105066688680972
2000-02-05,0.0
2000-02-06,0.0
2000-02-07,0.0
2000-02-08,0.0
2000-02-09,0.0
2000-02-10,0.06391583624723798
2000-02-11,0.0
2000-02-12,0.0
2000-02-13,0.0
2000-02-14,0.0
2000-02-15,0.0
2000-02-16,0.0
2000-02-17,1.655885157250875
2000-02-18,0.0
2000-02-19,7.626446061843152
2000-02-20,0.0
2000-02-21,0.0
2000-02-22,1.0381983913279873
2000-02-23,0.0
2000-02-24,0.0
2000-02-25,0.0
2000-02-26,10.388749746051998
2000-02-27,0.0
2000-02-28,0.0
2000-02-29,0.0
2000-03-01,0.0
2000-03-02,0.0
2000-03-03,0.0
2000-03-04,4.18436099790238
2000-03-05,7.643574835682241
2000-03-06,0.0
2000-03-07,5.133827838543299
2000-03-08,7.0611019562426485
2000-03-09,6.743067874900394
2000-03-10,0.0
2000-03-11,0.0
2000-03-12,0.0
2000-03-13,0.0
2000-03-14,0.0
2000-03-15,0.0
2000-03-16,1.0310635473075755
2000-03-17,4.75491377822048
2000-03-18,0.1350187112552089
2000-03-19,0.0
2000-03-20,0.0
2000-03-21,0.0
2000-03-22,0.0
2000-03-23,2.18222247043977
2000-03-24,0.0
2000-03-25,0.0
2000-03-26,0.0
2000-03-27,0.0
2000-03-28,0.0
2000-03-29,0.0
2000-03-30,8.308345446715485
2000-03-31,0.0
2000-04-01,0.0
2000-04-02,0.21901352904938368
2000-04-03,1.0650469767483508
2000-04-04,5.27040321661814
2000-04-05,6.11831631853774
2000-04-06,0.0
2000-04-07,0.0
2000-04-08,1.642797593027354
2000-04-09,3.885829622882445
2000-04-10,3.478058171836106
2000-04-11,0.0
2000-04-12,0.0
2000-04-13,0.0
2000-04-14,11.258394741528747
2000-04-15,12.395253581775206
2000-04-16,6.904518387607629
2000-04-17,5.637623050124261
2000-04-18,1.4220208503507283
2000-04-19,0.7610254766973292
2000-04-20,3.09041645478558
2000-04-21,4.5259817480235505
2000-04-22,8.843065674240528
2000-04-23,9.480080245314422
2000-04-24,8.379960043607532
2000-04-25,9.367931759438004
2000-04-26,5.275516889083226
2000-04-27,0.6128204338554597
2000-04-28,0.6648845580985419
2000-04-29,2.285135122569833
2000-04-30,3.3486626381306244
2000-05-01,27.632407717608125
2000-05-02,13.163916687707646
2000-05-03,7.391924224793913
2000-05-04,0.646084687194309
2000-05-05,9.462670149231283
2000-05-06,7.075498583449707
2000-05-07,18.37544540658191
2000-05-08,4.564328490378891
2000-05-09,9.431176612304677
2000-05-10,7.621957632536826
2000-05-11,13.929042972020204
2000-05-12,16.159300556456728
2000-05-13,10.34360161584777
2000-05-14,20.407937430046704
2000-05-15,21.032868530299222
2000-05-16,0.0
2000-05-17,29.729999846703304
2000-05-18,37.36195098387228
2000-05-19,21.90447331280323
2000-05-20,27.405218212185687
2000-05-21,9.771138022276197
2000-05-22,27.80805479835821
2000-05-23,13.274342493833727
2000-05-24,19.956041559174263
2000-05-25,9.916126962449102
2000-05-26,11.057137436963421
2000-05-27,17.57377504215048
2000-05-28,57.99125988096807
2000-05-29,44.3824174114176
2000-05-30,22.114274873926842
2000-05-31,22.156994819641124
2000-06-01,18.442022212453796
2000-06-02,29.306944478202517
2000-06-03,9.7689816027477
2000-06-04,10.275811744904198
2000-06-05,9.860987095816718
2000-06-06,36.68985976399603
2000-06-07,24.38142914304863
2000-06-08,15.62927926150529
2000-06-09,5.5376269462946315
2000-06-10,29.422216283308504
2000-06-11,4.897861341366898
2000-06-12,7.056951086062034
2000-06-13,16.211331537446465
2000-06-14,16.028895571022424
2000-06-15,23.844897854972544
2000-06-16,0.09511637083581978
2000-06-17,19.453841602480093
2000-06-18,35.504576856220105
2000-06-19,17.484609189065726
2000-06-20,9.15124516712653
2000-06-21,11.943719084601149
2000-06-22,44.95738101005555
2000-06-23,33.462419046743506
2000-06-24,21.634535826541292
2000-06-25,2.5950160658842814
2000-06-26,13.6626392832479
2000-06-27,4.526394319594713
2000-06-28,0.0
2000-06-29,0.0
2000-06-30,6.146551172274192
2000-07-01,15.057964432481175
2000-07-02,1.1952800119446747
2000-07-03,1.4971935842689637
2000-07-04,1.9226790010123644
2000-07-05,6.9350197524637816
2000-07-06,23.47236554082987
2000-07-07,12.256233958376423
2000-07-08,10.901080033867748
2000-07-09,0.0
2000-07-10,0.0
2000-07-11,6.497118201408839
2000-07-12,0.3602910407290266
2000-07-13,0.0
2000-07-14,10.98672151041998
2000-07-15,9.171587395708304
2000-07-16,12.126846442351475
2000-07-17,16.686622971819865
2000-07-18,21.057642501753737
2000-07-19,5.8729659041037445
2000-07-20,13.754595738005
2000-07-21,5.938866233100764
2000-07-22,35.23370236480559
2000-07-23,1.552073586832833
2000-07-24,22.72743814096258
2000-07-25,5.107911435736194
2000-07-26,44.48786376779144
2000-07-27,12.405726015970515
2000-07-28,19.514938073786535
2000-07-29,13.779275432631783
2000-07-30,6.8896377163158915
2000-07-31,10.393918532576114
2000-08-01,6.783158275323946
2000-08-02,28.6301668656839
2000-08-03,18.317084659193018
2000-08-04,30.034669232529577
2000-08-05,4.078073390029573
2000-08-06,4.082146364289362
2000-08-07,20.496413126587875
2000-08-08,12.15692470343532
2000-08-09,7.278464388001613
2000-08-10,5.615034435850545
2000-08-11,0.0
2000-08-12,0.8662072674849551
2000-08-13,7.936247722724004
2000-08-14,7.6921999043709555
2000-08-15,2.9183478535631235
2000-08-16,0.4714173509462461
2000-08-17,3.730749297585038
2000-08-18,6.330479910244816
2000-08-19,4.838092475525434
2000-08-20,7.584067679538921
2000-08-21,0.0
2000-08-22,0.0
2000-08-23,16.601226699110626
2000-08-24,23.308970432829224
2000-08-25,14.96543343647107
2000-08-26,23.764481186464028
2000-08-27,9.186078882096586
2000-08-28,9.284553466817815
2000-08-29,15.500890165567398
2000-08-30,28.373131102806816
2000-08-31,27.558236765700425
2000-09-01,17.964777328678085
2000-09-02,30.336037518204883
2000-09-03,9.7014795159166
2000-09-04,23.163003882040854
2000-09-05,20.422045693204215
2000-09-06,8.160281278192999
2000-09-07,16.27664058454134
2000-09-08,11.048321039491412
2000-09-09,27.324922585004096
2000-09-10,19.54806218920528
2000-09-11,25.59386448682966
2000-09-12,25.49059895244805
2000-09-13,10.015807800196313
2000-09-14,26.48944237989349
2000-09-15,34.15543392461701
2000-09-16,16.847990120584907
2000-09-17,30.380215683498914
2000-09-18,35.83592820006449
2000-09-19,47.676374412871716
2000-09-20,22.73528386612197
2000-09-21,39.79682664210731
2000-09-22,0.2952418117909819
2000-09-23,11.018283062690019
2000-09-24,19.495834413815192
2000-09-25,44.073132250760075
2000-09-26,5.9869277710850195
2000-09-27,9.618945477782072
2000-09-28,41.59163712005358
2000-09-29,46.84562622856451
2000-09-30,18.49574364439862
2000-10-01,10.685037384564815
2000-10-02,11.543877255272223
2000-10-03,25.316675253011095
2000-10-04,33.4363917257335
2000-10-05,15.654666393189828
2000-10-06,1.392418489262865
2000-10-07,0.0
2000-10-08,1.496800919239586
2000-10-09,16.440198924493156
2000-10-10,9.480260100316363
2000-10-11,8.09479254766091
2000-10-12,25.258883535861976
2000-10-13,21.64850796235575
2000-10-14,6.207200619820003
2000-10-15,7.578801684282925
2000-10-16,8.410191375661546
2000-10-17,3.9081442700447275
2000-10-18,9.395981933216794
2000-10-19,16.82038275132309
2000-10-20,21.627671304989512
2000-10-21,19.050384694257307
2000-10-22,6.102002192792057
2000-10-23,11.081636328350855
2000-10-24,10.523586140492483
2000-10-25,30.169682998109515
2000-10-26,31.378810052130678
2000-10-27,32.25666461844703
2000-10-28,5.094661302864553
2000-10-29,21.012964903100126
2000-10-30,33.51105103299426
2000-10-31,18.87199735037379
2000-11-01,54.281079358345764
2000-11-02,7.256293645581686
2000-11-03,2.8792328536510476
2000-11-04,0.0
2000-11-05,0.0
2000-11-06,0.23178003124288615
2000-11-07,0.0
2000-11-08,0.0
2000-11-09,2.659361165520308
2000-11-10,29.932154694119017
2000-11-11,16.347015893942604
2000-11-12,18.242903860839647
2000-11-13,0.0
2000-11-14,0.0
2000-11-15,0.0
2000-11-16,0.0
2000-11-17,0.3063529911073479
2000-11-18,23.35912168025971
2000-11-19,27.78106097514565
2000-11-20,27.373836160511587
2000-11-21,2.558294219745173
2000-11-22,0.0
2000-11-23,0.0
2000-11-24,0.0
2000-11-25,0.0
2000-11-26,0.0
2000-11-27,0.0
2000-11-28,0.7008504070140222
2000-11-29,10.546784061032376
2000-11-30,22.148328561637857
2000-12-01,9.76958842535277
2000-12-02,59.77386291768101
2000-12-03,8.686283977450554
2000-12-04,7.115229146706094
2000-12-05,6.576832741901684
2000-12-06,19.519768330696476
2000-12-07,4.816814112904911
2000-12-08,0.0
2000-12-09,0.0
2000-12-10,0.0
2000-12-11,0.0
2000-12-12,0.0
2000-12-13,0.0
2000-12-14,0.0
2000-12-15,0.0
2000-12-16,7.009984457512968
2000-12-17,0.09359171704666037
2000-12-18,0.0
2000-12-19,0.0
2000-12-20,0.8176914240057407
2000-12-21,0.0
2000-12-22,3.4576695184852633
2000-12-23,0.0
2000-12-24,0.0
2000-12-25,0.0
2000-12-26,0.0
2000-12-27,17.19130103249808
2000-12-28,7.129226640269567
2000-12-29,3.3490555785797747
2000-12-30,0.0
2000-12-31,0.0
2001-01-01,8.52883420522149
2001-01-02,27.11815847375909
2001-01-03,0.48387512222335155
2001-01-04,0.42475639001743226
2001-01-05,0.0
2001-01-06,0.0
2001-01-07,0.0
2001-01-08,0.0
2001-01-09,0.0
2001-01-10,0.0
2001-01-11,0.0
2001-01-12,0.0
2001-01-13,0.0
2001-01-14,0.0
2001-01-15,0.0
2001-01-16,0.0
2001-01-17,0.0
2001-01-18,0.0
2001-01-19,0.0
2001-01-20,9.516466127557534
2001-01-21,0.0
2001-01-22,0.0
2001-01-23,0.0
2001-01-24,0.0
2001-01-25,0.0
2001-01-26,0.0
2001-01-27,0.0
2001-01-28,0.0
2001-01-29,0.0
2001-01-30,0.0
2001-01-31,0.0
2001-02-01,0.0
2001-02-02,0.0
2001-02-03,0.0
2001-02-04,0.0
2001-02-05,2.9415801908518824
2001-02-06,0.7102876498892503
2001-02-07,2.029005953589002
2001-02-08,4.61423434397659
2001-02-09,4.61423434397659
2001-02-10,4.61423434397659
2001-02-11,0.0
2001-02-12,0.0
2001-02-13,0.0
2001-02-14,0.0
2001-02-15,0.6618141241975736
2001-02-16,0.0
2001-02-17,0.0
2001-02-18,0.0
2001-02-19,0.0
2001-02-20,0.0
2001-02-21,0.0
2001-02-22,0.7083583085520849
2001-02-23,0.0
2001-02-24,0.0
2001-02-25,0.0
2001-02-26,0.0
2001-02-27,1.1027650565311722
2001-02-28,0.0
2001-03-01,0.0
2001-03-02,0.0
2001-03-03,0.0
2001-03-04,0.0
2001-03-05,0.0
2001-03-06,0.0
2001-03-07,0.0
2001-03-08,0.0
2001-03-09,0.0
2001-03-10,11.054222202985677
2001-03-11,0.15960504376405
2001-03-12,0.0
2001-03-13,0.0
2001-03-14,0.0
2001-03-15,0.0
2001-03-16,0.0
2001-03-17,10.257103294134144
2001-03-18,0.0
2001-03-19,3.610912308902355
2001-03-20,0.0
2001-03-21,4.5074956643621675
2001-03-22,0.0
2001-03-23,0.0
2001-03-24,5.144388027791237
2001-03-25,4.311476754074968
2001-03-26,4.86582991923835
2001-03-27,5.641491642070784
2001-03-28,0.0
2001-03-29,16.24851394505115
2001-03-30,5.035733788400084
2001-03-31,5.783732960151662
2001-04-01,10.651915136019928
2001-04-02,0.12883119365653478
2001-04-03,0.0
2001-04-04,0.0
2001-04-05,0.0
2001-04-06,0.0
2001-04-07,0.2227124829801757
2001-04-08,14.137160373499274
2001-04-09,0.5308094125593437
2001-04-10,2.0263057297498395
2001-04-11,0.49982779714706793
2001-04-12,0.5267100962432657
2001-04-13,0.3050063646121606
2001-04-14,10.956952766691513
2001-04-15,7.673225279696086
2001-04-16,0.7674093398492081
2001-04-17,0.19039701859189856
2001-04-18,3.4024145012671085
2001-04-19,4.043186348485384
2001-04-20,3.298074853354814
2001-04-21,0.0
2001-04-22,2.2458072881642233
2001-04-23,2.2566804685504054
2001-04-24,3.1272119911941334
2001-04-25,0.0
2001-04-26,0.0
2001-04-27,0.0
2001-04-28,0.021213364711887134
2001-04-29,2.758502820103959
2001-04-30,6.912231262370542
2001-05-01,11.533455884335817
2001-05-02,6.225932388289556
2001-05-03,21.360623858264976
2001-05-04,3.1074608910728156
2001-05-05,0.0
2001-05-06,2.080578650171693
2001-05-07,0.0
2001-05-08,9.181253595932114
2001-05-09,28.87335103830776
2001-05-10,0.0
2001-05-11,0.0
2001-05-12,8.537607320458507
2001-05-13,31.166129098550712
2001-05-14,25.169098199219327
2001-05-15,25.284107304102672
2001-05-16,29.37995304690827
2001-05-17,14.689976523454135
2001-05-18,14.689976523454135
2001-05-19,29.37995304690827
2001-05-20,29.37995304690827
2001-05-21,25.41566322864714
2001-05-22,0.0
2001-05-23,21.4473859051595
2001-05-24,8.545358703144501
2001-05-25,18.832713368776687
2001-05-26,43.89115317286674
2001-05-27,15.676352099389646
2001-05-28,30.835817231117087
2001-05-29,15.471367471524191
2001-05-30,25.90579961119472
2001-05-31,54.84540162054271
2001-06-01,23.17625125034436
2001-06-02,36.67913091263257
2001-06-03,13.186849906637866
2001-06-04,28.418126644314963
2001-06-05,6.031904483566415
2001-06-06,2.905002740790716
2001-06-07,14.76701574551093
2001-06-08,10.356120146811014
2001-06-09,11.336954349400227
2001-06-10,28.83628179656493
2001-06-11,28.821896725409754
2001-06-12,3.8829106446859005
2001-06-13,1.5294830126536867
2001-06-14,13.929788271921717
2001-06-15,0.0
2001-06-16,0.0
2001-06-17,11.976357958405409
2001-06-18,0.0
2001-06-19,1.3344365545624015
2001-06-20,9.827717362324133
2001-06-21,8.094563390958955
2001-06-22,8.593859704563748
2001-06-23,6.409314859155064
2001-06-24,4.732411017490402
2001-06-25,7.105493498613706
2001-06-26,0.0
2001-06-27,0.0
2001-06-28,12.499862630826401
2001-06-29,22.946752993641677
2001-06-30,22.852098911195192
2001-07-01,10.389591510231435
2001-07-02,0.25137388142379563
2001-07-03,0.0
2001-07-04,0.0
2001-07-05,17.738532108632295
2001-07-06,25.882101663866568
2001-07-07,8.10265639102137
2001-07-08,12.524286222417617
2001-07-09,28.19828376415615
2001-07-10,14.099141882078076
2001-07-11,14.76982188285203
2001-07-12,3.255113176196009
2001-07-13,0.885259564059812
2001-07-14,13.584725822145877
2001-07-15,15.285378178027843
2001-07-16,0.20659727744154033
2001-07-17,5.449694150202984
2001-07-18,41.67855584540884
2001-07-19,17.039086650754957
2001-07-20,28.002778725849627
2001-07-21,34.78219370503684
2001-07-22,9.108593249039073
2001-07-23,0.0
2001-07-24,0.43136102927697684
2001-07-25,6.866769551022635
2001-07-26,10.834463304361787
2001-07-27,0.0
2001-07-28,0.0
2001-07-29,1.560906925918283
2001-07-30,1.703246005282209
2001-07-31,0.12246777016568833
2001-08-01,0.0
2001-08-02,5.510817416012288
2001-08-03,17.04744635200179
2001-08-04,32.09869368656262
2001-08-05,29.119422561010804
2001-08-06,3.8482478233809414
2001-08-07,0.0
2001-08-08,13.507802118723465
2001-08-09,10.78767798317445
2001-08-10,19.48420761646452
2001-08-11,18.762181373866834
2001-08-12,4.15017967530199
2001-08-13,3.395108976074168
2001-08-14,14.57541533801202
2001-08-15,14.270677265283226
2001-08-16,29.606885754981562
2001-08-17,0.0
2001-08-18,3.7232375499364507
2001-08-19,0.3422901904260791
2001-08-20,0.10935940110200164
2001-08-21,13.294532038472797
2001-08-22,18.247984414165085
2001-08-23,14.438074315319195
2001-08-24,13.242207364053343
2001-08-25,24.801785956363428
2001-08-26,22.919204277766724
2001-08-27,8.311966008431208
2001-08-28,22.95657133371444
2001-08-29,8.785697401576755
2001-08-30,13.288773698782602
2001-08-31,10.272364427914491
2001-09-01,32.492896170229535
2001-09-02,47.366187480655896
2001-09-03,10.649583872105628
2001-09-04,32.02541572016639
2001-09-05,16.02480808746171
2001-09-06,13.387546786585373
2001-09-07,14.968834979308625
2001-09-08,17.400158022303845
2001-09-09,12.50066673352912
2001-09-10,11.998878165274055
2001-09-11,0.4883331390651498
2001-09-12,35.53834888258497
2001-09-13,33.40306121835838
2001-09-14,16.70153060917919
2001-09-15,4.243385598063471
2001-09-16,18.805462660217618
2001-09-17,0.0
2001-09-18,12.981794457379229
2001-09-19,15.742778500189658
2001-09-20,0.0
2001-09-21,15.779045575776614
2001-09-22,13.282251068667788
2001-09-23,15.199532399709165
2001-09-24,16.115084676323715
2001-09-25,14.822301535993011
2001-09-26,0.46384533635667863
2001-09-27,26.236990422815897
2001-09-28,45.29632359582026
2001-09-29,12.73029823198512
2001-09-30,4.948468110448607
2001-10-01,0.0
2001-10-02,0.0
2001-10-03,0.0
2001-10-04,11.148411819459621
2001-10-05,21.686527313412856
2001-10-06,19.421406527628776
2001-10-07,11.900022782989456
2001-10-08,23.181423903317075
2001-10-09,2.2581201787735976
2001-10-10,5.356864236899326
2001-10-11,27.3204374542913
2001-10-12,0.0
2001-10-13,4.323041770103817
2001-10-14,14.84132474016499
2001-10-15,0.6185197959075106
2001-10-16,26.065425022228354
2001-10-17,34.87505583827561
2001-10-18,42.36242353513435
2001-10-19,17.77226461107667
2001-10-20,35.40865477355753
2001-10-21,23.52119607941525
2001-10-22,37.8049596966924
2001-10-23,46.16831848911338
2001-10-24,15.471336330513699
2001-10-25,0.0
2001-10-26,13.139404203843428
2001-10-27,60.55816910315207
2001-10-28,13.934501504173152
2001-10-29,0.2084195662189175
2001-10-30,16.20045250332034
2001-10-31,62.586389486854145
2001-11-01,19.50299565131601
2001-11-02,0.0
2001-11-03,5.4061478360279205
2001-11-04,41.905626973187616
2001-11-05,0.0
2001-11-06,0.0
2001-11-07,10.381549066788443
2001-11-08,0.0
2001-11-09,13.69037270062679
2001-11-10,1.7424805631508702
2001-11-11,0.0
2001-11-12,3.1765406353248142
2001-11-13,16.386087698710938
2001-11-14,30.593340834250327
2001-11-15,20.86162201133935
2001-11-16,28.589953358108936
2001-11-17,1.012050989109117
2001-11-18,23.416033526530143
2001-11-19,40.44653524015402
2001-11-20,3.9006474650389453
2001-11-21,8.236602430810803
2001-11-22,2.0247894968535456
2001-11-23,24.907597636854337
2001-11-24,31.869645792890253
2001-11-25,24.152870456109177
2001-11-26,34.104209116987285
2001-11-27,1.2739352555693808
2001-11-28,0.0
2001-11-29,0.0
2001-11-30,0.0
2001-12-01,0.10086350928287251
2001-12-02,0.0
2001-12-03,0.0
2001-12-04,0.0
2001-12-05,0.0
2001-12-06,0.0
2001-12-07,4.198142303405582
2001-12-08,0.0
2001-12-09,11.792543124910951
2001-12-10,0.0
2001-12-11,0.0
2001-12-12,18.262589273219177
2001-12-13,8.019468765907192
2001-12-14,0.0
2001-12-15,0.896761830996823
2001-12-16,0.0
2001-12-17,0.0
2001-12-18,0.0
2001-12-19,0.0
2001-12-20,0.0
2001-12-21,7.54591905174626
2001-12-22,3.137600094180656
2001-12-23,1.4693498643668925
2001-12-24,0.0
2001-12-25,14.418376982212072
2001-12-26,8.84635994130293
2001-12-27,6.171424257292139
2001-12-28,5.882800058738608
2001-12-29,0.0
2001-12-30,8.942648782319319
2001-12-31,13.325953643668349
2002-01-01,0.0
2002-01-02,13.82412720471621
2002-01-03,5.5093747432771565
2002-01-04,11.251834998863774
2002-01-05,0.0
2002-01-06,0.0
2002-01-07,0.0
2002-01-08,10.145530992464444
2002-01-09,0.0
2002-01-10,0.0
2002-01-11,0.0
2002-01-12,0.0
2002-01-13,0.40330590831266877
2002-01-14,0.0
2002-01-15,0.0
2002-01-16,0.0
2002-01-17,0.0
2002-01-18,0.6585712571804591
2002-01-19,0.0
2002-01-20,0.0
2002-01-21,0.0
2002-01-22,0.0
2002-01-23,0.0
2002-01-24,0.0
2002-01-25,0.0
2002-01-26,0.0
2002-01-27,0.0
2002-01-28,0.0
2002-01-29,0.0
2002-01-30,0.0
2002-01-31,0.0
2002-02-01,0.0
2002-02-02,0.0
2002-02-03,1.359850291968198
2002-02-04,0.0
2002-02-05,0.0
2002-02-06,0.0
2002-02-07,1.2556016243792874
2002-02-08,0.0
2002-02-09,0.0
2002-02-10,0.0
2002-02-11,0.0
2002-02-12,0.0
2002-02-13,0.0
2002-02-14,0.0
2002-02-15,0.0
2002-02-16,0.0
2002-02-17,0.0
2002-02-18,0.0
2002-02-19,0.0
2002-02-20,0.0
2002-02-21,0.0
2002-02-22,2.019393567599961
2002-02-23,25.698550611331655
2002-02-24,0.0
2002-02-25,0.0
2002-02-26,0.0
2002-02-27,0.0
2002-02-28,0.0
2002-03-01,0.0
2002-03-02,0.0
2002-03-03,0.0
2002-03-04,0.0
2002-03-05,0.0
2002-03-06,0.0
2002-03-07,0.0
2002-03-08,0.0
2002-03-09,0.0
2002-03-10,0.0
2002-03-11,0.0
2002-03-12,0.0
2002-03-13,0.0
2002-03-14,0.0
2002-03-15,0.0
2002-03-16,0.18804494291543963
2002-03-17,0.0
2002-03-18,4.206528275399596
2002-03-19,10.623490600368465
2002-03-20,0.7060127791923447
2002-03-21,8.73976881590647
2002-03-22,0.04075484511417313
2002-03-23,0.0
2002-03-24,0.0
2002-03-25,0.0
2002-03-26,0.0
2002-03-27,0.0
2002-03-28,2.937875293396615
2002-03-29,0.0
2002-03-30,0.0
2002-03-31,0.0
2002-04-01,0.0
2002-04-02,2.613277083313144
2002-04-03,1.93172606664735
2002-04-04,0.0
2002-04-05,0.0
2002-04-06,0.0
2002-04-07,4.1946220621466646
2002-04-08,4.207024300118557
2002-04-09,0.0
2002-04-10,0.728556270534928
2002-04-11,0.516144614968751
2002-04-12,6.7768555478872505
2002-04-13,7.852394398805261
2002-04-14,0.0
2002-04-15,0.0
2002-04-16,0.4444399963862994
2002-04-17,0.0
2002-04-18,0.0
2002-04-19,1.7416924285526214
2002-04-20,0.760611023502173
2002-04-21,2.484235645347351
2002-04-22,0.0
2002-04-23,0.9926854757642428
2002-04-24,12.788407641890892
2002-04-25,0.29707305133342754
2002-04-26,5.129440475154569
2002-04-27,0.0
2002-04-28,0.0
2002-04-29,0.0
2002-04-30,0.0
2002-05-01,1.6358979960551139
2002-05-02,0.0
2002-05-03,0.0
2002-05-04,6.903167074193827
2002-05-05,2.6493412852287297
2002-05-06,6.227190832632621
2002-05-07,10.401126029120912
2002-05-08,0.0
2002-05-09,0.0
2002-05-10,6.19273675494903
2002-05-11,6.21105351570893
2002-05-12,0.0
2002-05-13,0.0
2002-05-14,0.8910066125964801
2002-05-15,16.10955897255524
2002-05-16,10.408274809855065
2002-05-17,20.81654961971013
2002-05-18,44.13326403418105
2002-05-19,11.125547319046554
2002-05-20,19.865939675754795
2002-05-21,35.66947402180853
2002-05-22,17.83118654626447
2002-05-23,13.703597959634424
2002-05-24,19.04774979038819
2002-05-25,24.26109122585606
2002-05-26,24.82106308437683
2002-05-27,15.47188602710093
2002-05-28,17.956384467514788
2002-05-29,10.011007683502664
2002-05-30,26.372764655867147
2002-05-31,10.333332427047399
2002-06-01,10.265494668201823
2002-06-02,26.83615998319678
2002-06-03,18.937619900985347
2002-06-04,20.530989336403646
2002-06-05,23.37723719066866
2002-06-06,11.458107757608635
2002-06-07,10.133576731625443
2002-06-08,9.547807518090751
2002-06-09,11.17083802043989
2002-06-10,5.917167902697583
2002-06-11,20.545267235588394
2002-06-12,17.050863490716843
2002-06-13,8.034361432331643
2002-06-14,9.777662206139116
2002-06-15,12.693556677449399
2002-06-16,16.320994258329684
2002-06-17,19.1654182676528
2002-06-18,24.481492127115672
2002-06-19,9.489464714519078
2002-06-20,0.8274798556356818
2002-06-21,9.174791424862441
2002-06-22,2.258043213873296
2002-06-23,6.518244790467058
2002-06-24,11.054366003822636
2002-06-25,5.812546471888956
2002-06-26,3.2851701880226276
2002-06-27,2.4926716739664214
2002-06-28,9.67851331427291
2002-06-29,4.4527183497274265
2002-06-30,10.559089516868468
2002-07-01,3.430619352371307
2002-07-02,15.779004444947116
2002-07-03,6.71524621244218
2002-07-04,16.650310571531996
2002-07-05,26.803363292603887
2002-07-06,18.0651198818877
2002-07-07,21.221149699510764
2002-07-08,0.6790463537783238
2002-07-09,0.0
2002-07-10,10.649697110258245
2002-07-11,20.910703452857774
2002-07-12,12.619447208336885
2002-07-13,4.738041171350997
2002-07-14,6.414413590890333
2002-07-15,10.181680502722394
2002-07-16,30.061392537645407
2002-07-17,12.263660608111206
2002-07-18,19.650161082680164
2002-07-19,31.64811061524058
2002-07-20,9.565167790329136
2002-07-21,10.207486963956748
2002-07-22,15.583645429562889
2002-07-23,4.046952312258451
2002-07-24,2.6287935527192583
2002-07-25,4.894643365531357
2002-07-26,10.496370662909909
2002-07-27,5.1278139517919445
2002-07-28,6.525956791095639
2002-07-29,13.196111464017154
2002-07-30,10.077420576802785
2002-07-31,4.771877545460657
2002-08-01,0.0
2002-08-02,0.0
2002-08-03,8.126960090890126
2002-08-04,11.345613152594185
2002-08-05,9.97144729724607
2002-08-06,4.75359710295861
2002-08-07,4.062254860896517
2002-08-08,7.78005134656623
2002-08-09,0.211194370344684
2002-08-10,4.9302084425816695
2002-08-11,5.017331960636219
2002-08-12,6.2524147340776155
2002-08-13,0.0
2002-08-14,3.386048878970986
2002-08-15,3.8196111027453408
2002-08-16,9.990035777559156
2002-08-17,7.521762655393503
2002-08-18,6.368432168018176
2002-08-19,17.491956484881616
2002-08-20,0.0
2002-08-21,11.07291469300116
2002-08-22,13.682648398586226
2002-08-23,39.81720548545992
2002-08-24,18.318415619231562
2002-08-25,22.14582938600232
2002-08-26,40.938786579144974
2002-08-27,55.24697641585326
2002-08-28,23.797498814963017
2002-08-29,17.80890569413031
2002-08-30,58.42162550623356
2002-08-31,0.0
2002-09-01,19.62748931630238
2002-09-02,7.76492074192376
2002-09-03,7.028774685150871
2002-09-04,22.4671767039879
2002-09-05,9.41478377983377
2002-09-06,15.498336286560916
2002-09-07,7.0672717178995565
2002-09-08,23.426085861148074
2002-09-09,20.297707963634192
2002-09-10,27.773968862520693
2002-09-11,29.726666650256597
2002-09-12,13.911476086120352
2002-09-13,21.617548481032664
2002-09-14,9.95807921161523
2002-09-15,37.709979605030384
2002-09-16,36.64437482969181
2002-09-17,24.78177240168727
2002-09-18,41.78389306970545
2002-09-19,28.45349442193638
2002-09-20,10.1157009931835
2002-09-21,8.610957577019127
2002-09-22,19.919368869952258
2002-09-23,32.01042624824757
2002-09-24,24.42375790428472
2002-09-25,8.536905735328391
2002-09-26,24.997490255816572
2002-09-27,2.5445219946874165
2002-09-28,7.824290057493221
2002-09-29,18.529751995528066
2002-09-30,21.781837644206515
2002-10-01,35.0265024964874
2002-10-02,5.76229302867039
2002-10-03,0.0
2002-10-04,8.344833955974195
2002-10-05,14.700620490956956
2002-10-06,24.563915852759344
2002-10-07,18.301957364823373
2002-10-08,17.96357474174049
2002-10-09,8.711916333517514
2002-10-10,7.930260527778318
2002-10-11,12.82318734659537
2002-10-12,36.61208897667964
2002-10-13,0.0
2002-10-14,0.0
2002-10-15,19.265691455352954
2002-10-16,24.742734592105904
2002-10-17,25.745704083023853
2002-10-18,46.00418107171316
2002-10-19,20.49484067067907
2002-10-20,13.918320390420995
2002-10-21,4.305394791872116
2002-10-22,7.555941671133043
2002-10-23,12.751777424200164
2002-10-24,11.641881816290521
2002-10-25,18.838796220115718
2002-10-26,9.389064939038176
2002-10-27,29.078655317828467
2002-10-28,67.59763559296329
2002-10-29,39.31217005123965
2002-10-30,4.366324355070657
2002-10-31,17.523312212647625
2002-11-01,12.909007733335374
2002-11-02,30.33103856847094
2002-11-03,8.851033791698315
2002-11-04,10.375069382424293
2002-11-05,8.353560385671825
2002-11-06,13.3219895882381
2002-11-07,38.50502460228431
2002-11-08,21.084975851145956
2002-11-09,30.03981483224278
2002-11-10,2.2467938560891803
2002-11-11,0.0
2002-11-12,7.592092797764255
2002-11-13,14.79062724838386
2002-11-14,0.0
2002-11-15,0.0
2002-11-16,2.603273532881931
2002-11-17,6.096849540600909
2002-11-18,22.194744597415674
2002-11-19,0.0
2002-11-20,0.0
2002-11-21,0.0
2002-11-22,6.359640564064725
2002-11-23,0.8394556109969683
2002-11-24,16.298697305692215
2002-11-25,0.0
2002-11-26,0.0
2002-11-27,0.0
2002-11-28,0.0
2002-11-29,7.157342545084054
2002-11-30,25.23550951158679
2002-12-01,5.045465342700483
2002-12-02,0.0
2002-12-03,0.0
2002-12-04,0.0
2002-12-05,12.806957120226848
2002-12-06,11.612176135786484
2002-12-07,0.03046266935967111
2002-12-08,7.21566872681315
2002-12-09,0.0
2002-12-10,0.0
2002-12-11,0.0
2002-12-12,0.0
2002-12-13,0.0
2002-12-14,0.0
2002-12-15,12.878262614881674
2002-12-16,19.792392837034697
2002-12-17,0.0
2002-12-18,0.0
2002-12-19,0.0
2002-12-20,0.8369055712545242
2002-12-21,0.04673573133107779
2002-12-22,0.0
2002-12-23,0.0
2002-12-24,0.0
2002-12-25,0.0
2002-12-26,0.0
2002-12-27,0.0
2002-12-28,0.0
2002-12-29,0.0
2002-12-30,0.0
2002-12-31,0.0
2003-01-01,0.0
2003-01-02,11.4508300870657
2003-01-03,0.0
2003-01-04,0.0
2003-01-05,0.0
2003-01-06,0.0
2003-01-07,0.2145975757692312
2003-01-08,0.35846163584171126
2003-01-09,1.8565772672158645
2003-01-10,2.196254850038
2003-01-11,0.0
2003-01-12,0.0
2003-01-13,0.0
2003-01-14,0.0
2003-01-15,0.0
2003-01-16,0.0
2003-01-17,0.0
2003-01-18,0.0
2003-01-19,0.0
2003-01-20,0.0
2003-01-21,0.0
2003-01-22,0.0
2003-01-23,0.0
2003-01-24,0.0
2003-01-25,0.18750100723794993
2003-01-26,0.0
2003-01-27,0.25757838745374945
2003-01-28,0.0
2003-01-29,0.0
2003-01-30,0.0
2003-01-31,0.0
2003-02-01,0.0
2003-02-02,0.0
2003-02-03,0.0
2003-02-04,0.0
2003-02-05,0.0
2003-02-06,0.0
2003-02-07,0.35027179564978633
2003-02-08,0.4750483752404518
2003-02-09,1.053114234746711
2003-02-10,1.1313908714801078
2003-02-11,0.33806587393219417
2003-02-12,0.0
2003-02-13,0.0
2003-02-14,0.0
2003-02-15,8.631744290324482
2003-02-16,4.6769396114993755
2003-02-17,0.13348195903204588
2003-02-18,1.335792771867804
2003-02-19,10.556017702697101
2003-02-20,0.0
2003-02-21,0.0
2003-02-22,0.45194114180835526
2003-02-23,7.301216407603512
2003-02-24,0.0
2003-02-25,0.0
2003-02-26,0.0
2003-02-27,0.0
2003-02-28,0.0
2003-03-01,0.0
2003-03-02,0.0
2003-03-03,0.0
2003-03-04,0.4305487327479029
2003-03-05,0.0
2003-03-06,0.0
2003-03-07,0.0
2003-03-08,0.0
2003-03-09,0.0
2003-03-10,0.0
2003-03-11,0.0
2003-03-12,0.0
2003-03-13,0.0
2003-03-14,4.865559237228859
2003-03-15,26.32578528088493
2003-03-16,17.969784238451247
2003-03-17,15.206034296066381
2003-03-18,0.0
2003-03-19,9.777498955662193
2003-03-20,27.902609468714626
2003-03-21,8.83897900722317
2003-03-22,0.0
2003-03-23,0.0
2003-03-24,5.350244185509715
2003-03-25,10.70048837101943
2003-03-26,11.094171472497893
2003-03-27,8.82953841863452
2003-03-28,0.0
2003-03-29,0.0
2003-03-30,18.882507170777068
2003-03-31,1.037725281071019
2003-04-01,0.0
2003-04-02,0.0
2003-04-03,0.0
2003-04-04,0.0
2003-04-05,0.0
2003-04-06,0.0
2003-04-07,0.0
2003-04-08,0.0
2003-04-09,10.957477591730456
2003-04-10,21.417797831264707
2003-04-11,0.0
2003-04-12,0.6685505271763417
2003-04-13,20.498165082689884
2003-04-14,4.839318903515468
2003-04-15,4.648479643504363
2003-04-16,0.0
2003-04-17,10.61845345573651
2003-04-18,7.8737224229687
2003-04-19,0.0
2003-04-20,0.0
2003-04-21,3.8916052673515447
2003-04-22,17.524036412706252
2003-04-23,8.28980421113807
2003-04-24,11.638100617439365
2003-04-25,2.3005320708695307
2003-04-26,24.43754219283929
2003-04-27,8.423726938866285
2003-04-28,18.465657936962888
2003-04-29,19.71963725057809
2003-04-30,18.581718661495167
2003-05-01,0.0
2003-05-02,1.227982201286265
2003-05-03,24.061918251015047
2003-05-04,24.58845141852225
2003-05-05,12.892329827353763
2003-05-06,19.210130642394766
2003-05-07,9.482998506442923
2003-05-08,22.216619796044125
2003-05-09,19.210130642394766
2003-05-10,9.605065321197383
2003-05-11,16.068177808378195
2003-05-12,9.42875622092067
2003-05-13,0.4098696301917773
2003-05-14,9.344351402811105
2003-05-15,21.064040428480595
2003-05-16,8.433795882640661
2003-05-17,51.635593652725234
2003-05-18,57.16072664228648
2003-05-19,0.8968893176800499
2003-05-20,8.3219849708918
2003-05-21,3.790050818307981
2003-05-22,27.960630991168934
2003-05-23,23.43764536807667
2003-05-24,12.004426972487492
2003-05-25,27.292427829793986
2003-05-26,29.638121461546113
2003-05-27,21.949154701587325
2003-05-28,0.641449939761613
2003-05-29,4.094001709408052
2003-05-30,20.267110460311983
2003-05-31,12.44220671903443
2003-06-01,20.355637278911235
2003-06-02,19.72223168490707
2003-06-03,47.367402531005254
2003-06-04,2.7162569354514825
2003-06-05,37.902180811037915
2003-06-06,5.905923770388237
2003-06-07,10.15251613911745
2003-06-08,1.394208885125212
2003-06-09,2.87234749936977
2003-06-10,8.928037654910542
2003-06-11,21.03994897410677
2003-06-12,24.15246114819437
2003-06-13,23.647450352440014
2003-06-14,27.520323715499934
2003-06-15,44.99552649581756
2003-06-16,26.02727531339672
2003-06-17,48.690928755579776
2003-06-18,20.635536586513393
2003-06-19,55.69398388991486
2003-06-20,13.199370303266761
2003-06-21,9.438971187214596
2003-06-22,28.043318968366943
2003-06-23,13.214308431825128
2003-06-24,27.411101901853414
2003-06-25,9.438971187214596
2003-06-26,22.149727359816843
2003-06-27,8.349455358611573
2003-06-28,5.121552729727451
2003-06-29,21.654667480370488
2003-06-30,23.66944955732372
2003-07-01,18.39701862834596
2003-07-02,9.191367830779106
2003-07-03,5.859071152033035
2003-07-04,51.57460934890285
2003-07-05,27.36708082621163
2003-07-06,12.811145616141532
2003-07-07,11.254187147963696
2003-07-08,27.201742788424372
2003-07-09,28.882480882309586
2003-07-10,13.488196026634531
2003-07-11,10.67543007070954
2003-07-12,15.283620114262042
2003-07-13,2.1796166097392917
2003-07-14,7.023871456751148
2003-07-15,4.57838265899871
2003-07-16,19.009077256998506
2003-07-17,1.2302024867889048
2003-07-18,0.0
2003-07-19,16.59925698952095
2003-07-20,3.0488683263192318
2003-07-21,10.645151655416235
2003-07-22,12.32025779602496
2003-07-23,19.09149957468382
2003-07-24,13.153000421217973
2003-07-25,9.632384580534861
2003-07-26,23.25091362281426
2003-07-27,9.900807147694604
2003-07-28,0.6042218876851574
2003-07-29,5.041407823965357
2003-07-30,23.000249186077635
2003-07-31,5.952409447850409
2003-08-01,42.502583980560324
2003-08-02,24.557298739214218
2003-08-03,6.804103287893374
2003-08-04,20.69495211904114
2003-08-05,8.110508725651215
2003-08-06,21.606646239354816
2003-08-07,1.4588992855436096
2003-08-08,22.36490559819583
2003-08-09,8.860429332667106
2003-08-10,2.9582313407917287
2003-08-11,21.719281286001213
2003-08-12,14.889224915488349
2003-08-13,10.003176140020026
2003-08-14,30.41156933194883
2003-08-15,14.629125744507121
2003-08-16,12.608244556430227
2003-08-17,9.332198712874106
2003-08-18,6.207370905860052
2003-08-19,7.84370720144865
2003-08-20,12.414741811720104
2003-08-21,19.637830466837507
2003-08-22,9.224173530332145
2003-08-23,18.44834706066429
2003-08-24,27.672520284717162
2003-08-25,0.3267196074530886
2003-08-26,11.496852678422995
2003-08-27,3.651848337537535
2003-08-28,13.839634554611676
2003-08-29,20.009377610441806
2003-08-30,26.203178379986745
2003-08-31,9.632878351251824
2003-09-01,14.790002607413244
2003-09-02,14.790002607413244
2003-09-03,14.614608972459228
2003-09-04,20.775417721352063
2003-09-05,6.470625929937172
2003-09-06,20.570033899835646
2003-09-07,3.5905237397229364
2003-09-08,8.372884648474491
2003-09-09,0.12230467756052278
2003-09-10,10.892655840999376
2003-09-11,29.847341535864643
2003-09-12,0.35344440187956844
2003-09-13,7.093777163004555
2003-09-14,27.600997779014957
2003-09-15,7.625491863972433
2003-09-16,25.676677836759676
2003-09-17,31.160399095432197
2003-09-18,18.860209944280424
2003-09-19,29.571439987904323
2003-09-20,21.402996091423812
2003-09-21,19.438133324722994
2003-09-22,20.688776301773828
2003-09-23,16.66529850822849
2003-09-24,19.793224956940964
2003-09-25,1.4308740524826826
2003-09-26,27.214945018694205
2003-09-27,14.390542340842456
2003-09-28,22.55417094923355
2003-09-29,50.22223342592654
2003-09-30,14.034202156437415
2003-10-01,16.49008402953277
2003-10-02,41.4333146778313
2003-10-03,17.97930252431213
2003-10-04,19.357956277760305
2003-10-05,21.003956686403306
2003-10-06,38.165406734556775
2003-10-07,24.925565183162693
2003-10-08,28.44273106955194
2003-10-09,14.813913887416996
2003-10-10,11.232409611344341
2003-10-11,0.0
2003-10-12,8.763764520754687
2003-10-13,37.265771136896035
2003-10-14,52.867464007558084
2003-10-15,36.601134056980555
2003-10-16,9.595454419585502
2003-10-17,9.072700756828532
2003-10-18,41.533560704540584
2003-10-19,25.914367559793842
2003-10-20,13.942795526336985
2003-10-21,13.808793783590605
2003-10-22,13.904227964378697
2003-10-23,0.0
2003-10-24,38.3533275127411
2003-10-25,8.014264373763192
2003-10-26,64.12826216543044
2003-10-27,18.20673668505373
2003-10-28,17.122047609574093
2003-10-29,20.325669421940244
2003-10-30,28.032209022222347
2003-10-31,26.510555262903917
2003-11-01,37.356226678635636
2003-11-02,15.024721748925547
2003-11-03,4.178503634961877
2003-11-04,19.69902023834152
2003-11-05,11.843052619212386
2003-11-06,16.204122719329764
2003-11-07,12.889128662444453
2003-11-08,25.538131235016365
2003-11-09,22.610905633987613
2003-11-10,20.324414324116066
2003-11-11,26.14242059234027
2003-11-12,47.87020296341665
2003-11-13,5.056891778433647
2003-11-14,11.967550740854163
2003-11-15,30.81171126945599
2003-11-16,10.80585783921384
2003-11-17,27.07217388620249
2003-11-18,17.790789934831704
2003-11-19,0.0
2003-11-20,23.659097975975765
2003-11-21,55.39868119197926
2003-11-22,9.743306049624008
2003-11-23,50.21641837181273
2003-11-24,25.241904360217024
2003-11-25,16.145719519338098
2003-11-26,26.62499259533109
2003-11-27,0.0
2003-11-28,0.0
2003-11-29,21.10067276696902
2003-11-30,0.8006999722203694
2003-12-01,7.630510416385293
2003-12-02,0.0
2003-12-03,20.217549361087183
2003-12-04,33.33415077586432
2003-12-05,0.0
2003-12-06,1.5875701203539567
2003-12-07,7.939089413832978
2003-12-08,0.0
2003-12-09,36.6995534179984
2003-12-10,0.0750366666832486
2003-12-11,27.56643982030251
2003-12-12,8.64432787210555
2003-12-13,7.1305649830280124
2003-12-14,6.698251718202155
2003-12-15,0.0
2003-12-16,0.0
2003-12-17,0.0
2003-12-18,0.0
2003-12-19,0.0
2003-12-20,0.0
2003-12-21,0.0
2003-12-22,0.0
2003-12-23,0.0
2003-12-24,0.0
2003-12-25,0.0
2003-12-26,0.0
2003-12-27,11.44177878305719
2003-12-28,0.0
2003-12-29,2.40838419424521
2003-12-30,2.8867340418132588
2003-12-31,0.0
2004-01-01,12.79834263630816
2004-01-02,0.0
2004-01-03,0.6751738569220983
2004-01-04,0.0
2004-01-05,0.0
2004-01-06,0.0
2004-01-07,4.2115972358230005
2004-01-08,0.0
2004-01-09,0.0
2004-01-10,8.326236508383946
2004-01-11,0.0
2004-01-12,0.0
2004-01-13,0.0
2004-01-14,0.18471758812665945
2004-01-15,0.0
2004-01-16,0.0
2004-01-17,0.0
2004-01-18,3.2703707259450416
2004-01-19,0.0
2004-01-20,0.0
2004-01-21,0.0
2004-01-22,0.0
2004-01-23,0.0
2004-01-24,0.2129266239904069
2004-01-25,0.0
2004-01-26,0.0
2004-01-27,2.2427625505102653
2004-01-28,0.5251243278585578
2004-01-29,0.0
2004-01-30,0.0
2004-01-31,0.0
2004-02-01,0.0
2004-02-02,0.0
2004-02-03,0.0
2004-02-04,0.0
2004-02-05,0.0
2004-02-06,0.0
2004-02-07,0.0
2004-02-08,0.0
2004-02-09,0.0
2004-02-10,0.0
2004-02-11,0.0
2004-02-12,0.0
2004-02-13,0.0
2004-02-14,4.295574250253473
2004-02-15,13.366693071819647
2004-02-16,0.0
2004-02-17,0.0
2004-02-18,0.0
2004-02-19,0.0
2004-02-20,1.5622078667621357
2004-02-21,23.94887343854518
2004-02-22,0.0
2004-02-23,0.0
2004-02-24,0.0
2004-02-25,0.0
2004-02-26,0.8944666953505699
2004-02-27,0.0
2004-02-28,0.0
2004-02-29,0.0
2004-03-01,0.0
2004-03-02,0.0
2004-03-03,0.21439108312935448
2004-03-04,0.5155255858962602
2004-03-05,0.6043808651534288
2004-03-06,4.688705611269216
2004-03-07,0.12944746420190145
2004-03-08,0.0
2004-03-09,0.0
2004-03-10,0.0
2004-03-11,0.0
2004-03-12,0.0
2004-03-13,0.0
2004-03-14,0.0
2004-03-15,0.02219613409928374
2004-03-16,0.0
2004-03-17,0.0
2004-03-18,0.0
2004-03-19,0.0
2004-03-20,0.0
2004-03-21,0.0
2004-03-22,0.6208930315600861
2004-03-23,0.0
2004-03-24,0.0
2004-03-25,0.0
2004-03-26,0.0
2004-03-27,0.0
2004-03-28,25.880142843199746
2004-03-29,9.550784310376324
2004-03-30,0.0
2004-03-31,7.223956301405625
2004-04-01,4.338116947662187
2004-04-02,0.0
2004-04-03,3.336901886187294
2004-04-04,0.0
2004-04-05,0.0
2004-04-06,0.0
2004-04-07,0.02880416206411414
2004-04-08,6.263287726991082
2004-04-09,9.532752677798275
2004-04-10,3.693749872212477
2004-04-11,0.0
2004-04-12,0.0
2004-04-13,0.0
2004-04-14,0.0
2004-04-15,0.0
2004-04-16,0.0
2004-04-17,0.0
2004-04-18,0.49822513910161503
2004-04-19,0.7497822474184875
2004-04-20,6.355718448154025
2004-04-21,4.40157393325825
2004-04-22,22.002614304423343
2004-04-23,16.91305382710857
2004-04-24,9.080635870026578
2004-04-25,17.152448973542942
2004-04-26,4.3180958610531475
2004-04-27,5.806739129931542
2004-04-28,8.267401399040548
2004-04-29,4.3180958610531475
2004-04-30,8.87315012031311
2004-05-01,19.791358711751737
2004-05-02,3.6044200862178943
2004-05-03,5.230463598628304
2004-05-04,11.557833262996098
2004-05-05,7.490380028212395
2004-05-06,0.21203710511326798
2004-05-07,10.382520418412787
2004-05-08,0.09960291836712815
2004-05-09,12.383615529416385
2004-05-10,22.95295959106974
2004-05-11,0.0
2004-05-12,9.604488142036107
2004-05-13,7.591647424609278
2004-05-14,14.266309086535433
2004-05-15,21.741105920962394
2004-05-16,43.22576195887618
2004-05-17,15.052379207433887
2004-05-18,38.18089030401128
2004-05-19,38.1625826415178
2004-05-20,24.764543161198905
2004-05-21,0.0
2004-05-22,20.799262220795097
2004-05-23,69.31948247954654
2004-05-24,0.0
2004-05-25,0.0
2004-05-26,24.629188992687183
2004-05-27,42.79944707412979
2004-05-28,75.01807548870914
2004-05-29,38.423603841581865
2004-05-30,0.0
2004-05-31,0.0
2004-06-01,14.155288108901404
2004-06-02,26.900700799516738
2004-06-03,0.2304160141864339
2004-06-04,0.0
2004-06-05,24.772967304732354
2004-06-06,7.910259851732771
2004-06-07,0.0
2004-06-08,11.239814331805391
2004-06-09,12.213791954658326
2004-06-10,18.352775136763988
2004-06-11,9.213125731493978
2004-06-12,2.9272752945890304
2004-06-13,0.028445029983649388
2004-06-14,22.17172075485862
2004-06-15,19.54684118926526
2004-06-16,11.642232252939333
2004-06-17,0.0
2004-06-18,0.10926220415009036
2004-06-19,11.14244304275191
2004-06-20,18.737314457023476
2004-06-21,19.116343135366566
2004-06-22,0.0
2004-06-23,2.7640474836367215
2004-06-24,9.936431980213605
2004-06-25,20.133174081106446
2004-06-26,8.719434693858432
2004-06-27,9.403682000532346
2004-06-28,0.0
2004-06-29,26.578621270688817
2004-06-30,23.869040214532138
2004-07-01,4.002588106268969
2004-07-02,4.002588106268969
2004-07-03,15.71672050171608
2004-07-04,0.8869207644382042
2004-07-05,3.8459226872671315
2004-07-06,7.732257778982859
2004-07-07,25.881895203848153
2004-07-08,30.113873898177538
2004-07-09,1.4004540964961056
2004-07-10,11.018972740382766
2004-07-11,38.844266058625415
2004-07-12,14.607197603059783
2004-07-13,21.206091306096802
2004-07-14,18.693258481653967
2004-07-15,35.18129358501049
2004-07-16,7.136941197353441
2004-07-17,4.857969820499422
2004-07-18,5.923976812008266
2004-07-19,9.437106396298155
2004-07-20,8.947685597414104
2004-07-21,6.9145351763109915
2004-07-22,30.79415703303106
2004-07-23,15.097521776685848
2004-07-24,5.837247337642555
2004-07-25,30.919266425274518
2004-07-26,0.0
2004-07-27,17.286758120801
2004-07-28,0.9444680707277481
2004-07-29,2.7590335887428887
2004-07-30,12.090768252071497
2004-07-31,7.7141683588962335
2004-08-01,11.698340836408978
2004-08-02,0.0
2004-08-03,25.72840015791558
2004-08-04,25.72840015791558
2004-08-05,28.06979423600275
2004-08-06,8.800923082272748
2004-08-07,0.0
2004-08-08,0.0
2004-08-09,9.704190549214145
2004-08-10,6.703028625129044
2004-08-11,12.994093195812129
2004-08-12,0.7106289527303465
2004-08-13,1.4772353466298134
2004-08-14,4.57795468355353
2004-08-15,22.281301537478296
2004-08-16,2.460806467041777
2004-08-17,6.128758938731376
2004-08-18,7.6404031352014155
2004-08-19,26.622887033868487
2004-08-20,32.36037793030611
2004-08-21,6.855801080529756
2004-08-22,11.6182567130875
2004-08-23,58.839769144315994
2004-08-24,10.889482234378125
2004-08-25,19.574392582919156
2004-08-26,21.530736679160924
2004-08-27,17.915065310694086
2004-08-28,28.24686334342571
2004-08-29,26.711096076546504
2004-08-30,9.055314653225851
2004-08-31,8.760094698820568
2004-09-01,5.214186438837569
2004-09-02,0.0
2004-09-03,10.694191876698188
2004-09-04,44.4153595002922
2004-09-05,15.039627082847268
2004-09-06,21.764684752435308
2004-09-07,19.00496575639055
2004-09-08,31.004232661949633
2004-09-09,15.963260925702151
2004-09-10,23.672481700375286
2004-09-11,19.81599971772852
2004-09-12,27.464860498905193
2004-09-13,9.90799985886426
2004-09-14,17.88459660072586
2004-09-15,24.043654563861935
2004-09-16,12.707514725625522
2004-09-17,28.716117687322004
2004-09-18,16.195351470161135
2004-09-19,11.73740329210823
2004-09-20,36.552836392376896
2004-09-21,21.834988568682938
2004-09-22,12.036021046541837
2004-09-23,0.0
2004-09-24,10.917494284341469
2004-09-25,19.095913717472882
2004-09-26,36.753793163074036
2004-09-27,18.00604279359451
2004-09-28,13.002422215970793
2004-09-29,18.896690290924674
2004-09-30,33.52543010824436
2004-10-01,9.920533033842977
2004-10-02,0.0
2004-10-03,18.184675792785914
2004-10-04,16.459014477359286
2004-10-05,9.958719354022197
2004-10-06,49.78200127385758
2004-10-07,30.650732530532657
2004-10-08,6.820656942757403
2004-10-09,43.98832693857116
2004-10-10,17.227845182289954
2004-10-11,35.069310807698486
2004-10-12,22.020634216634008
2004-10-13,12.745194000770919
2004-10-14,25.69962973409408
2004-10-15,37.45133776922484
2004-10-16,18.691407055468183
2004-10-17,30.959493214214177
2004-10-18,30.662898813550548
2004-10-19,18.026520445942886
2004-10-20,20.424172994655535
2004-10-21,40.30702946395489
2004-10-22,40.809748027775754
2004-10-23,0.0
2004-10-24,11.959489336690389
2004-10-25,0.0
2004-10-26,4.9888001370268915
2004-10-27,24.10980886341753
2004-10-28,50.064053588622336
2004-10-29,12.986411745081082
2004-10-30,16.334145063081312
2004-10-31,21.27554963730478
2004-11-01,0.0
2004-11-02,28.755319080642757
2004-11-03,21.711224251502276
2004-11-04,8.748882686165542
2004-11-05,3.7294770877909027
2004-11-06,51.00873589354594
2004-11-07,22.692302645058252
2004-11-08,36.212093889310566
2004-11-09,32.13705265683098
2004-11-10,4.1271126451524545
2004-11-11,15.611050747939066
2004-11-12,0.0
2004-11-13,22.175073582981092
2004-11-14,10.386457135548465
2004-11-15,0.0
2004-11-16,15.907613934697336
2004-11-17,11.736777813450715
2004-11-18,1.090563100334761
2004-11-19,0.0
2004-11-20,1.886731703539153
2004-11-21,0.0
2004-11-22,8.577901530104716
2004-11-23,12.271082763333585
2004-11-24,23.767841319780096
2004-11-25,12.605707896520967
2004-11-26,14.436478892693652
2004-11-27,5.62834723656242
2004-11-28,5.380854808599562
2004-11-29,0.0
2004-11-30,0.0
2004-12-01,0.0
2004-12-02,0.0
2004-12-03,0.0
2004-12-04,0.0699847352665824
2004-12-05,0.0
2004-12-06,0.0
2004-12-07,7.340508061284957
2004-12-08,9.069786013582274
2004-12-09,15.851109452747012
2004-12-10,2.051683053777025
2004-12-11,7.779361309433309
2004-12-12,5.024535853315046
2004-12-13,0.0
2004-12-14,0.0
2004-12-15,0.0
2004-12-16,4.82396423615314
2004-12-17,7.305862768074952
2004-12-18,0.0
2004-12-19,0.0
2004-12-20,0.0
2004-12-21,0.0
2004-12-22,0.0
2004-12-23,0.0
2004-12-24,0.0
2004-12-25,0.0
2004-12-26,0.0
2004-12-27,0.0
2004-12-28,8.614384968337175
2004-12-29,5.4119335564004425
2004-12-30,0.0
2004-12-31,0.0
2005-01-01,0.0
2005-01-02,0.0
2005-01-03,0.0
2005-01-04,0.0
2005-01-05,0.0
2005-01-06,0.0
2005-01-07,0.0
2005-01-08,0.0
2005-01-09,0.0
2005-01-10,0.0
2005-01-11,4.533602172055761
2005-01-12,37.63899776581173
2005-01-13,0.0
2005-01-14,0.0
2005-01-15,4.76271740488104
2005-01-16,0.891465713848939
2005-01-17,20.220597545440135
2005-01-18,0.0
2005-01-19,0.0
2005-01-20,0.0
2005-01-21,0.0
2005-01-22,0.0
2005-01-23,0.0
2005-01-24,0.0
2005-01-25,0.0
2005-01-26,0.0
2005-01-27,0.0
2005-01-28,0.0
2005-01-29,0.0
2005-01-30,0.0
2005-01-31,0.0
2005-02-01,0.0
2005-02-02,0.0
2005-02-03,0.0
2005-02-04,0.0
2005-02-05,0.0
2005-02-06,0.0
2005-02-07,0.0
2005-02-08,0.1809662479806591
2005-02-09,0.0
2005-02-10,0.0
2005-02-11,0.31334816604047216
2005-02-12,0.0
2005-02-13,0.0
2005-02-14,0.28210029237576445
2005-02-15,0.7036331897047728
2005-02-16,6.012088069943965
2005-02-17,0.0
2005-02-18,0.0
2005-02-19,0.0
2005-02-20,0.0
2005-02-21,0.0
2005-02-22,0.0
2005-02-23,0.0
2005-02-24,6.709205831828958
2005-02-25,0.0
2005-02-26,0.0
2005-02-27,0.0
2005-02-28,0.1459000557661057
2005-03-01,0.0
2005-03-02,0.0
2005-03-03,0.0
2005-03-04,37.55899477971569
2005-03-05,0.0
2005-03-06,0.0
2005-03-07,0.0
2005-03-08,0.0
2005-03-09,0.0
2005-03-10,0.0
2005-03-11,0.10209226890190232
2005-03-12,0.0
2005-03-13,0.0
2005-03-14,0.0
2005-03-15,0.04208064290720064
2005-03-16,0.4035159256812689
2005-03-17,15.115718276919551
2005-03-18,8.775347923507562
2005-03-19,2.3566665725933547
2005-03-20,1.6198242548349746
2005-03-21,12.629190543616144
2005-03-22,0.13257128161353038
2005-03-23,6.092638624479644
2005-03-24,9.58001496723375
2005-03-25,4.400434560671048
2005-03-26,13.849306417075368
2005-03-27,28.824464176957676
2005-03-28,18.99607589196515
2005-03-29,9.744110520828414
2005-03-30,3.8382602775016363
2005-03-31,0.0
2005-04-01,0.0
2005-04-02,0.0
2005-04-03,0.0
2005-04-04,0.0
2005-04-05,3.4278479842720815
2005-04-06,14.439058083537466
2005-04-07,11.169952836391088
2005-04-08,19.823426489088988
2005-04-09,7.326505525692092
2005-04-10,14.439058083537466
2005-04-11,22.643311858982656
2005-04-12,16.374485826371494
2005-04-13,0.2267073139145568
2005-04-14,0.0
2005-04-15,0.0
2005-04-16,0.0
2005-04-17,0.0
2005-04-18,18.47861107015932
2005-04-19,0.0
2005-04-20,2.143124283366913
2005-04-21,4.842770288924915
2005-04-22,0.857599324269875
2005-04-23,6.931142481799063
2005-04-24,6.413595533854254
2005-04-25,0.0
2005-04-26,0.0
2005-04-27,0.0
2005-04-28,11.596310923832498
2005-04-29,0.0
2005-04-30,1.9324280021561162
2005-05-01,5.097070017175096
2005-05-02,18.99799370121312
2005-05-03,36.539047770403535
2005-05-04,24.26275417611406
2005-05-05,13.315865815692662
2005-05-06,0.0
2005-05-07,0.19655921874014112
2005-05-08,12.50184662922009
2005-05-09,10.66140178812517
2005-05-10,12.42532258662018
2005-05-11,1.1660840261626892
2005-05-12,25.647967815399177
2005-05-13,25.71670095985001
2005-05-14,38.776311864724036
2005-05-15,27.657116688586584
2005-05-16,29.152761460961532
2005-05-17,5.6515012429775435
2005-05-18,15.52672716048924
2005-05-19,20.766916464309446
2005-05-20,6.342282230386864
2005-05-21,15.518810436129574
2005-05-22,0.0
2005-05-23,26.86703285333273
2005-05-24,11.439870891941563
2005-05-25,4.911526482652975
2005-05-26,3.358471215375373
2005-05-27,12.031263913053115
2005-05-28,14.59789512044675
2005-05-29,4.598396791296232
2005-05-30,4.96840519156005
2005-05-31,21.195341057874067
2005-06-01,0.07944410878258784
2005-06-02,9.474810598669828
2005-06-03,25.44807424980241
2005-06-04,34.07804649343363
2005-06-05,27.507982086490948
2005-06-06,13.591410318540563
2005-06-07,15.608867035524266
2005-06-08,5.549063549251172
2005-06-09,13.214071493092424
2005-06-10,30.650252917328405
2005-06-11,9.495631647271079
2005-06-12,21.460179663590488
2005-06-13,7.748797736457877
2005-06-14,12.002665415406232
2005-06-15,5.675311204146696
2005-06-16,7.559716005180334
2005-06-17,14.791532516076764
2005-06-18,13.627223575437394
2005-06-19,1.3421732183243782
2005-06-20,31.019361900316714
2005-06-21,9.487034814180557
2005-06-22,28.755646750733668
2005-06-23,13.390799193567522
2005-06-24,15.795283008668882
2005-06-25,13.456409983135567
2005-06-26,10.536910563505987
2005-06-27,0.5333848307664332
2005-06-28,13.526163012997529
2005-06-29,22.848792929101638
2005-06-30,10.565412518543168
2005-07-01,11.467299410821623
2005-07-02,6.488210752405027
2005-07-03,0.0
2005-07-04,0.2046650970304335
2005-07-05,5.459522956126445
2005-07-06,0.0
2005-07-07,15.27761304177143
2005-07-08,6.882702055211005
2005-07-09,0.0
2005-07-10,25.924564446549166
2005-07-11,22.930300441142688
2005-07-12,24.397184177024954
2005-07-13,20.55393605296677
2005-07-14,18.181153729155263
2005-07-15,19.031318325448687
2005-07-16,10.73415448214557
2005-07-17,5.742518219593411
2005-07-18,24.2330160906186
2005-07-19,43.99342797897958
2005-07-20,23.97202244038518
2005-07-21,10.123969231707019
2005-07-22,10.229832873553844
2005-07-23,1.4905429701950104
2005-07-24,3.433416189978252
2005-07-25,4.7033285027420195
2005-07-26,2.233481651121701
2005-07-27,0.014462623040418373
2005-07-28,24.234407252556572
2005-07-29,0.7861399491493769
2005-07-30,22.76678660592518
2005-07-31,9.100570660185173
2005-08-01,0.2533399744613751
2005-08-02,0.0
2005-08-03,19.575117176851716
2005-08-04,2.3256087003124732
2005-08-05,17.790635614379042
2005-08-06,14.319079943605377
2005-08-07,0.0
2005-08-08,7.669913482625744
2005-08-09,4.489306590545017
2005-08-10,14.481691743071021
2005-08-11,17.737641073964742
2005-08-12,32.47182653199983
2005-08-13,38.68333148795206
2005-08-14,38.07138089956464
2005-08-15,15.577635592302771
2005-08-16,59.661715860302394
2005-08-17,51.88713749034987
2005-08-18,45.754554850024164
2005-08-19,0.0
2005-08-20,0.0
2005-08-21,30.732142359018326
2005-08-22,18.210556422536442
2005-08-23,6.151412371042613
2005-08-24,15.71749267263993
2005-08-25,23.771341898956827
2005-08-26,6.36491309186897
2005-08-27,8.967997441622053
2005-08-28,17.935994883244106
2005-08-29,18.62821564662296
2005-08-30,5.060914918578961
2005-08-31,2.1312221492061756
2005-09-01,28.5017937566783
2005-09-02,18.01715383819632
2005-09-03,17.61869836256311
2005-09-04,7.708180178661607
2005-09-05,7.708180178661607
2005-09-06,14.881173459661976
2005-09-07,2.5986211241499806
2005-09-08,11.047410442216979
2005-09-09,7.9304507749306214
2005-09-10,11.378002412818576
2005-09-11,8.608264213679613
2005-09-12,23.251040433709697
2005-09-13,8.246956715914045
2005-09-14,8.498600406421199
2005-09-15,9.366427895386478
2005-09-16,11.222825480071277
2005-09-17,7.324651000064775
2005-09-18,11.763539984016807
2005-09-19,33.871709680235064
2005-09-20,11.663815642530855
2005-09-21,18.619709269823264
2005-09-22,15.316299164617389
2005-09-23,16.83863050792669
2005-09-24,15.863609881014439
2005-09-25,8.952957620290489
2005-09-26,1.5291298557374933
2005-09-27,37.18391022166691
2005-09-28,19.15246411191451
2005-09-29,36.97535403435296
2005-09-30,17.946692047086927
2005-10-01,23.163513775210134
2005-10-02,22.43491528364453
2005-10-03,19.957632542864705
2005-10-04,2.321746800396894
2005-10-05,2.4348749598941293
2005-10-06,6.901664258056399
2005-10-07,16.282797380476392
2005-10-08,17.92030150544
2005-10-09,21.600000816825283
2005-10-10,16.282797380476392
2005-10-11,5.459252883453629
2005-10-12,6.023278670133774
2005-10-13,30.980547149439122
2005-10-14,21.499228326855487
2005-10-15,0.0
2005-10-16,17.40738854315636
2005-10-17,0.7992702505073035
2005-10-18,24.5072020348665
2005-10-19,0.0
2005-10-20,11.247444062216866
2005-10-21,22.002514447312105
2005-10-22,37.233732035031196
2005-10-23,0.0
2005-10-24,1.7208685421863124
2005-10-25,13.783714298058205
2005-10-26,61.04424482422907
2005-10-27,24.213756763451816
2005-10-28,19.13986827151196
2005-10-29,15.858083182090043
2005-10-30,0.0
2005-10-31,0.0
2005-11-01,22.912820060510896
2005-11-02,26.57611826666304
2005-11-03,21.385018337417296
2005-11-04,12.973466214698718
2005-11-05,21.35324612098772
2005-11-06,0.0
2005-11-07,3.5625252832432053
2005-11-08,35.91431337433893
2005-11-09,14.875346890977916
2005-11-10,50.803115598253314
2005-11-11,63.77530957557064
2005-11-12,18.02783398088572
2005-11-13,7.292163621332198
2005-11-14,10.26742808279154
2005-11-15,45.44719642561836
2005-11-16,132.42129568473717
2005-11-17,20.71675110024375
2005-11-18,0.0
2005-11-19,0.0
2005-11-20,23.015611679972835
2005-11-21,0.0
2005-11-22,15.914931712521096
2005-11-23,64.33431678849301
2005-11-24,0.0
2005-11-25,0.0
2005-11-26,0.0
2005-11-27,0.0
2005-11-28,0.0
2005-11-29,0.0
2005-11-30,0.0
2005-12-01,0.0
2005-12-02,0.0
2005-12-03,0.0
2005-12-04,0.0
2005-12-05,0.0
2005-12-06,0.0
2005-12-07,0.0
2005-12-08,0.0
2005-12-09,0.0
2005-12-10,0.0
2005-12-11,0.0
2005-12-12,0.0
2005-12-13,0.0
2005-12-14,10.6974551029302
2005-12-15,0.0
2005-12-16,0.0
2005-12-17,0.0
2005-12-18,0.0
2005-12-19,0.0
2005-12-20,0.0
2005-12-21,3.7813283744696036
2005-12-22,0.0
2005-12-23,0.0
2005-12-24,19.002013039750032
2005-12-25,0.27561901308394776
2005-12-26,11.690673606621257
2005-12-27,0.0
2005-12-28,43.747891289962325
2005-12-29,13.683410105471681
2005-12-30,1.8906413671132685
2005-12-31,0.0
2006-01-01,0.0
2006-01-02,0.0
2006-01-03,56.25435755864995
2006-01-04,4.220047002305856
2006-01-05,14.493413838583074
2006-01-06,22.731824806413144
2006-01-07,15.320725262567805
2006-01-08,0.0
2006-01-09,0.0
2006-01-10,0.0
2006-01-11,0.0
2006-01-12,0.0
2006-01-13,0.0
2006-01-14,0.0
2006-01-15,0.0
2006-01-16,0.0
2006-01-17,0.0
2006-01-18,7.045186298924525
2006-01-19,0.0
2006-01-20,0.0
2006-01-21,0.0
2006-01-22,0.0
2006-01-23,0.0
2006-01-24,0.0
2006-01-25,0.0
2006-01-26,0.0
2006-01-27,0.0
2006-01-28,0.0
2006-01-29,1.9865204389836342
2006-01-30,1.6612481587641954
2006-01-31,1.9917374045864962
2006-02-01,0.9507562089208011
2006-02-02,13.1189412665931
2006-02-03,5.510712611312803
2006-02-04,1.2724999763272906
2006-02-05,0.0
2006-02-06,7.452173194369758
2006-02-07,0.5865494252459424
2006-02-08,0.0
2006-02-09,0.0
2006-02-10,0.0
2006-02-11,0.0
2006-02-12,0.0
2006-02-13,0.0
2006-02-14,0.0
2006-02-15,0.1434701399223225
2006-02-16,0.0
2006-02-17,0.0
2006-02-18,0.5687066570327091
2006-02-19,0.0
2006-02-20,0.0
2006-02-21,0.0
2006-02-22,0.0
2006-02-23,0.0
2006-02-24,0.6828622614612453
2006-02-25,0.0
2006-02-26,0.0
2006-02-27,0.0
2006-02-28,0.0
2006-03-01,0.0
2006-03-02,0.0
2006-03-03,0.0
2006-03-04,0.0
2006-03-05,0.0
2006-03-06,0.0
2006-03-07,0.0
2006-03-08,0.020127332291087593
2006-03-09,0.0
2006-03-10,2.5214202814810998
2006-03-11,0.0
2006-03-12,0.0
2006-03-13,0.0
2006-03-14,0.0
2006-03-15,0.0
2006-03-16,0.0
2006-03-17,0.0
2006-03-18,0.0
2006-03-19,0.0
2006-03-20,0.0
2006-03-21,0.0
2006-03-22,0.0
2006-03-23,5.277692929111624
2006-03-24,11.79646090800698
2006-03-25,0.5434086922858213
2006-03-26,0.0
2006-03-27,0.0
2006-03-28,0.0
2006-03-29,5.722495814231604
2006-03-30,6.632210917569498
2006-03-31,15.358106492741692
2006-04-01,4.348349024516506
2006-04-02,0.0
2006-04-03,1.784124573894047
2006-04-04,0.3477332277877912
2006-04-05,0.0
2006-04-06,10.01203959898369
2006-04-07,0.0
2006-04-08,0.0
2006-04-09,8.413571214454402
2006-04-10,14.904967633050843
2006-04-11,4.892473949471842
2006-04-12,3.595115606647892
2006-04-13,3.560588426082522
2006-04-14,0.0
2006-04-15,0.0
2006-04-16,0.0
2006-04-17,0.0
2006-04-18,7.242642519844547
2006-04-19,29.026214677739798
2006-04-20,1.0859339505031302
2006-04-21,1.1879136832179253
2006-04-22,0.0
2006-04-23,3.9651952151309806
2006-04-24,7.532943030265541
2006-04-25,16.89408576589179
2006-04-26,15.445327071724714
2006-04-27,12.136703965027593
2006-04-28,5.045765242463835
2006-04-29,6.2296174700195746
2006-04-30,0.0
2006-05-01,0.0
2006-05-02,0.0
2006-05-03,2.7440994426205356
2006-05-04,1.3531616614074324
2006-05-05,24.8638891203178
2006-05-06,28.766094527534538
2006-05-07,0.6347358105955899
2006-05-08,28.090047487535998
2006-05-09,16.631126166598214
2006-05-10,20.8740654591773
2006-05-11,17.546509572178937
2006-05-12,0.0
2006-05-13,17.2059509613224
2006-05-14,10.165524220748532
2006-05-15,9.779553762762937
2006-05-16,10.696181385702378
2006-05-17,52.68308912418985
2006-05-18,16.33832253596268
2006-05-19,5.5781795001916
2006-05-20,17.183025076179895
2006-05-21,21.195693527927272
2006-05-22,19.776482289304614
2006-05-23,30.684065613794978
2006-05-24,8.315206476562734
2006-05-25,17.9564947050971
2006-05-26,7.179615973016702
2006-05-27,24.451164159420387
2006-05-28,9.944320980157405
2006-05-29,13.223320831116798
2006-05-30,2.6388641951253295
2006-05-31,1.751883044637539
2006-06-01,8.762375745821645
2006-06-02,26.267545865194226
2006-06-03,25.26060351165566
2006-06-04,18.95218135738695
2006-06-05,16.14183163965071
2006-06-06,15.836387509832514
2006-06-07,28.26077829422178
2006-06-08,47.64859788160068
2006-06-09,9.751165941357614
2006-06-10,26.55500978553618
2006-06-11,7.219324838974186
2006-06-12,5.37044838966953
2006-06-13,11.17058460565435
2006-06-14,27.74897686049746
2006-06-15,10.016744426376114
2006-06-16,1.1551533075603282
2006-06-17,2.482643573670775
2006-06-18,0.0
2006-06-19,15.323017079282454
2006-06-20,17.519535766662788
2006-06-21,24.098435069258155
2006-06-22,10.670432620757339
2006-06-23,1.264758040876808
2006-06-24,12.018790051542426
2006-06-25,10.340527630536947
2006-06-26,5.38491004071123
2006-06-27,10.933910429880429
2006-06-28,15.693480671660327
2006-06-29,3.1636563178051165
2006-06-30,10.911092265030826
2006-07-01,3.3861661601710975
2006-07-02,0.0
2006-07-03,28.057584864062235
2006-07-04,8.938283569103966
2006-07-05,21.26239452813123
2006-07-06,1.999661936953262
2006-07-07,13.761319182611807
2006-07-08,23.8532306004215
2006-07-09,9.365468661930116
2006-07-10,16.643758467725814
2006-07-11,23.3030152014784
2006-07-12,5.021109844381747
2006-07-13,17.02556601488913
2006-07-14,25.24030178382591
2006-07-15,0.1726588345057256
2006-07-16,9.631771345597668
2006-07-17,31.39872171830487
2006-07-18,14.479121714427666
2006-07-19,19.780206052032682
2006-07-20,28.497998440587843
2006-07-21,25.66578692036707
2006-07-22,10.664500219395034
2006-07-23,24.83499425649644
2006-07-24,0.0
2006-07-25,9.715028022189399
2006-07-26,17.680333544676376
2006-07-27,9.814997500664484
2006-07-28,15.8293197416776
2006-07-29,19.341272632012505
2006-07-30,0.8737580011019839
2006-07-31,24.98047584053633
2006-08-01,0.0
2006-08-02,2.348430807727415
2006-08-03,1.2308989972681617
2006-08-04,4.439681438678826
2006-08-05,6.506521701611379
2006-08-06,0.3023661401223493
2006-08-07,14.781764588645988
2006-08-08,11.873917519643502
2006-08-09,6.976114200981889
2006-08-10,2.3097295797354476
2006-08-11,15.102715586488314
2006-08-12,15.118204487336653
2006-08-13,0.0
2006-08-14,11.137580182302646
2006-08-15,15.213736647286936
2006-08-16,37.76941746634407
2006-08-17,13.716327590716855
2006-08-18,38.84673891276928
2006-08-19,21.31949776249964
2006-08-20,0.0
2006-08-21,11.835803529297989
2006-08-22,12.116739958121975
2006-08-23,20.786202581347652
2006-08-24,12.351551252241077
2006-08-25,18.333521272685083
2006-08-26,28.250677658899413
2006-08-27,11.772267099167854
2006-08-28,3.45334829531006
2006-08-29,0.0
2006-08-30,13.135114492596808
2006-08-31,0.39027138799428945
2006-09-01,14.616704166338256
2006-09-02,19.31636641194692
2006-09-03,19.764839485287677
2006-09-04,16.06037675085906
2006-09-05,7.452168692809507
2006-09-06,24.444704529804163
2006-09-07,24.613352728051115
2006-09-08,37.19571474033434
2006-09-09,12.39857185813221
2006-09-10,24.79714371626442
2006-09-11,10.60468707354488
2006-09-12,26.897906329986224
2006-09-13,3.1041655685450587
2006-09-14,15.764012511114824
2006-09-15,20.381867171944805
2006-09-16,19.042657446619636
2006-09-17,15.065443061090807
2006-09-18,10.806672277684152
2006-09-19,1.8456351450971658
2006-09-20,31.834672914163498
2006-09-21,3.330986275564176
2006-09-22,0.6087836217437242
2006-09-23,1.7439408766458169
2006-09-24,0.7539812183460677
2006-09-25,3.5807058383282797
2006-09-26,5.000854444161462
2006-09-27,0.0
2006-09-28,4.50491542298649
2006-09-29,21.582232087447842
2006-09-30,5.736904107034209
2006-10-01,9.554028075490454
2006-10-02,1.2822548944402388
2006-10-03,9.072191871098575
2006-10-04,25.694986091272256
2006-10-05,8.92170052270632
2006-10-06,0.0
2006-10-07,25.45156218554523
2006-10-08,31.979683428197312
2006-10-09,27.21481503344872
2006-10-10,25.888388012712074
2006-10-11,78.70210601832417
2006-10-12,48.93486596764747
2006-10-13,19.1559102076131
2006-10-14,26.17813053324417
2006-10-15,17.537252347211588
2006-10-16,39.88277805818095
2006-10-17,67.26067445568138
2006-10-18,0.0
2006-10-19,6.6461482837393495
2006-10-20,33.769807425705174
2006-10-21,25.911245037575032
2006-10-22,0.0
2006-10-23,0.0
2006-10-24,0.0
2006-10-25,23.94196180596546
2006-10-26,19.835784797330163
2006-10-27,5.701235339850995
2006-10-28,8.547831036955925
2006-10-29,26.168315949874962
2006-10-30,7.375387611018645
2006-10-31,7.7298078073843115
2006-11-01,33.555279490915524
2006-11-02,4.756668119414433
2006-11-03,0.14121559665009786
2006-11-04,6.548816950740042
2006-11-05,0.0
2006-11-06,13.837541198811019
2006-11-07,17.102593632968702
2006-11-08,14.649962896833552
2006-11-09,44.3573340105044
2006-11-10,10.558581402172916
2006-11-11,10.325769982627923
2006-11-12,17.594064238909134
2006-11-13,10.803158667039229
2006-11-14,15.16588361319659
2006-11-15,40.32131225917791
2006-11-16,0.0
2006-11-17,22.014803793784743
2006-11-18,24.20891771606498
2006-11-19,33.194505200192744
2006-11-20,25.101407045448155
2006-11-21,7.59361899342086
2006-11-22,0.0
2006-11-23,0.0
2006-11-24,0.0
2006-11-25,2.9223521291404166
2006-11-26,0.0
2006-11-27,12.796154352056018
2006-11-28,5.036296430874517
2006-11-29,13.977003975091758
2006-11-30,28.737041574072204
2006-12-01,10.784972919302213
2006-12-02,3.193377158227
2006-12-03,23.851030241395986
2006-12-04,0.0
2006-12-05,0.0
2006-12-06,0.0
2006-12-07,0.0
2006-12-08,0.0
2006-12-09,25.74706630932319
2006-12-10,11.708326213263181
2006-12-11,20.45559349092278
2006-12-12,10.423953248842345
2006-12-13,9.762771104840011
2006-12-14,17.0845325222692
2006-12-15,0.0
2006-12-16,9.310105865468852
2006-12-17,0.0
2006-12-18,0.0
2006-12-19,0.0
2006-12-20,0.0
2006-12-21,0.0
2006-12-22,0.0
2006-12-23,0.0
2006-12-24,21.701998630085512
2006-12-25,25.27032946573722
2006-12-26,9.747227075333532
2006-12-27,5.43559643505393
2006-12-28,9.325202143876941
2006-12-29,0.0
2006-12-30,0.0
2006-12-31,0.0
2007-01-01,0.0
2007-01-02,0.0
2007-01-03,0.0
2007-01-04,0.0
2007-01-05,0.24472125720333415
2007-01-06,3.25278399945111
2007-01-07,0.0
2007-01-08,0.0
2007-01-09,0.0
2007-01-10,0.0
2007-01-11,0.0
2007-01-12,0.0
2007-01-13,0.0
2007-01-14,0.0
2007-01-15,0.0
2007-01-16,0.0
2007-01-17,0.0
2007-01-18,0.0
2007-01-19,0.0
2007-01-20,0.0
2007-01-21,0.0
2007-01-22,0.0
2007-01-23,0.0
2007-01-24,0.0
2007-01-25,8.898666262828016
2007-01-26,12.395932839730305
2007-01-27,0.0
2007-01-28,0.0
2007-01-29,0.0
2007-01-30,0.0
2007-01-31,0.0
2007-02-01,0.0
2007-02-02,0.0
2007-02-03,0.22215004708315883
2007-02-04,0.0
2007-02-05,0.0
2007-02-06,0.2556993198153136
2007-02-07,0.0
2007-02-08,0.0
2007-02-09,0.21650755390323503
2007-02-10,0.47413734220773796
2007-02-11,0.0
2007-02-12,0.0
2007-02-13,0.0
2007-02-14,4.119231279435996
2007-02-15,0.0
2007-02-16,0.0
2007-02-17,0.0
2007-02-18,0.0
2007-02-19,0.187207686941366
2007-02-20,12.63883179486604
2007-02-21,0.0
2007-02-22,0.0
2007-02-23,0.0
2007-02-24,0.0
2007-02-25,0.0
2007-02-26,0.0
2007-02-27,3.7816975293932757
2007-02-28,0.0
2007-03-01,0.0
2007-03-02,0.0
2007-03-03,0.0
2007-03-04,0.0
2007-03-05,0.0
2007-03-06,0.0
2007-03-07,0.0
2007-03-08,3.5134213061348825
2007-03-09,0.0
2007-03-10,0.0
2007-03-11,0.0
2007-03-12,0.0
2007-03-13,0.0
2007-03-14,0.0
2007-03-15,0.0
2007-03-16,5.006715220776766
2007-03-17,20.562092492709294
2007-03-18,0.0
2007-03-19,0.0
2007-03-20,0.0
2007-03-21,0.0
2007-03-22,2.212047649799167
2007-03-23,0.0
2007-03-24,0.0
2007-03-25,0.0
2007-03-26,0.0
2007-03-27,4.195029858801818
2007-03-28,40.86986295999708
2007-03-29,0.0
2007-03-30,0.0
2007-03-31,0.0
2007-04-01,0.0
2007-04-02,0.0
2007-04-03,7.271984120881237
2007-04-04,28.505874823074087
2007-04-05,24.51239949102338
2007-04-06,0.0
2007-04-07,12.911442643887295
2007-04-08,2.5242375429417643
2007-04-09,0.0
2007-04-10,46.993779346749605
2007-04-11,0.0
2007-04-12,8.29908760153764
2007-04-13,16.045292648914696
2007-04-14,13.109141619422951
2007-04-15,10.710939483868112
2007-04-16,0.0
2007-04-17,0.0
2007-04-18,0.0
2007-04-19,3.0273474217266654
2007-04-20,34.06656278549015
2007-04-21,30.733162701129924
2007-04-22,0.0
2007-04-23,0.0
2007-04-24,0.0
2007-04-25,12.7879593726751
2007-04-26,13.96204696756763
2007-04-27,29.972613211016405
2007-04-28,11.602728800193688
2007-04-29,6.54184594246987
2007-04-30,9.129623721781616
2007-05-01,8.857409490725484
2007-05-02,29.15614600117143
2007-05-03,24.32809325891573
2007-05-04,4.985701652998861
2007-05-05,6.353468465442595
2007-05-06,20.504328820753752
2007-05-07,22.856696247249044
2007-05-08,24.007000182931495
2007-05-09,22.166364057644003
2007-05-10,24.007000182931495
2007-05-11,0.9552190513224218
2007-05-12,28.613726222031833
2007-05-13,39.73342348756018
2007-05-14,21.651791750579275
2007-05-15,3.970615791710649
2007-05-16,27.87357903815606
2007-05-17,56.99074433462041
2007-05-18,41.81036829948427
2007-05-19,19.689153129184575
2007-05-20,65.28084505087621
2007-05-21,55.21628400361219
2007-05-22,43.43111041993709
2007-05-23,21.79165261742232
2007-05-24,13.55705369163204
2007-05-25,0.0
2007-05-26,12.259853568834231
2007-05-27,34.920003607063684
2007-05-28,8.621364133583533
2007-05-29,16.803245493689104
2007-05-30,17.520942233704236
2007-05-31,7.4903222066727855
2007-06-01,21.688038774841548
2007-06-02,6.913739110771067
2007-06-03,2.318720076937934
2007-06-04,19.975841483151598
2007-06-05,19.975841483151598
2007-06-06,16.17714559266697
2007-06-07,20.002943914081605
2007-06-08,53.461632799457874
2007-06-09,11.943453172574177
2007-06-10,35.83035910935016
2007-06-11,0.0
2007-06-12,26.944138354546325
2007-06-13,25.880688769994563
2007-06-14,24.800499258411907
2007-06-15,40.03706522165119
2007-06-16,0.0
2007-06-17,8.905389764824431
2007-06-18,0.6321221743081068
2007-06-19,0.0
2007-06-20,25.40884634812137
2007-06-21,5.669247990121715
2007-06-22,3.687187997573938
2007-06-23,6.623779403599534
2007-06-24,4.7332182468192014
2007-06-25,15.237095467343527
2007-06-26,1.5465783599663432
2007-06-27,1.4625471689411116
2007-06-28,0.01584198023821857
2007-06-29,11.109783234225741
2007-06-30,7.296381301573805
2007-07-01,1.3786955332836597
2007-07-02,4.3011605498959895
2007-07-03,6.590702756232508
2007-07-04,8.46497211504627
2007-07-05,4.197322221019785
2007-07-06,5.4203032414252705
2007-07-07,22.16622056429451
2007-07-08,16.865609781967635
2007-07-09,14.014234630239981
2007-07-10,11.89464037140479
2007-07-11,7.59557620133903
2007-07-12,25.221601520841194
2007-07-13,12.978826725805131
2007-07-14,30.563985121411253
2007-07-15,23.484409576734986
2007-07-16,27.500028217161034
2007-07-17,5.104993771056873
2007-07-18,6.378906881688417
2007-07-19,14.567461853897253
2007-07-20,5.657238339652888
2007-07-21,23.904151879855114
2007-07-22,18.297159237233373
2007-07-23,15.129410206063378
2007-07-24,2.7170702390171395
2007-07-25,16.717544343423206
2007-07-26,0.0
2007-07-27,5.294808521464067
2007-07-28,14.619511820375923
2007-07-29,6.867609489608458
2007-07-30,21.92008335445379
2007-07-31,20.40293738407058
2007-08-01,8.990455434129046
2007-08-02,16.72721821996006
2007-08-03,6.168898673879136
2007-08-04,7.466145553701635
2007-08-05,5.265682721862925
2007-08-06,15.031720731306727
2007-08-07,30.408627443216954
2007-08-08,39.3174602026875
2007-08-09,47.83223180674219
2007-08-10,15.70011729928288
2007-08-11,17.651134927127814
2007-08-12,32.48690357723752
2007-08-13,24.633766250835883
2007-08-14,22.174339605142947
2007-08-15,22.05169003275601
2007-08-16,3.8552954060000357
2007-08-17,22.84164201689734
2007-08-18,40.357600676852314
2007-08-19,27.04169806193662
2007-08-20,44.80191328799403
2007-08-21,37.32118209229936
2007-08-22,32.576207156922386
2007-08-23,12.440394088223176
2007-08-24,7.501829562154978
2007-08-25,25.13105987535941
2007-08-26,39.82156508758262
2007-08-27,34.78310985339655
2007-08-28,22.942217476464613
2007-08-29,23.52506677202277
2007-08-30,14.424730789822505
2007-08-31,4.09665032536597
2007-09-01,20.878742112501257
2007-09-02,14.286254673390776
2007-09-03,17.622272082679988
2007-09-04,10.371327650708126
2007-09-05,20.367439918824147
2007-09-06,25.254699899538146
2007-09-07,8.619463908108507
2007-09-08,13.00432991256585
2007-09-09,24.16906909604331
2007-09-10,24.628313239361795
2007-09-11,11.366186920855501
2007-09-12,11.984297784599104
2007-09-13,29.516876399517063
2007-09-14,56.907814196638164
2007-09-15,19.766624813144272
2007-09-16,16.25786275839484
2007-09-17,9.708783700860842
2007-09-18,6.939489090764846
2007-09-19,30.69324550918632
2007-09-20,9.603375738536991
2007-09-21,39.83831267985139
2007-09-22,25.8328895311098
2007-09-23,11.078674260828953
2007-09-24,10.348762877889587
2007-09-25,11.078674260828953
2007-09-26,12.389588597658522
2007-09-27,16.177275658056548
2007-09-28,19.568588421554182
2007-09-29,9.05666188654062
2007-09-30,22.88210764527322
2007-10-01,23.62637898325921
2007-10-02,4.608209108178682
2007-10-03,12.748932467521854
2007-10-04,16.048691180106765
2007-10-05,35.40820803352305
2007-10-06,15.140174318004302
2007-10-07,31.52988102468286
2007-10-08,26.83629624465029
2007-10-09,0.0
2007-10-10,14.777548934962303
2007-10-11,35.5124025997278
2007-10-12,24.602753575186476
2007-10-13,9.696458836262295
2007-10-14,10.989171984630666
2007-10-15,51.79931573932237
2007-10-16,47.59966671144641
2007-10-17,9.332450797026224
2007-10-18,11.60396733517583
2007-10-19,26.1783474498504
2007-10-20,25.360550237668537
2007-10-21,55.46493634178833
2007-10-22,1.3369210648375591
2007-10-23,0.0
2007-10-24,0.0
2007-10-25,46.67870687955136
2007-10-26,17.550224431463196
2007-10-27,0.7427034023645764
2007-10-28,25.106261292824886
2007-10-29,19.592863814653587
2007-10-30,21.713162849481048
2007-10-31,24.567647544918845
2007-11-01,27.178889688205086
2007-11-02,11.638498571877548
2007-11-03,22.082736070494402
2007-11-04,12.655575402886488
2007-11-05,19.542879262888764
2007-11-06,3.3509801384565
2007-11-07,37.46046327457235
2007-11-08,10.101950790833786
2007-11-09,18.10935807912737
2007-11-10,22.401972565296543
2007-11-11,0.0
2007-11-12,6.172018827618782
2007-11-13,28.592384627541982
2007-11-14,29.46309870562039
2007-11-15,0.0
2007-11-16,0.0
2007-11-17,0.0
2007-11-18,0.0
2007-11-19,0.0
2007-11-20,15.699024306761256
2007-11-21,20.143261153150256
2007-11-22,3.086462534964086
2007-11-23,0.7479943121607242
2007-11-24,0.0
2007-11-25,2.2444899323824297
2007-11-26,1.4774907076278252
2007-11-27,27.200726781342496
2007-11-28,10.522367904516496
2007-11-29,3.9599254447463417
2007-11-30,0.7415413121516642
2007-12-01,0.0
2007-12-02,0.0
2007-12-03,5.261234666850117
2007-12-04,0.49630492522909847
2007-12-05,13.726552602809837
2007-12-06,19.956324499201134
2007-12-07,3.5249733157657297
2007-12-08,0.0
2007-12-09,8.876410058422671
2007-12-10,8.018802589460002
2007-12-11,25.72114236370938
2007-12-12,0.0
2007-12-13,0.0
2007-12-14,0.0
2007-12-15,0.0
2007-12-16,8.60379845467774
2007-12-17,1.1273877725407886
2007-12-18,0.0
2007-12-19,0.0
2007-12-20,0.0
2007-12-21,0.0
2007-12-22,0.1291521811807478
2007-12-23,11.399045162909745
2007-12-24,0.0
2007-12-25,9.182402477071093
2007-12-26,7.333929665990782
2007-12-27,0.9603785522080759
2007-12-28,0.0
2007-12-29,0.0
2007-12-30,0.0
2007-12-31,8.981874218865025
2008-01-01,0.0
2008-01-02,0.0
2008-01-03,0.0
2008-01-04,0.0
2008-01-05,0.35926618638473595
2008-01-06,2.3280376555347773
2008-01-07,7.838360984583162
2008-01-08,2.2392559897255264
2008-01-09,0.0
2008-01-10,0.0
2008-01-11,0.0
2008-01-12,0.0
2008-01-13,0.0
2008-01-14,0.0
2008-01-15,5.154516607522966
2008-01-16,0.5084051620718596
2008-01-17,0.0
2008-01-18,0.0
2008-01-19,5.415895743144526
2008-01-20,0.0
2008-01-21,0.0
2008-01-22,0.0
2008-01-23,0.0
2008-01-24,0.0
2008-01-25,0.0
2008-01-26,0.0
2008-01-27,0.34310625211612605
2008-01-28,0.0
2008-01-29,0.0
2008-01-30,0.0
2008-01-31,0.0
2008-02-01,0.0
2008-02-02,0.0
2008-02-03,0.0
2008-02-04,0.0
2008-02-05,0.0
2008-02-06,0.0
2008-02-07,0.0
2008-02-08,0.0
2008-02-09,0.0
2008-02-10,0.0
2008-02-11,0.0
2008-02-12,0.0
2008-02-13,0.12044049477255026
2008-02-14,14.645708996500522
2008-02-15,0.0
2008-02-16,12.581389470277612
2008-02-17,11.443098765370012
2008-02-18,20.744252328534387
2008-02-19,15.90854143975555
2008-02-20,0.0
2008-02-21,2.233651640850145
2008-02-22,0.0
2008-02-23,0.0
2008-02-24,0.0
2008-02-25,4.287143406634397
2008-02-26,0.0
2008-02-27,1.0009524055026675
2008-02-28,0.0
2008-02-29,0.0
2008-03-01,0.0
2008-03-02,0.0
2008-03-03,0.0
2008-03-04,0.0
2008-03-05,3.759299391427557
2008-03-06,0.0
2008-03-07,0.07785451935755243
2008-03-08,0.0
2008-03-09,0.0
2008-03-10,0.0
2008-03-11,0.0
2008-03-12,0.0
2008-03-13,10.14496426646774
2008-03-14,13.97633936759588
2008-03-15,0.0
2008-03-16,0.0
2008-03-17,0.18465023226029167
2008-03-18,0.3325652037117933
2008-03-19,0.0
2008-03-20,31.729788147114427
2008-03-21,4.798904672063687
2008-03-22,0.0
2008-03-23,0.0
2008-03-24,0.0
2008-03-25,0.0
2008-03-26,0.0
2008-03-27,0.1193674089940819
2008-03-28,0.0
2008-03-29,0.03770937831015202
2008-03-30,2.9546205318860115
2008-03-31,2.1157077436108853
2008-04-01,0.0
2008-04-02,0.0
2008-04-03,2.410296343266965
2008-04-04,0.6444946595945875
2008-04-05,0.0
2008-04-06,5.0067413771474705
2008-04-07,7.889720994878464
2008-04-08,5.557952175269258
2008-04-09,16.927454357211655
2008-04-10,30.129513313641418
2008-04-11,3.6190212717330144
2008-04-12,6.4805509544707665
2008-04-13,3.5513462841108057
2008-04-14,2.4457828662282717
2008-04-15,0.0
2008-04-16,0.0
2008-04-17,0.0
2008-04-18,0.20029403007513774
2008-04-19,0.0
2008-04-20,4.507431104074459
2008-04-21,3.147484830505141
2008-04-22,0.0
2008-04-23,0.0
2008-04-24,0.0
2008-04-25,0.010596895338715736
2008-04-26,0.5680386520720819
2008-04-27,0.0
2008-04-28,1.8631355005341617
2008-04-29,4.924087195380316
2008-04-30,14.81884379644652
2008-05-01,13.378346391223577
2008-05-02,21.642449258147064
2008-05-03,15.303124070570279
2008-05-04,0.0
2008-05-05,4.003022763777424
2008-05-06,0.0
2008-05-07,0.20930255425942917
2008-05-08,2.8768013417720804
2008-05-09,44.10033567209502
2008-05-10,15.097119572597586
2008-05-11,15.199592349899788
2008-05-12,15.199592349899788
2008-05-13,8.069256051569374
2008-05-14,7.953128169517263
2008-05-15,15.091659179813158
2008-05-16,7.395199313357071
2008-05-17,15.215112605207683
2008-05-18,15.139534507651595
2008-05-19,19.14000945638966
2008-05-20,30.27906901530319
2008-05-21,45.44404514576939
2008-05-22,26.338667171226973
2008-05-23,20.646898809719737
2008-05-24,19.74377238750459
2008-05-25,19.531492995249266
2008-05-26,37.804605586303246
2008-05-27,21.241351625403848
2008-05-28,78.69737350779613
2008-05-29,72.73363458304794
2008-05-30,0.0
2008-05-31,0.0
2008-06-01,21.040846422314655
2008-06-02,16.3054306486974
2008-06-03,14.922124329249604
2008-06-04,8.571331340517549
2008-06-05,0.0
2008-06-06,11.272008184242898
2008-06-07,14.52889096978549
2008-06-08,4.4689028577224645
2008-06-09,4.4689028577224645
2008-06-10,0.0
2008-06-11,7.428606775362752
2008-06-12,16.21521945136625
2008-06-13,17.63464188092464
2008-06-14,0.0
2008-06-15,13.435818264210553
2008-06-16,28.203509425794767
2008-06-17,7.4712545585793455
2008-06-18,0.26788151143370453
2008-06-19,11.706175179497622
2008-06-20,0.0
2008-06-21,5.340513472621508
2008-06-22,18.97166108964263
2008-06-23,29.925658479735667
2008-06-24,1.9442212555456813
2008-06-25,17.074408702350958
2008-06-26,8.680910175917925
2008-06-27,8.659703998348201
2008-06-28,17.301129571892126
2008-06-29,2.5186113171480806
2008-06-30,16.399799808859836
2008-07-01,11.658591302665508
2008-07-02,32.79467336873751
2008-07-03,22.283297169450172
2008-07-04,32.72084902267199
2008-07-05,39.831801694792674
2008-07-06,19.137789269154144
2008-07-07,15.7525775944059
2008-07-08,9.755539770666008
2008-07-09,25.776250208551822
2008-07-10,19.079418007989194
2008-07-11,28.465302936934147
2008-07-12,22.018717387238073
2008-07-13,28.559752746208304
2008-07-14,19.113725484222986
2008-07-15,22.96850075713687
2008-07-16,33.71791765496538
2008-07-17,22.47861197027001
2008-07-18,32.30094011812598
2008-07-19,30.230969164017086
2008-07-20,9.79582715517766
2008-07-21,14.810801573701811
2008-07-22,4.881248796711099
2008-07-23,0.484528114465443
2008-07-24,2.0404673487552123
2008-07-25,4.98290145759647
2008-07-26,43.996177278660454
2008-07-27,23.795020683391677
2008-07-28,8.773119296979262
2008-07-29,14.698653821204164
2008-07-30,14.548191427379043
2008-07-31,15.428878859088233
2008-08-01,17.456506834038205
2008-08-02,26.756329840099493
2008-08-03,27.084535995850697
2008-08-04,18.596939259686987
2008-08-05,30.2799158515157
2008-08-06,1.2592625946209242
2008-08-07,22.788098875735265
2008-08-08,23.791482377696692
2008-08-09,15.302996960846164
2008-08-10,23.966077902027088
2008-08-11,25.922034199978864
2008-08-12,25.25084198085038
2008-08-13,11.255087058085044
2008-08-14,5.067182537470316
2008-08-15,31.38768524253691
2008-08-16,33.426335075417086
2008-08-17,33.604265446598475
2008-08-18,19.940789636727935
2008-08-19,34.19460060870326
2008-08-20,16.713167537708543
2008-08-21,20.6089052767367
2008-08-22,48.34371227670361
2008-08-23,22.1689457023466
2008-08-24,0.0
2008-08-25,19.912339642643932
2008-08-26,19.420693119635455
2008-08-27,23.15738954012459
2008-08-28,23.383188611752285
2008-08-29,44.20165529122225
2008-08-30,22.100827645611126
2008-08-31,6.9351672659049175
2008-09-01,11.731353485100982
2008-09-02,35.672006073030275
2008-09-03,16.19731495791191
2008-09-04,21.20587884977058
2008-09-05,1.5245673261784223
2008-09-06,17.11017975774972
2008-09-07,0.0
2008-09-08,9.934881365782507
2008-09-09,27.27439811423019
2008-09-10,12.96017240712772
2008-09-11,6.480444775239844
2008-09-12,0.0
2008-09-13,11.525415955363098
2008-09-14,15.269195508715276
2008-09-15,21.90287720593247
2008-09-16,27.264121838518108
2008-09-17,31.432979897872823
2008-09-18,4.267135990632549
2008-09-19,16.255772485523618
2008-09-20,7.350781226077597
2008-09-21,2.86903573693456
2008-09-22,0.0
2008-09-23,15.64389594140891
2008-09-24,48.11611540172552
2008-09-25,17.322102339686577
2008-09-26,17.317189660225374
2008-09-27,31.602129158941484
2008-09-28,12.885113872789052
2008-09-29,29.4568020796051
2008-09-30,10.78571637860827
2008-10-01,16.93908283799082
2008-10-02,17.782290071249015
2008-10-03,34.40430111417901
2008-10-04,21.862270739432933
2008-10-05,27.243441429895334
2008-10-06,20.19713569573455
2008-10-07,22.192649763983656
2008-10-08,22.983175273279894
2008-10-09,53.12396174508174
2008-10-10,39.620854896468096
2008-10-11,45.421382038174464
2008-10-12,26.24314821088637
2008-10-13,9.555326589055968
2008-10-14,0.3108026449744767
2008-10-15,62.50205483307712
2008-10-16,20.70468568278326
2008-10-17,0.0
2008-10-18,22.96609517247291
2008-10-19,26.989384788113675
2008-10-20,31.150008817379547
2008-10-21,36.88363263333167
2008-10-22,15.855060889108767
2008-10-23,49.73349955436347
2008-10-24,27.062069013312065
2008-10-25,21.88804988925522
2008-10-26,0.0
2008-10-27,10.297662779286107
2008-10-28,0.4753589340158412
2008-10-29,11.977673832226447
2008-10-30,6.597304067901664
2008-10-31,9.924056450660165
2008-11-01,48.37230139165313
2008-11-02,43.3204164682208
2008-11-03,13.885170754548668
2008-11-04,46.25663040135359
2008-11-05,0.0
2008-11-06,8.309870699772967
2008-11-07,29.35294920528258
2008-11-08,27.164766481196565
2008-11-09,14.67647460264129
2008-11-10,0.0
2008-11-11,0.0
2008-11-12,0.0
2008-11-13,15.71229430751221
2008-11-14,12.367971138776964
2008-11-15,12.746098777329605
2008-11-16,24.470095675539334
2008-11-17,20.06983055617359
2008-11-18,25.2573591913726
2008-11-19,26.487238113541864
2008-11-20,0.0
2008-11-21,0.8369369667929575
2008-11-22,30.793126633038398
2008-11-23,13.355322852730755
2008-11-24,12.82620601074116
2008-11-25,70.60284847826573
2008-11-26,25.878006758722105
2008-11-27,10.634209439963909
2008-11-28,24.994928689421837
2008-11-29,26.851163527852794
2008-11-30,51.224997380295335
2008-12-01,52.670180199919535
2008-12-02,0.0
2008-12-03,10.240100593180275
2008-12-04,0.0
2008-12-05,13.87137388820584
2008-12-06,0.0
2008-12-07,0.0
2008-12-08,0.0
2008-12-09,0.0
2008-12-10,0.21711569581482867
2008-12-11,1.2418055737743512
2008-12-12,0.0
2008-12-13,0.0
2008-12-14,0.0
2008-12-15,0.0
2008-12-16,0.0
2008-12-17,0.0
2008-12-18,0.0
2008-12-19,0.0
2008-12-20,0.0
2008-12-21,0.0
2008-12-22,0.0
2008-12-23,0.0
2008-12-24,0.0
2008-12-25,0.0
2008-12-26,0.0
2008-12-27,0.0
2008-12-28,0.0
2008-12-29,0.0
2008-12-30,0.0
2008-12-31,0.0
2009-01-01,0.0
2009-01-02,0.0
2009-01-03,0.0
2009-01-04,0.0
2009-01-05,1.4133880446488798
2009-01-06,0.7692280554690879
2009-01-07,2.8393308520317087
2009-01-08,0.0
2009-01-09,15.412298766342373
2009-01-10,0.0
2009-01-11,0.0
2009-01-12,4.011584999190796
2009-01-13,1.3972677673036993
2009-01-14,1.9604301621785043
2009-01-15,1.3424954466723111
2009-01-16,2.5276490820420765
2009-01-17,0.0
2009-01-18,1.2533851098772646
2009-01-19,0.0
2009-01-20,0.0
2009-01-21,3.962739861494787
2009-01-22,0.0
2009-01-23,0.0
2009-01-24,0.0
2009-01-25,0.0
2009-01-26,0.0
2009-01-27,0.0
2009-01-28,0.0
2009-01-29,0.0
2009-01-30,0.0
2009-01-31,0.0
2009-02-01,0.0
2009-02-02,0.17124803404550298
2009-02-03,0.16027062970238767
2009-02-04,22.262212199536535
2009-02-05,0.0
2009-02-06,0.0
2009-02-07,0.11724126983333281
2009-02-08,0.0
2009-02-09,0.0
2009-02-10,0.0
2009-02-11,0.0
2009-02-12,0.0
2009-02-13,0.0
2009-02-14,0.0
2009-02-15,0.0
2009-02-16,0.0
2009-02-17,0.0
2009-02-18,0.0
2009-02-19,0.0
2009-02-20,0.0
2009-02-21,0.0
2009-02-22,0.0
2009-02-23,0.1051646853620942
2009-02-24,0.0
2009-02-25,0.0
2009-02-26,0.0
2009-02-27,0.0
2009-02-28,0.0
2009-03-01,0.0
2009-03-02,1.8978354567410178
2009-03-03,0.0
2009-03-04,0.0
2009-03-05,0.0
2009-03-06,0.0
2009-03-07,0.0
2009-03-08,0.0
2009-03-09,0.0
2009-03-10,4.971622943324417
2009-03-11,0.0659651619357032
2009-03-12,0.0
2009-03-13,0.0
2009-03-14,0.0
2009-03-15,0.0
2009-03-16,0.0
2009-03-17,0.0
2009-03-18,0.0
2009-03-19,0.0
2009-03-20,0.0
2009-03-21,0.0
2009-03-22,4.776791178596182
2009-03-23,0.36091548566882686
2009-03-24,0.0
2009-03-25,0.042207894242695866
2009-03-26,11.935444561210844
2009-03-27,3.5386845743333986
2009-03-28,0.540995422650028
2009-03-29,57.34456188453211
2009-03-30,0.0
2009-03-31,2.8270266587669792
2009-04-01,13.95595094843491
2009-04-02,0.7112481108791122
2009-04-03,0.0
2009-04-04,0.17885441715652883
2009-04-05,0.0
2009-04-06,0.0
2009-04-07,0.0
2009-04-08,0.0
2009-04-09,0.0
2009-04-10,0.0
2009-04-11,0.0
2009-04-12,0.0
2009-04-13,1.2747805436720723
2009-04-14,16.5939026974343
2009-04-15,0.0
2009-04-16,0.0
2009-04-17,0.0
2009-04-18,0.0
2009-04-19,0.0
2009-04-20,1.4040185479900325
2009-04-21,1.4546174296253438
2009-04-22,4.184819223208202
2009-04-23,4.710048657112027
2009-04-24,3.756517708603596
2009-04-25,1.2777244354522712
2009-04-26,3.6161122731864466
2009-04-27,0.0
2009-04-28,0.6540953728395541
2009-04-29,4.991402316234404
2009-04-30,4.3464634620861435
2009-05-01,5.302325229387026
2009-05-02,31.48591291098983
2009-05-03,29.62649642494885
2009-05-04,12.728959365470994
2009-05-05,14.069268754607927
2009-05-06,6.52213918578786
2009-05-07,8.573924655447138
2009-05-08,10.930324875422428
2009-05-09,5.303994918997224
2009-05-10,9.249539312680028
2009-05-11,16.946768940703297
2009-05-12,35.32852298424052
2009-05-13,9.612464038302774
2009-05-14,16.727129812176173
2009-05-15,16.401841351712076
2009-05-16,20.620133422919228
2009-05-17,23.222679993188073
2009-05-18,19.83345142812343
2009-05-19,24.40972806553584
2009-05-20,9.785958810231175
2009-05-21,10.219424078190654
2009-05-22,20.362069792038692
2009-05-23,32.98865706614548
2009-05-24,20.438848156381308
2009-05-25,16.743389606475837
2009-05-26,21.86364489391044
2009-05-27,10.491657604639599
2009-05-28,21.235774300388393
2009-05-29,9.134946827952929
2009-05-30,29.704860708600773
2009-05-31,31.462179475539443
2009-06-01,0.18077544445121616
2009-06-02,1.7192223591578981
2009-06-03,0.0
2009-06-04,42.01963953553021
2009-06-05,39.25479684407647
2009-06-06,13.419100565483445
2009-06-07,0.0
2009-06-08,1.6725714965849314
2009-06-09,13.912546334234449
2009-06-10,11.727749709341984
2009-06-11,23.978242261989703
2009-06-12,25.188055686048564
2009-06-13,2.3837529418838996
2009-06-14,8.644095361031395
2009-06-15,3.096009293722141
2009-06-16,10.887858039019886
2009-06-17,3.9644946536502323
2009-06-18,11.721652628199479
2009-06-19,15.001350891751214
2009-06-20,16.594364587519628
2009-06-21,34.96266228846602
2009-06-22,18.54233531814975
2009-06-23,35.31615149088808
2009-06-24,34.002006194076024
2009-06-25,2.133652067466363
2009-06-26,37.74248367467443
2009-06-27,5.15771382845737
2009-06-28,21.14810640908577
2009-06-29,27.15261535668696
2009-06-30,15.846454343683009
2009-07-01,13.977437522161653
2009-07-02,18.46537490027982
2009-07-03,3.152888016020125
2009-07-04,21.658244207904147
2009-07-05,0.17565082960032133
2009-07-06,18.701563017593855
2009-07-07,41.95987618372248
2009-07-08,3.100323434617069
2009-07-09,14.224901544081202
2009-07-10,21.372967692243098
2009-07-11,6.760228911163035
2009-07-12,0.0
2009-07-13,1.2035085720991767
2009-07-14,5.063890192456344
2009-07-15,0.3744377322696351
2009-07-16,0.0
2009-07-17,14.39594750126472
2009-07-18,17.294662464309386
2009-07-19,0.0
2009-07-20,21.987018938805612
2009-07-21,18.461171825189854
2009-07-22,9.915981495501223
2009-07-23,3.789432545570104
2009-07-24,6.264135042557847
2009-07-25,12.470535936387813
2009-07-26,9.3828701376915
2009-07-27,0.0
2009-07-28,0.0
2009-07-29,4.356904420800307
2009-07-30,13.80492958023742
2009-07-31,0.0
2009-08-01,5.388064977889127
2009-08-02,0.0
2009-08-03,1.0535023911176504
2009-08-04,20.537963157570047
2009-08-05,46.73729975803479
2009-08-06,11.648456144977267
2009-08-07,25.16244361610027
2009-08-08,3.2656665539016605
2009-08-09,12.747224344192329
2009-08-10,9.407137981137717
2009-08-11,0.0
2009-08-12,0.0
2009-08-13,13.618103835429698
2009-08-14,25.422708550820488
2009-08-15,7.440522233779369
2009-08-16,30.983604346578193
2009-08-17,33.17747523172483
2009-08-18,15.195187787349163
2009-08-19,42.13150008949074
2009-08-20,40.35914895743938
2009-08-21,5.434398083066619
2009-08-22,0.0
2009-08-23,8.874006514009595
2009-08-24,7.351098429210284
2009-08-25,1.4385312787584361
2009-08-26,0.0
2009-08-27,14.679565523927279
2009-08-28,18.039670285340907
2009-08-29,12.209686012686912
2009-08-30,19.161027004589915
2009-08-31,14.443428916302894
2009-09-01,1.0628658231045751
2009-09-02,3.883529301430729
2009-09-03,16.710111820617243
2009-09-04,24.97094041592367
2009-09-05,15.510841403257206
2009-09-06,1.260001730475877
2009-09-07,7.762619833084378
2009-09-08,7.84958340569928
2009-09-09,13.386538705713043
2009-09-10,9.642548436449996
2009-09-11,11.004926459612076
2009-09-12,26.591750836050196
2009-09-13,5.938871924941607
2009-09-14,4.900377133810844
2009-09-15,6.198578792447982
2009-09-16,13.259365720926109
2009-09-17,6.177879855842207
2009-09-18,11.035601708534605
2009-09-19,15.54131932476083
2009-09-20,0.0
2009-09-21,0.02646730961026373
2009-09-22,23.838021260258326
2009-09-23,21.27920093810237
2009-09-24,12.848104721589669
2009-09-25,9.853066455874897
2009-09-26,13.402060902400603
2009-09-27,7.568806080600703
2009-09-28,21.614503036479704
2009-09-29,0.0
2009-09-30,0.022673534380423063
2009-10-01,23.294014644783907
2009-10-02,63.38597759201721
2009-10-03,6.392977795689496
2009-10-04,20.36426940238154
2009-10-05,18.924719446011494
2009-10-06,6.749167611671461
2009-10-07,5.763265832453163
2009-10-08,6.749167611671461
2009-10-09,21.195721824829654
2009-10-10,17.241958883968564
2009-10-11,20.023903700346892
2009-10-12,16.459244765945392
2009-10-13,11.407239634241611
2009-10-14,10.383793305102238
2009-10-15,6.717878381344113
2009-10-16,2.1762398855911727
2009-10-17,0.4325001477389724
2009-10-18,29.35693034046406
2009-10-19,30.78390815330519
2009-10-20,13.687768699752322
2009-10-21,52.03062396113938
2009-10-22,15.08709155466106
2009-10-23,7.035349858773723
2009-10-24,36.91432663234505
2009-10-25,0.0
2009-10-26,5.820108379866627
2009-10-27,20.97126268011493
2009-10-28,18.97741016463654
2009-10-29,57.85725703110567
2009-10-30,0.0
2009-10-31,18.194351534988435
2009-11-01,28.323962162475343
2009-11-02,16.32904412818922
2009-11-03,41.64365924773992
2009-11-04,14.327619992800665
2009-11-05,20.59798469897864
2009-11-06,16.475200720735508
2009-11-07,34.13604215109671
2009-11-08,15.677724535803542
2009-11-09,10.479541649286814
2009-11-10,6.910580279456605
2009-11-11,0.0
2009-11-12,0.0
2009-11-13,38.62753764278181
2009-11-14,14.477106309621721
2009-11-15,26.52805042951494
2009-11-16,12.299410972844916
2009-11-17,7.192821062698561
2009-11-18,6.865642540358211
2009-11-19,0.0
2009-11-20,0.0
2009-11-21,0.0
2009-11-22,1.6401179710755482
2009-11-23,20.217875766995796
2009-11-24,18.817199495595865
2009-11-25,31.423105173014307
2009-11-26,0.0
2009-11-27,3.7699225073730633
2009-11-28,15.9485488501755
2009-11-29,0.0
2009-11-30,0.0
2009-12-01,0.11409044749027977
2009-12-02,0.0
2009-12-03,0.0
2009-12-04,0.0
2009-12-05,0.0
2009-12-06,0.0
2009-12-07,0.0
2009-12-08,0.0
2009-12-09,0.0
2009-12-10,17.872706056446646
2009-12-11,4.277660288520763
2009-12-12,2.1788038252978716
2009-12-13,0.0
2009-12-14,0.0
2009-12-15,3.9145107961989747
2009-12-16,0.0
2009-12-17,9.22432679582287
2009-12-18,10.610088960544488
2009-12-19,10.700407896090203
2009-12-20,0.0
2009-12-21,32.925048055681025
2009-12-22,5.337642827952233
2009-12-23,11.907914056165803
2009-12-24,0.0
2009-12-25,6.075815467818366
2009-12-26,0.0
2009-12-27,3.0655628269588635
2009-12-28,0.0
2009-12-29,0.0
2009-12-30,0.0
2009-12-31,0.0
2010-01-01,0.0
2010-01-02,0.0
2010-01-03,0.0
2010-01-04,0.0
2010-01-05,0.0
2010-01-06,0.0
2010-01-07,0.0
2010-01-08,0.0
2010-01-09,0.0
2010-01-10,0.0
2010-01-11,0.0
2010-01-12,5.26181181782001
2010-01-13,0.0
2010-01-14,0.0
2010-01-15,0.0
2010-01-16,0.0
2010-01-17,0.0
2010-01-18,0.0
2010-01-19,0.0
2010-01-20,0.0
2010-01-21,0.0
2010-01-22,0.0
2010-01-23,0.8142201722272346
2010-01-24,1.7670333558643192
2010-01-25,23.68608895346926
2010-01-26,0.0
2010-01-27,0.0
2010-01-28,0.0
2010-01-29,3.8097304729996515
2010-01-30,0.0
2010-01-31,2.640049164359635
2010-02-01,0.0
2010-02-02,0.0
2010-02-03,0.0
2010-02-04,0.0
2010-02-05,0.0
2010-02-06,0.0
2010-02-07,0.0
2010-02-08,0.0
2010-02-09,0.0
2010-02-10,0.0
2010-02-11,0.0
2010-02-12,0.0
2010-02-13,9.007843993000087
2010-02-14,25.314839176229533
2010-02-15,7.291994927299992
2010-02-16,0.14305833525754313
2010-02-17,0.0
2010-02-18,0.0
2010-02-19,0.0
2010-02-20,0.0
2010-02-21,0.0
2010-02-22,3.8344143829434323
2010-02-23,12.204240112691316
2010-02-24,23.302354956398144
2010-02-25,5.796048341469992
2010-02-26,7.297560016347752
2010-02-27,15.880543525959999
2010-02-28,5.15115106176283
2010-03-01,0.0
2010-03-02,5.187591582536699
2010-03-03,0.0
2010-03-04,0.0
2010-03-05,11.248441937001978
2010-03-06,0.0
2010-03-07,0.0
2010-03-08,0.0
2010-03-09,0.0
2010-03-10,0.48056075701842454
2010-03-11,7.893594421244959
2010-03-12,0.2868588723846385
2010-03-13,24.6406250849769
2010-03-14,0.0
2010-03-15,0.0
2010-03-16,0.0
2010-03-17,4.916177661435026
2010-03-18,1.806147007926091
2010-03-19,0.0
2010-03-20,0.0
2010-03-21,1.2269241853138888
2010-03-22,14.730314524995322
2010-03-23,3.045243390105867
2010-03-24,0.0
2010-03-25,0.0
2010-03-26,0.0
2010-03-27,8.056975535444312
2010-03-28,0.0
2010-03-29,0.0
2010-03-30,1.9741289756588043
2010-03-31,0.24222617858165024
2010-04-01,2.4596817176285635
2010-04-02,4.84989055538097
2010-04-03,0.07120119256747737
2010-04-04,0.4534113883871485
2010-04-05,1.075750232397302
2010-04-06,0.0
2010-04-07,0.0
2010-04-08,6.172479164761467
2010-04-09,9.909996979341315
2010-04-10,1.579283628512074
2010-04-11,0.0
2010-04-12,4.347835000302342
2010-04-13,22.089316485701392
2010-04-14,0.0
2010-04-15,0.06258811479484715
2010-04-16,0.0
2010-04-17,12.137031703986029
2010-04-18,0.0
2010-04-19,0.0
2010-04-20,11.365366820145303
2010-04-21,27.27072033044455
2010-04-22,0.0
2010-04-23,0.0
2010-04-24,45.691533545384544
2010-04-25,29.033014349035327
2010-04-26,45.88499405496832
2010-04-27,40.92000401342239
2010-04-28,32.95426507173359
2010-04-29,62.58168461999379
2010-04-30,23.206961169838912
2010-05-01,25.304231697643136
2010-05-02,65.92741256469007
2010-05-03,13.381754782554271
2010-05-04,53.676077396483045
2010-05-05,15.212590478159289
2010-05-06,0.16448863535313998
2010-05-07,0.0
2010-05-08,0.0
2010-05-09,0.0
2010-05-10,0.0
2010-05-11,4.260455711367165
2010-05-12,6.303060269738372
2010-05-13,4.786494659511626
2010-05-14,8.762743938311536
2010-05-15,6.316712059584022
2010-05-16,8.051632013272599
2010-05-17,13.919165010387834
2010-05-18,4.164516786063042
2010-05-19,22.388446590384927
2010-05-20,56.980171358263185
2010-05-21,1.1311997054396452
2010-05-22,43.60716660119393
2010-05-23,20.357648776995177
2010-05-24,60.52680292645019
2010-05-25,2.073325712938567
2010-05-26,1.0462917331102735
2010-05-27,0.0
2010-05-28,0.0
2010-05-29,4.784970119192796
2010-05-30,1.287988849588343
2010-05-31,6.313218904508129
2010-06-01,8.393714523798712
2010-06-02,27.89941831496923
2010-06-03,19.84261018762718
2010-06-04,12.95547370592485
2010-06-05,21.24686605503431
2010-06-06,16.159605934813225
2010-06-07,28.25534283792651
2010-06-08,11.28052741973787
2010-06-09,2.2010828860708194
2010-06-10,25.729567000592084
2010-06-11,23.080958722813715
2010-06-12,26.542047492152946
2010-06-13,12.329108170359525
2010-06-14,20.46417650922731
2010-06-15,23.080958722813715
2010-06-16,20.683822371669724
2010-06-17,20.68025307518405
2010-06-18,11.681317025543876
2010-06-19,32.503670696471204
2010-06-20,8.715277276329097
2010-06-21,0.10485873230405758
2010-06-22,17.60051054447084
2010-06-23,31.2729245190685
2010-06-24,7.8847476376875045
2010-06-25,19.187237956636668
2010-06-26,12.949860918763523
2010-06-27,34.985616971512115
2010-06-28,24.792648612647454
2010-06-29,3.887700896005373
2010-06-30,18.713693908742957
2010-07-01,10.11126368553252
2010-07-02,29.134023870165297
2010-07-03,36.05311295470678
2010-07-04,8.606780990958214
2010-07-05,39.00224300010786
2010-07-06,16.976672624414036
2010-07-07,50.754002285164766
2010-07-08,25.545034014695407
2010-07-09,11.135597515750579
2010-07-10,17.984035817352513
2010-07-11,10.978582988316951
2010-07-12,41.01547954050271
2010-07-13,13.029489345043094
2010-07-14,22.409191654743385
2010-07-15,32.298193915470236
2010-07-16,26.60007032228483
2010-07-17,6.135434288833595
2010-07-18,28.026171236022112
2010-07-19,19.531457046801986
2010-07-20,22.10390888194781
2010-07-21,15.87108565142026
2010-07-22,2.2460530935912524
2010-07-23,12.848457805208263
2010-07-24,11.553940902690634
2010-07-25,31.476604655787753
2010-07-26,13.231816707430664
2010-07-27,46.015478045553785
2010-07-28,39.171286243844676
2010-07-29,10.888073346099343
2010-07-30,18.634200363143076
2010-07-31,48.44862271966163
2010-08-01,12.831588498643933
2010-08-02,18.39757538123711
2010-08-03,23.080434361019663
2010-08-04,11.50099700367129
2010-08-05,4.843803726740788
2010-08-06,25.44558799750097
2010-08-07,41.07550370209927
2010-08-08,24.6296585105561
2010-08-09,25.01082488813917
2010-08-10,27.928550218408184
2010-08-11,42.7501479145643
2010-08-12,55.84829251347364
2010-08-13,20.88238359665549
2010-08-14,0.0
2010-08-15,24.57528233769779
2010-08-16,23.007441307644594
2010-08-17,13.214424193912267
2010-08-18,10.077125936545235
2010-08-19,27.94715403584211
2010-08-20,29.808824121952064
2010-08-21,3.048080147520917
2010-08-22,10.275953488575446
2010-08-23,34.764881259686234
2010-08-24,23.299024784081695
2010-08-25,10.892958069572577
2010-08-26,50.39798123127706
2010-08-27,24.380311001394258
2010-08-28,54.51060201992862
2010-08-29,18.079199563812573
2010-08-30,23.839868427933883
2010-08-31,26.535494974336114
2010-09-01,33.59589094970678
2010-09-02,37.8551785704252
2010-09-03,25.956212247545665
2010-09-04,15.063706103208908
2010-09-05,19.90759490591449
2010-09-06,18.239395254367114
2010-09-07,10.13045477867127
2010-09-08,20.26090955734254
2010-09-09,8.983106020535974
2010-09-10,13.095064015203231
2010-09-11,28.414869349550564
2010-09-12,32.12070447448139
2010-09-13,36.83440204568812
2010-09-14,25.935197660246416
2010-09-15,20.000522267576816
2010-09-16,36.24168573722646
2010-09-17,63.71341920060082
2010-09-18,18.40582283525854
2010-09-19,20.619682222202023
2010-09-20,37.381605432645706
2010-09-21,32.388566746502306
2010-09-22,31.18365651973196
2010-09-23,30.282122661938544
2010-09-24,4.2884976356416145
2010-09-25,30.929260179803183
2010-09-26,10.265971548251208
2010-09-27,21.88528522124162
2010-09-28,11.616296341693085
2010-09-29,0.0
2010-09-30,17.89919624296395
2010-10-01,36.54569802735304
2010-10-02,24.237848546053925
2010-10-03,35.38945740702991
2010-10-04,16.624866929408668
2010-10-05,16.73109161169143
2010-10-06,30.506990146798064
2010-10-07,0.0
2010-10-08,0.0
2010-10-09,0.0
2010-10-10,28.49204245733249
2010-10-11,2.9779332570127544
2010-10-12,20.68044753292123
2010-10-13,11.833587252207707
2010-10-14,8.228942182418466
2010-10-15,28.07039356634425
2010-10-16,35.40247432927829
2010-10-17,3.3186224227821515
2010-10-18,20.412089962411578
2010-10-19,7.199831845792565
2010-10-20,31.65380198448091
2010-10-21,40.41736726986396
2010-10-22,34.145371338000174
2010-10-23,41.08300641219359
2010-10-24,27.1056943241809
2010-10-25,16.428942893807957
2010-10-26,17.48075533960317
2010-10-27,23.02576115364965
2010-10-28,15.50264113698457
2010-10-29,14.7821033307024
2010-10-30,4.353037522048565
2010-10-31,13.863174806172788
2010-11-01,48.696845462998844
2010-11-02,0.0
2010-11-03,61.46212868110555
2010-11-04,26.701865626348035
2010-11-05,52.44551972601866
2010-11-06,0.0
2010-11-07,30.662140994458596
2010-11-08,0.0
2010-11-09,0.0
2010-11-10,2.152264555161065
2010-11-11,0.0
2010-11-12,0.0
2010-11-13,38.875509717979966
2010-11-14,30.80612550635597
2010-11-15,0.512690972637486
2010-11-16,1.1990279200914746
2010-11-17,25.881969644411193
2010-11-18,0.0
2010-11-19,0.0
2010-11-20,31.83340206983928
2010-11-21,7.311696514084534
2010-11-22,7.99060087751698
2010-11-23,34.638612120940905
2010-11-24,7.857276463025327
2010-11-25,16.09242695972727
2010-11-26,13.308796893503219
2010-11-27,12.411372653133164
2010-11-28,13.852401830054623
2010-11-29,0.0
2010-11-30,28.98866343176044
2010-12-01,40.60212503856905
2010-12-02,54.91397160774954
2010-12-03,0.0
2010-12-04,0.0
2010-12-05,0.0
2010-12-06,0.0
2010-12-07,0.0
2010-12-08,0.0
2010-12-09,0.0
2010-12-10,0.0
2010-12-11,0.0
2010-12-12,10.679360571745283
2010-12-13,10.679360571745283
2010-12-14,0.0
2010-12-15,0.0
2010-12-16,19.709623571988704
2010-12-17,0.0
2010-12-18,1.747918376648749
2010-12-19,12.480739801316652
2010-12-20,0.0
2010-12-21,0.0
2010-12-22,0.0
2010-12-23,0.0
2010-12-24,0.0
2010-12-25,0.0
2010-12-26,0.0
2010-12-27,0.0
2010-12-28,0.0
2010-12-29,0.0
2010-12-30,6.891680487507099
2010-12-31,12.80507411848049
2011-01-01,0.0
2011-01-02,0.0
2011-01-03,0.0
2011-01-04,0.0
2011-01-05,0.7316167914384122
2011-01-06,1.16428444957411
2011-01-07,0.0
2011-01-08,0.051404096790262185
2011-01-09,5.046953585200215
2011-01-10,7.546400161208336
2011-01-11,0.0
2011-01-12,0.0
2011-01-13,0.0
2011-01-14,0.0
2011-01-15,1.1774602854574054
2011-01-16,0.8966103091433244
2011-01-17,0.0
2011-01-18,0.0
2011-01-19,0.0
2011-01-20,25.591735117338807
2011-01-21,0.8348155666042021
2011-01-22,12.962675796972743
2011-01-23,0.44521399647802934
2011-01-24,0.1430275618425898
2011-01-25,0.1430275618425898
2011-01-26,0.5799979162780017
2011-01-27,0.0
2011-01-28,0.0
2011-01-29,0.0
2011-01-30,0.0
2011-01-31,0.0
2011-02-01,0.0
2011-02-02,0.3120848878815368
2011-02-03,0.0
2011-02-04,0.08591626665076696
2011-02-05,0.37715654840340496
2011-02-06,0.0
2011-02-07,0.0
2011-02-08,39.12258111383465
2011-02-09,0.35598110911008485
2011-02-10,2.2793272939082745
2011-02-11,0.0
2011-02-12,0.0
2011-02-13,0.23837372157219297
2011-02-14,3.526488044777434
2011-02-15,0.0
2011-02-16,0.0
2011-02-17,1.4541959188677172
2011-02-18,0.526722587040953
2011-02-19,0.0
2011-02-20,1.0079663579125666
2011-02-21,0.0
2011-02-22,0.0
2011-02-23,0.0
2011-02-24,0.0
2011-02-25,1.7623764775894786
2011-02-26,1.0127696016350312
2011-02-27,0.0
2011-02-28,1.604441787342768
2011-03-01,0.711391049462396
2011-03-02,0.0
2011-03-03,0.0
2011-03-04,0.0
2011-03-05,0.0
2011-03-06,0.0
2011-03-07,0.0
2011-03-08,0.0
2011-03-09,19.144891523026132
2011-03-10,0.0
2011-03-11,0.0
2011-03-12,0.0
2011-03-13,0.0
2011-03-14,0.0
2011-03-15,0.0
2011-03-16,0.0
2011-03-17,0.0
2011-03-18,0.0
2011-03-19,0.0
2011-03-20,0.0
2011-03-21,0.0
2011-03-22,2.903220156761441
2011-03-23,1.9700923374778523
2011-03-24,0.0
2011-03-25,0.0
2011-03-26,0.586722294321737
2011-03-27,0.0
2011-03-28,6.19855260385855
2011-03-29,5.439421114587303
2011-03-30,16.50524158292526
2011-03-31,14.097737415819559
2011-04-01,0.0
2011-04-02,0.8043370738222795
2011-04-03,0.0
2011-04-04,0.0
2011-04-05,7.650215288271778
2011-04-06,22.429132023775907
2011-04-07,0.0
2011-04-08,12.058430001139644
2011-04-09,3.3884578214303884
2011-04-10,5.802197336345108
2011-04-11,11.920435316659313
2011-04-12,5.049576333849818
2011-04-13,0.0
2011-04-14,0.0
2011-04-15,0.0
2011-04-16,0.0
2011-04-17,6.2558478066647405
2011-04-18,1.0112482782553984
2011-04-19,0.0
2011-04-20,3.7327804972191125
2011-04-21,3.22638459825838
2011-04-22,0.0
2011-04-23,0.0
2011-04-24,7.1935743361308795
2011-04-25,2.400038346044116
2011-04-26,0.0
2011-04-27,31.851880618043857
2011-04-28,17.489331540626456
2011-04-29,10.178645694779387
2011-04-30,11.957001051790009
2011-05-01,0.0
2011-05-02,3.6757886789336403
2011-05-03,0.0
2011-05-04,0.5573145028304411
2011-05-05,12.947200933118934
2011-05-06,8.810395234138582
2011-05-07,11.567748451957833
2011-05-08,4.344842533807498
2011-05-09,12.882839703076598
2011-05-10,4.345700096036937
2011-05-11,10.319099169123824
2011-05-12,26.776782437756264
2011-05-13,32.407920832569545
2011-05-14,35.69873378002967
2011-05-15,29.177011779836715
2011-05-16,35.61093798279763
2011-05-17,0.0
2011-05-18,6.678713761471415
2011-05-19,6.033299655124949
2011-05-20,0.05151544551591617
2011-05-21,4.224311365871817
2011-05-22,8.48329124217098
2011-05-23,15.192424208328536
2011-05-24,12.15009359048831
2011-05-25,33.677006369507005
2011-05-26,27.417444948006327
2011-05-27,16.27791456717092
2011-05-28,16.56121345549017
2011-05-29,15.37902502111487
2011-05-30,19.471129487897905
2011-05-31,40.56087517093969
2011-06-01,33.43669026204059
2011-06-02,23.38174109603908
2011-06-03,29.13719840629681
2011-06-04,44.71763496463363
2011-06-05,19.642506155210576
2011-06-06,1.598526267385161
2011-06-07,0.0
2011-06-08,0.0
2011-06-09,11.705117202892499
2011-06-10,1.9182646703478456
2011-06-11,0.42187162549109086
2011-06-12,7.109834121288485
2011-06-13,15.077668488831137
2011-06-14,7.1682891153000545
2011-06-15,28.226511894851136
2011-06-16,22.269346278261498
2011-06-17,10.968346503336688
2011-06-18,10.226312652834366
2011-06-19,28.283710799104476
2011-06-20,5.402474916061841
2011-06-21,10.46664781405314
2011-06-22,27.476851621189642
2011-06-23,44.88287698417098
2011-06-24,30.51094557224094
2011-06-25,51.76161472459099
2011-06-26,31.283231820609124
2011-06-27,0.313463545328862
2011-06-28,1.952990638243186
2011-06-29,20.48102639293349
2011-06-30,15.928707756303462
2011-07-01,23.53675029889958
2011-07-02,14.082616166488549
2011-07-03,16.189008006372973
2011-07-04,8.600099280879306
2011-07-05,17.2399994702758
2011-07-06,15.159278155178644
2011-07-07,8.014732127254076
2011-07-08,1.8815431049143951
2011-07-09,0.9678858713926498
2011-07-10,27.904885470867164
2011-07-11,17.653434376257508
2011-07-12,29.837175867847506
2011-07-13,14.42986664155851
2011-07-14,15.521199459159705
2011-07-15,46.28022292014715
2011-07-16,14.187991488624268
2011-07-17,9.333808920472059
2011-07-18,4.000143255736378
2011-07-19,0.12261763476842162
2011-07-20,2.3803975782483016
2011-07-21,3.780047465367496
2011-07-22,6.342461058114834
2011-07-23,4.489047019113159
2011-07-24,3.3154523747192863
2011-07-25,2.248464149699824
2011-07-26,9.169497627261524
2011-07-27,24.769718166944152
2011-07-28,27.63410071182896
2011-07-29,49.85400235975113
2011-07-30,0.2080055241649216
2011-07-31,36.855706274509444
2011-08-01,16.342309743165973
2011-08-02,17.393634630618877
2011-08-03,11.499740409488618
2011-08-04,24.42740323092488
2011-08-05,0.32027413313453273
2011-08-06,9.339863389126357
2011-08-07,9.339863389126357
2011-08-08,18.679726778252714
2011-08-09,9.339863389126357
2011-08-10,19.230184533708815
2011-08-11,51.96124898904081
2011-08-12,19.263930499553684
2011-08-13,39.07304634516304
2011-08-14,14.688391418473149
2011-08-15,31.672646248662804
2011-08-16,25.664648010924065
2011-08-17,7.085114149427095
2011-08-18,8.925179729590546
2011-08-19,13.335216012556813
2011-08-20,10.460276043495618
2011-08-21,10.918305519464855
2011-08-22,21.07101672444795
2011-08-23,21.872486824924884
2011-08-24,33.33133223975028
2011-08-25,11.014103779720296
2011-08-26,10.622922620660553
2011-08-27,30.598402120777088
2011-08-28,24.484630562163694
2011-08-29,15.234508726645164
2011-08-30,22.61072571636053
2011-08-31,6.560574622975816
2011-09-01,12.294688877221704
2011-09-02,41.67427770028244
2011-09-03,10.41101711746809
2011-09-04,11.124068747501118
2011-09-05,10.98021668316545
2011-09-06,19.567065881716243
2011-09-07,21.83944626917711
2011-09-08,10.19359505438322
2011-09-09,4.293016488084922
2011-09-10,4.777998603880407
2011-09-11,13.108454752612765
2011-09-12,2.72115150255126
2011-09-13,22.522344432167113
2011-09-14,5.423061101420506
2011-09-15,6.259014680780272
2011-09-16,27.65059028686705
2011-09-17,23.56845083832742
2011-09-18,30.559599203032427
2011-09-19,45.033095965514335
2011-09-20,33.33688556342513
2011-09-21,6.629619234719794
2011-09-22,5.533925918711201
2011-09-23,11.484146966724786
2011-09-24,28.705561829579853
2011-09-25,44.76702412721274
2011-09-26,21.456691862360856
2011-09-27,9.031371697783472
2011-09-28,5.991576055014458
2011-09-29,6.58576167213756
2011-09-30,18.460718282573936
2011-10-01,19.077777546805308
2011-10-02,20.8961172518698
2011-10-03,24.041967419353703
2011-10-04,43.617966396180385
2011-10-05,19.64390138717923
2011-10-06,0.0
2011-10-07,12.649314360844127
2011-10-08,36.66268711718354
2011-10-09,98.21289676911125
2011-10-10,19.666632868953656
2011-10-11,16.94349459015035
2011-10-12,10.926445646865949
2011-10-13,3.0893150418996815
2011-10-14,21.84228908834426
2011-10-15,22.670203038566832
2011-10-16,13.24012003114095
2011-10-17,15.695734681712622
2011-10-18,0.0
2011-10-19,9.365670946401522
2011-10-20,15.693156284859061
2011-10-21,84.29691287150257
2011-10-22,0.0
2011-10-23,0.0
2011-10-24,0.0
2011-10-25,0.0
2011-10-26,0.0
2011-10-27,11.662136183799927
2011-10-28,13.102901236833757
2011-10-29,30.522045827395218
2011-10-30,25.79772701859475
2011-10-31,51.686782558222085
2011-11-01,0.0
2011-11-02,4.972826071687648
2011-11-03,0.0
2011-11-04,22.387879693830342
2011-11-05,33.049145953880775
2011-11-06,28.663518053454332
2011-11-07,29.88708830765776
2011-11-08,4.03442924167659
2011-11-09,0.0
2011-11-10,0.5367582077915606
2011-11-11,7.596107410015289
2011-11-12,0.0
2011-11-13,0.7570647452328658
2011-11-14,26.59525723956727
2011-11-15,41.67488022994351
2011-11-16,28.41600966936834
2011-11-17,21.084610711078394
2011-11-18,29.91729637336088
2011-11-19,0.0
2011-11-20,10.032392448670159
2011-11-21,23.51089249591571
2011-11-22,0.0
2011-11-23,21.344911027599036
2011-11-24,47.588696280041276
2011-11-25,0.0
2011-11-26,12.159960265497908
2011-11-27,16.357323463301405
2011-11-28,20.453165106676725
2011-11-29,0.0
2011-11-30,0.0
2011-12-01,0.0
2011-12-02,0.0
2011-12-03,0.0
2011-12-04,0.0
2011-12-05,0.0
2011-12-06,0.0
2011-12-07,0.0
2011-12-08,0.0
2011-12-09,0.0
2011-12-10,0.0
2011-12-11,7.559226411822682
2011-12-12,33.14445100684425
2011-12-13,1.812384406658444
2011-12-14,15.941184774645285
2011-12-15,17.28246196298986
2011-12-16,20.823329264650482
2011-12-17,0.7087257601119379
2011-12-18,36.53550861735602
2011-12-19,0.0
2011-12-20,0.0
2011-12-21,0.0
2011-12-22,0.0
2011-12-23,0.0
2011-12-24,0.0
2011-12-25,0.0
2011-12-26,0.0
2011-12-27,0.0
2011-12-28,0.0
2011-12-29,0.0
2011-12-30,0.0
2011-12-31,0.0
2012-01-01,0.0
2012-01-02,0.0
2012-01-03,0.0
2012-01-04,0.0
2012-01-05,5.0957604278181075
2012-01-06,6.791233978360089
2012-01-07,0.0
2012-01-08,0.0
2012-01-09,0.0
2012-01-10,0.0
2012-01-11,0.0
2012-01-12,0.0
2012-01-13,0.0
2012-01-14,0.0
2012-01-15,4.869876526598191
2012-01-16,1.0767708781200491
2012-01-17,0.0
2012-01-18,0.0
2012-01-19,0.0
2012-01-20,0.0
2012-01-21,0.0
2012-01-22,0.0
2012-01-23,0.0
2012-01-24,0.0
2012-01-25,0.0
2012-01-26,0.0
2012-01-27,0.0
2012-01-28,0.0
2012-01-29,0.0
2012-01-30,1.2764296640415453
2012-01-31,0.0
2012-02-01,0.0
2012-02-02,0.0
2012-02-03,7.125780341995732
2012-02-04,0.0
2012-02-05,1.390216883271933
2012-02-06,0.6649893868613889
2012-02-07,0.0
2012-02-08,4.1257816986055005
2012-02-09,1.577143410975869
2012-02-10,0.0
2012-02-11,0.0
2012-02-12,0.0
2012-02-13,0.0
2012-02-14,0.0
2012-02-15,0.0
2012-02-16,0.0
2012-02-17,0.0
2012-02-18,0.0
2012-02-19,0.0
2012-02-20,0.0
2012-02-21,0.0
2012-02-22,0.0
2012-02-23,0.0
2012-02-24,0.0
2012-02-25,0.0
2012-02-26,0.6531543672286179
2012-02-27,0.0
2012-02-28,0.0
2012-02-29,0.0
2012-03-01,0.0
2012-03-02,0.0
2012-03-03,0.0
2012-03-04,0.6826413020088867
2012-03-05,5.7510017803996005
2012-03-06,0.0
2012-03-07,0.0
2012-03-08,0.28663220921078253
2012-03-09,0.0
2012-03-10,0.0
2012-03-11,0.0
2012-03-12,0.0
2012-03-13,0.0
2012-03-14,0.0
2012-03-15,0.0
2012-03-16,2.1318702544211545
2012-03-17,0.722290976224719
2012-03-18,3.7512338912567587
2012-03-19,7.329545463460524
2012-03-20,2.0026488620284444
2012-03-21,6.080774339872439
2012-03-22,0.1151186604354833
2012-03-23,2.0964015336656896
2012-03-24,0.6238865212008762
2012-03-25,2.9119908659643423
2012-03-26,0.30490785988198754
2012-03-27,0.0
2012-03-28,0.30490785988198754
2012-03-29,0.0
2012-03-30,0.0
2012-03-31,1.1383934159939357
2012-04-01,11.202386853259965
2012-04-02,14.039502809176575
2012-04-03,7.709098261554499
2012-04-04,14.067989728740745
2012-04-05,23.487934897074837
2012-04-06,29.790889531373978
2012-04-07,11.530593813673875
2012-04-08,12.009491694940108
2012-04-09,0.0
2012-04-10,7.69314533029054
2012-04-11,2.8348737887635433
2012-04-12,1.7461552785055063
2012-04-13,0.9612333839004107
2012-04-14,0.0
2012-04-15,0.0
2012-04-16,4.813371045464602
2012-04-17,12.89115393846422
2012-04-18,1.2959943377488372
2012-04-19,2.5021190556722726
2012-04-20,11.541918740079215
2012-04-21,1.5123010547579951
2012-04-22,0.3165400974653863
2012-04-23,0.0
2012-04-24,0.0
2012-04-25,0.0
2012-04-26,0.9446780333245126
2012-04-27,28.641516131323748
2012-04-28,15.880580112740805
2012-04-29,11.069053130375375
2012-04-30,4.549827079112466
2012-05-01,12.894007755695169
2012-05-02,16.549883286292495
2012-05-03,14.078929793190317
2012-05-04,18.821653433345464
2012-05-05,18.891145638517436
2012-05-06,16.275723539091448
2012-05-07,45.96856721994042
2012-05-08,16.840720420350905
2012-05-09,7.492458163886457
2012-05-10,3.8697925177780372
2012-05-11,0.0
2012-05-12,7.7752768594670965
2012-05-13,11.565196371763143
2012-05-14,37.371050940172104
2012-05-15,17.48013653827681
2012-05-16,8.531939700648593
2012-05-17,5.718093338246283
2012-05-18,25.595818443072815
2012-05-19,41.17628862165117
2012-05-20,21.699619644799753
2012-05-21,21.897341870778323
2012-05-22,4.504800209926594
2012-05-23,0.0
2012-05-24,16.619111415703564
2012-05-25,39.02804725234575
2012-05-26,9.274186546738086
2012-05-27,0.0
2012-05-28,4.848186424857864
2012-05-29,9.622730577314229
2012-05-30,16.522966991002498
2012-05-31,17.238100459044052
2012-06-01,0.0
2012-06-02,12.572803084109282
2012-06-03,0.12556221688518657
2012-06-04,5.854976947947936
2012-06-05,4.563726890228086
2012-06-06,5.576617506710261
2012-06-07,0.6345576757716168
2012-06-08,0.7483045151708901
2012-06-09,10.326568312741617
2012-06-10,2.839097917583344
2012-06-11,12.271790781536621
2012-06-12,8.426739702353608
2012-06-13,3.011992646834336
2012-06-14,3.049919493093685
2012-06-15,0.0
2012-06-16,55.840466101427346
2012-06-17,20.31129210945723
2012-06-18,8.619288718378225
2012-06-19,0.0
2012-06-20,1.568198638187873
2012-06-21,13.975781733522547
2012-06-22,7.917862258851531
2012-06-23,1.2592412974383385
2012-06-24,21.0007582373313
2012-06-25,16.950522523876792
2012-06-26,3.9642485962123497
2012-06-27,4.1246514686861575
2012-06-28,1.4450114037136779
2012-06-29,19.03702749674385
2012-06-30,1.5728464569594414
2012-07-01,1.877556282573859
2012-07-02,0.0
2012-07-03,4.360099365280289
2012-07-04,9.597370871418233
2012-07-05,5.85347266152904
2012-07-06,13.944278315917868
2012-07-07,2.997119665951343
2012-07-08,14.178524312940809
2012-07-09,8.539656212805093
2012-07-10,18.733615445526876
2012-07-11,0.9965324998405336
2012-07-12,11.679919948851744
2012-07-13,2.307110766552994
2012-07-14,3.536597260651558
2012-07-15,2.307110766552994
2012-07-16,0.055302920575077484
2012-07-17,4.354150939330057
2012-07-18,7.754284465635148
2012-07-19,0.042103250687186795
2012-07-20,18.42544261386266
2012-07-21,37.403579168223054
2012-07-22,11.2620343791472
2012-07-23,28.39801274683025
2012-07-24,24.91791485934645
2012-07-25,0.0
2012-07-26,0.0
2012-07-27,0.0
2012-07-28,25.211198072981194
2012-07-29,25.40277342377483
2012-07-30,6.724555631344386
2012-07-31,10.763952699263358
2012-08-01,2.9460643493645904
2012-08-02,9.988641618071378
2012-08-03,5.17054799984436
2012-08-04,0.0
2012-08-05,1.9421956124337953
2012-08-06,1.3125351691568223
2012-08-07,40.291568038431386
2012-08-08,13.574239900788749
2012-08-09,50.197921127886396
2012-08-10,29.95954927520173
2012-08-11,7.812481966977185
2012-08-12,13.93191576527583
2012-08-13,0.17948850063053343
2012-08-14,5.889876747050803
2012-08-15,5.212980843677715
2012-08-16,7.349743831600695
2012-08-17,4.859974924676323
2012-08-18,2.190195928101202
2012-08-19,0.060698810864139266
2012-08-20,4.859974924676323
2012-08-21,13.409727673272835
2012-08-22,32.1070887712208
2012-08-23,29.798826079110853
2012-08-24,21.566759224276296
2012-08-25,27.10598703655038
2012-08-26,8.679709155817294
2012-08-27,24.968478959959914
2012-08-28,24.454069857661796
2012-08-29,13.53681364353445
2012-08-30,22.021301231271522
2012-08-31,21.883836706747886
2012-09-01,12.01457032480756
2012-09-02,47.49022576132338
2012-09-03,31.660150105083325
2012-09-04,25.813411858436233
2012-09-05,15.830075052541662
2012-09-06,0.0
2012-09-07,4.160942571791444
2012-09-08,10.641295638438823
2012-09-09,5.3043257557862535
2012-09-10,5.353370333845554
2012-09-11,4.055025997999554
2012-09-12,0.34953573708598695
2012-09-13,4.08600003211885
2012-09-14,4.070026908371902
2012-09-15,3.66129696731632
2012-09-16,9.960530696487107
2012-09-17,22.900423314925792
2012-09-18,1.2518660138184965
2012-09-19,0.0
2012-09-20,0.12598443977736143
2012-09-21,20.96450458748921
2012-09-22,7.874612564372051
2012-09-23,0.46584910395983115
2012-09-24,5.305027549331254
2012-09-25,7.1160661161348635
2012-09-26,6.730584805680289
2012-09-27,1.5371867110197612
2012-09-28,7.413678414515548
2012-09-29,12.307923541681191
2012-09-30,0.0
2012-10-01,4.708704758234122
2012-10-02,4.023161464043566
2012-10-03,3.402220242732281
2012-10-04,0.03708650977224918
2012-10-05,10.97204483280311
2012-10-06,5.815261985401851
2012-10-07,11.581644092862675
2012-10-08,9.902999477612008
2012-10-09,9.867654515480675
2012-10-10,12.193690180174407
2012-10-11,6.421023811842947
2012-10-12,57.5432665331944
2012-10-13,31.498216400275364
2012-10-14,79.13751206849075
2012-10-15,16.772334186611953
2012-10-16,35.70354486719982
2012-10-17,23.673320531845107
2012-10-18,12.901784166693691
2012-10-19,8.62924777756672
2012-10-20,25.705832555487362
2012-10-21,11.353678760496349
2012-10-22,18.589182699854312
2012-10-23,20.58089513593429
2012-10-24,20.359876865470735
2012-10-25,3.2089032611331434
2012-10-26,0.0
2012-10-27,0.0
2012-10-28,1.7697994902327259
2012-10-29,10.59392110117384
2012-10-30,38.96056633946059
2012-10-31,0.0
2012-11-01,12.795041200881073
2012-11-02,12.48952638297468
2012-11-03,0.7636180485825284
2012-11-04,0.0
2012-11-05,8.134894434463336
2012-11-06,14.288279281677436
2012-11-07,37.4211718617259
2012-11-08,0.0
2012-11-09,1.969646349549294
2012-11-10,0.0
2012-11-11,0.11626390931574078
2012-11-12,0.0
2012-11-13,6.9696566255108765
2012-11-14,13.123152418313804
2012-11-15,16.38671728082606
2012-11-16,0.5882714257852453
2012-11-17,6.367041271481967
2012-11-18,8.058307121331632
2012-11-19,0.0
2012-11-20,14.839130522632923
2012-11-21,42.93778618606362
2012-11-22,45.26427048283656
2012-11-23,4.767156489193441
2012-11-24,0.0
2012-11-25,1.4244648955158292
2012-11-26,0.0
2012-11-27,0.0
2012-11-28,6.524437258171071
2012-11-29,16.378213310161158
2012-11-30,12.647658467695525
2012-12-01,2.1202631653160666
2012-12-02,0.0
2012-12-03,0.0
2012-12-04,0.0
2012-12-05,18.273615984900587
2012-12-06,0.0
2012-12-07,0.0
2012-12-08,0.0
2012-12-09,0.0
2012-12-10,0.0
2012-12-11,0.29823002571592466
2012-12-12,0.0
2012-12-13,0.0
2012-12-14,4.147320951863721
2012-12-15,0.0
2012-12-16,0.0
2012-12-17,0.0
2012-12-18,0.32169734354357465
2012-12-19,0.0
2012-12-20,0.0
2012-12-21,7.46420470645299
2012-12-22,0.0
2012-12-23,0.0
2012-12-24,0.0
2012-12-25,0.03450817735614004
2012-12-26,0.7649612887888343
2012-12-27,0.0
2012-12-28,7.19940893754766
2012-12-29,12.196835924443365
2012-12-30,0.0
2012-12-31,0.0
2013-01-01,0.0
2013-01-02,0.0
2013-01-03,0.0
2013-01-04,0.0
2013-01-05,0.0
2013-01-06,0.8335096506854974
2013-01-07,0.0
2013-01-08,0.0
2013-01-09,0.0
2013-01-10,0.0
2013-01-11,1.0349921984849753
2013-01-12,0.6217792909088974
2013-01-13,0.0
2013-01-14,0.0
2013-01-15,0.0
2013-01-16,0.0
2013-01-17,3.6754130994951417
2013-01-18,0.41479298170353923
2013-01-19,3.2077304861835545
2013-01-20,0.0
2013-01-21,0.0
2013-01-22,0.0
2013-01-23,0.0
2013-01-24,0.0
2013-01-25,7.355531288361229
2013-01-26,2.5615071142847485
2013-01-27,0.0
2013-01-28,0.0
2013-01-29,1.5219162777066233
2013-01-30,0.0
2013-01-31,0.0
2013-02-01,4.568353383524999
2013-02-02,0.8085798536603519
2013-02-03,0.0
2013-02-04,0.0
2013-02-05,0.0
2013-02-06,0.2800334176501713
2013-02-07,0.0
2013-02-08,0.0
2013-02-09,0.0
2013-02-10,3.5459415568290544
2013-02-11,0.0
2013-02-12,0.0
2013-02-13,0.0
2013-02-14,15.938050783969263
2013-02-15,0.0
2013-02-16,0.0
2013-02-17,0.0
2013-02-18,0.0
2013-02-19,0.0
2013-02-20,0.0
2013-02-21,0.0
2013-02-22,0.0
2013-02-23,0.0
2013-02-24,0.0
2013-02-25,0.0
2013-02-26,0.13183832349809446
2013-02-27,0.0
2013-02-28,0.6816738755316349
2013-03-01,30.714525419312565
2013-03-02,24.66361397988088
2013-03-03,0.0
2013-03-04,0.0
2013-03-05,0.0
2013-03-06,0.0
2013-03-07,0.0
2013-03-08,0.0
2013-03-09,0.0
2013-03-10,0.0
2013-03-11,0.0
2013-03-12,0.0
2013-03-13,0.0
2013-03-14,1.9955472704526547
2013-03-15,0.0
2013-03-16,0.0
2013-03-17,0.0
2013-03-18,0.0
2013-03-19,0.0
2013-03-20,0.42848860895311525
2013-03-21,0.0
2013-03-22,7.550755537442261
2013-03-23,0.0
2013-03-24,0.5891259467682325
2013-03-25,5.463733672995021
2013-03-26,0.0
2013-03-27,0.0
2013-03-28,0.0
2013-03-29,0.0
2013-03-30,1.8069478498922817
2013-03-31,0.5625499764809739
2013-04-01,10.154034992327563
2013-04-02,30.745992919883218
2013-04-03,20.49732904901376
2013-04-04,1.9704496347018197
2013-04-05,10.196607316265236
2013-04-06,1.126529990519221
2013-04-07,4.80957759987261
2013-04-08,0.0
2013-04-09,0.0
2013-04-10,0.0
2013-04-11,0.0
2013-04-12,0.0
2013-04-13,0.7261838024935209
2013-04-14,15.960072963423027
2013-04-15,5.943541508268666
2013-04-16,0.0
2013-04-17,0.0
2013-04-18,8.748188404215355
2013-04-19,8.541334522535674
2013-04-20,4.693620037086109
2013-04-21,4.275284778830169
2013-04-22,6.769728538957804
2013-04-23,0.15413816414169368
2013-04-24,0.0
2013-04-25,0.0
2013-04-26,0.0
2013-04-27,1.211773756992173
2013-04-28,0.7406272536798106
2013-04-29,0.567252497415285
2013-04-30,0.047063326916179156
2013-05-01,4.881061647892806
2013-05-02,19.28228958796811
2013-05-03,15.003826911787735
2013-05-04,0.0
2013-05-05,0.0
2013-05-06,0.0
2013-05-07,0.0
2013-05-08,0.0
2013-05-09,4.0834994066405965
2013-05-10,7.9758314266800925
2013-05-11,14.03338774112431
2013-05-12,13.876857283550343
2013-05-13,1.31196091666415
2013-05-14,0.09826097818645274
2013-05-15,10.211419367709679
2013-05-16,16.417919756995673
2013-05-17,9.110356434172877
2013-05-18,11.052424549452361
2013-05-19,9.28002077965318
2013-05-20,31.348865346328637
2013-05-21,7.892887300534831
2013-05-22,24.970938554083993
2013-05-23,6.973535744120946
2013-05-24,20.454795909491754
2013-05-25,14.159342285749078
2013-05-26,8.283540516487653
2013-05-27,8.38018189189402
2013-05-28,6.105238025252884
2013-05-29,30.697693097430314
2013-05-30,8.639411776251087
2013-05-31,16.28464975389275
2013-06-01,3.9053643994234726
2013-06-02,0.0
2013-06-03,0.0
2013-06-04,11.084442547849712
2013-06-05,8.292528651654722
2013-06-06,3.923911671783473
2013-06-07,0.9665558410657421
2013-06-08,8.634789740112991
2013-06-09,1.7474832370675903
2013-06-10,3.079973036272302
2013-06-11,17.41191004317355
2013-06-12,29.92014847091728
2013-06-13,0.0
2013-06-14,18.108857462132303
2013-06-15,24.6431802873676
2013-06-16,0.591697054134833
2013-06-17,1.7306506410241131
2013-06-18,19.964196696072012
2013-06-19,18.488568815830593
2013-06-20,14.65423564129585
2013-06-21,0.0
2013-06-22,0.19452778129158801
2013-06-23,13.559152198401664
2013-06-24,19.74784906127969
2013-06-25,10.377911465796267
2013-06-26,2.3305397995219046
2013-06-27,10.04630391078221
2013-06-28,6.528997440595887
2013-06-29,5.541677114327212
2013-06-30,2.0104168725980296
2013-07-01,9.93929240288767
2013-07-02,5.712469944277325
2013-07-03,5.245838719042572
2013-07-04,5.245838719042572
2013-07-05,0.27736359049339565
2013-07-06,0.0
2013-07-07,9.662463024862717
2013-07-08,6.658080129808672
2013-07-09,11.744511796413247
2013-07-10,8.55702579847059
2013-07-11,31.49321996360213
2013-07-12,9.88891728907018
2013-07-13,0.0
2013-07-14,11.775777369737625
2013-07-15,3.590919055648753
2013-07-16,7.381195084066009
2013-07-17,5.525111314614079
2013-07-18,19.920058348291633
2013-07-19,19.944881582582322
2013-07-20,15.717693612382224
2013-07-21,47.253355217946556
2013-07-22,55.06502374362303
2013-07-23,14.674832914729382
2013-07-24,0.0
2013-07-25,1.9485657702426658
2013-07-26,21.13666796603719
2013-07-27,16.821558599536488
2013-07-28,5.231231084747896
2013-07-29,17.340658297007153
2013-07-30,12.651984125778483
2013-07-31,4.609610780066736
2013-08-01,13.383862903794732
2013-08-02,6.810077277993835
2013-08-03,5.636396522256169
2013-08-04,25.879791042289224
2013-08-05,3.5142233822796802
2013-08-06,5.675615802004533
2013-08-07,0.0
2013-08-08,8.286050974315891
2013-08-09,12.273763199513025
2013-08-10,1.703290859589706
2013-08-11,8.935823126620543
2013-08-12,11.446247648951173
2013-08-13,8.243380191156996
2013-08-14,0.18021662654103465
2013-08-15,3.540493479250252
2013-08-16,11.997979086999962
2013-08-17,23.15943902811489
2013-08-18,7.761772299135056
2013-08-19,4.0068635548892875
2013-08-20,9.014518059790138
2013-08-21,5.5551790395701275
2013-08-22,10.029039472341541
2013-08-23,6.573352965551457
2013-08-24,17.9699406559403
2013-08-25,15.225069293701978
2013-08-26,6.3723961809599725
2013-08-27,12.895278391805858
2013-08-28,6.590724043950842
2013-08-29,8.212446166252768
2013-08-30,12.187384758245301
2013-08-31,11.847362972393235
2013-09-01,7.58809745935975
2013-09-02,4.018752460644858
2013-09-03,3.9494289495050916
2013-09-04,9.495285081903681
2013-09-05,14.492154543866988
2013-09-06,19.375838828247954
2013-09-07,11.515720793121572
2013-09-08,0.0
2013-09-09,8.439768469816931
2013-09-10,15.975237669574254
2013-09-11,4.947839749423236
2013-09-12,12.547238339846201
2013-09-13,10.54466987421384
2013-09-14,15.03940831044236
2013-09-15,3.7553927850078908
2013-09-16,31.70723196300301
2013-09-17,25.276431641063176
2013-09-18,37.04748168265498
2013-09-19,21.243242442607883
2013-09-20,20.038420734776036
2013-09-21,7.859439964229998
2013-09-22,2.6202023754248756
2013-09-23,3.7942624386097936
2013-09-24,0.07052542168546369
2013-09-25,2.6202023754248756
2013-09-26,18.994696341253622
2013-09-27,9.539124894987896
2013-09-28,21.601791180871636
2013-09-29,14.001256994701729
2013-09-30,16.352785780623154
2013-10-01,11.742080765398777
2013-10-02,8.950165085293154
2013-10-03,21.81772034796509
2013-10-04,21.567083822714327
2013-10-05,14.478394517423341
2013-10-06,22.668587004816217
2013-10-07,33.650022833733956
2013-10-08,25.895459401446423
2013-10-09,17.23436453857938
2013-10-10,25.124447678392006
2013-10-11,9.027835540070729
2013-10-12,10.532126472004366
2013-10-13,4.682060634767688
2013-10-14,8.81950682099607
2013-10-15,3.9674588852637536
2013-10-16,13.866939566828115
2013-10-17,8.521772986731014
2013-10-18,9.896224485055823
2013-10-19,15.542147421353578
2013-10-20,15.04623047000654
2013-10-21,27.86424625967001
2013-10-22,14.858924100125162
2013-10-23,23.13712160973936
2013-10-24,11.56856080486968
2013-10-25,23.13712160973936
2013-10-26,35.48655679741423
2013-10-27,21.835132514302806
2013-10-28,0.716997513094464
2013-10-29,26.809170759610236
2013-10-30,18.904112568175478
2013-10-31,9.946218601352461
2013-11-01,6.51615194694416
2013-11-02,9.885918979709217
2013-11-03,0.0
2013-11-04,2.284223145931154
2013-11-05,6.525063818370976
2013-11-06,26.75415508650445
2013-11-07,18.33453770102682
2013-11-08,30.84122845772151
2013-11-09,12.912585938299028
2013-11-10,27.69030657571716
2013-11-11,8.388512853029614
2013-11-12,7.6296572598653905
2013-11-13,12.722171796737493
2013-11-14,12.921390054193708
2013-11-15,24.15362555553785
2013-11-16,60.65432539984989
2013-11-17,15.06617216322874
2013-11-18,19.34217773458443
2013-11-19,20.79710132648817
2013-11-20,7.991067261711973
2013-11-21,0.31609821802860993
2013-11-22,0.0
2013-11-23,0.0
2013-11-24,1.661714602966567
2013-11-25,14.613765519213034
2013-11-26,15.406260097550387
2013-11-27,0.5249216252484838
2013-11-28,2.502467525770536
2013-11-29,4.302962977942584
2013-11-30,0.0
2013-12-01,0.0
2013-12-02,0.0
2013-12-03,4.923274779641951
2013-12-04,0.0
2013-12-05,0.0
2013-12-06,0.04733671529872999
2013-12-07,14.915031182202135
2013-12-08,8.728846404198057
2013-12-09,19.733504749230445
2013-12-10,0.0
2013-12-11,0.0
2013-12-12,0.0
2013-12-13,0.0
2013-12-14,11.471131128233836
2013-12-15,43.4754635385565
2013-12-16,3.195444012010421
2013-12-17,0.0
2013-12-18,24.104723997615487
2013-12-19,0.02803649894289069
2013-12-20,0.0
2013-12-21,0.0
2013-12-22,0.0
2013-12-23,0.0
2013-12-24,0.0
2013-12-25,0.0
2013-12-26,0.0
2013-12-27,0.0
2013-12-28,0.0
2013-12-29,0.0
2013-12-30,0.0
2013-12-31,0.0
2014-01-01,0.0
2014-01-02,0.0
2014-01-03,0.5442855668229027
2014-01-04,1.2398954239246012
2014-01-05,0.45428740595643596
2014-01-06,8.507197158159437
2014-01-07,38.69498261003883
2014-01-08,0.0
2014-01-09,23.164858671861733
2014-01-10,0.0
2014-01-11,16.21378772001009
2014-01-12,0.0
2014-01-13,0.0
2014-01-14,0.0
2014-01-15,0.0
2014-01-16,0.0
2014-01-17,0.0
2014-01-18,0.0
2014-01-19,0.0
2014-01-20,0.0
2014-01-21,0.0
2014-01-22,0.0
2014-01-23,0.0
2014-01-24,0.0
2014-01-25,0.0
2014-01-26,0.0
2014-01-27,0.0
2014-01-28,0.0
2014-01-29,0.0
2014-01-30,0.0
2014-01-31,0.0
2014-02-01,0.0
2014-02-02,3.752331773574288
2014-02-03,2.353089499614529
2014-02-04,0.0
2014-02-05,0.0
2014-02-06,0.0
2014-02-07,0.0
2014-02-08,0.0
2014-02-09,0.0
2014-02-10,0.0
2014-02-11,0.0
2014-02-12,0.0
2014-02-13,0.0
2014-02-14,0.07169596790461928
2014-02-15,0.0
2014-02-16,0.0
2014-02-17,0.0
2014-02-18,0.0
2014-02-19,0.0
2014-02-20,0.0
2014-02-21,0.0
2014-02-22,0.0
2014-02-23,0.0
2014-02-24,0.0
2014-02-25,0.0
2014-02-26,0.0
2014-02-27,0.0
2014-02-28,13.507661224821135
2014-03-01,3.5465977050968127
2014-03-02,2.593608308482815
2014-03-03,41.66709784881491
2014-03-04,0.1986723936892845
2014-03-05,0.0
2014-03-06,7.425401433496865
2014-03-07,1.5603991340141043
2014-03-08,0.0
2014-03-09,0.0
2014-03-10,2.5330498830692196
2014-03-11,0.0
2014-03-12,0.0
2014-03-13,0.0
2014-03-14,0.0
2014-03-15,0.0
2014-03-16,0.8779479915628565
2014-03-17,2.353602684832909
2014-03-18,0.0
2014-03-19,0.0
2014-03-20,0.0
2014-03-21,0.0
2014-03-22,0.0
2014-03-23,0.0
2014-03-24,0.0
2014-03-25,0.0
2014-03-26,8.589318690871872
2014-03-27,0.0
2014-03-28,0.0
2014-03-29,0.0
2014-03-30,0.0
2014-03-31,0.0
2014-04-01,0.0
2014-04-02,0.0
2014-04-03,0.0
2014-04-04,0.0
2014-04-05,0.0
2014-04-06,0.0
2014-04-07,0.0
2014-04-08,5.4744798966960335
2014-04-09,4.789952196986289
2014-04-10,0.0
2014-04-11,0.0
2014-04-12,0.0
2014-04-13,6.761971365761114
2014-04-14,20.86457772069686
2014-04-15,34.66741055894544
2014-04-16,6.525353665186748
2014-04-17,0.8123045840577502
2014-04-18,0.5291725081970564
2014-04-19,1.3263909451260765
2014-04-20,1.838877363281476
2014-04-21,12.116743916796676
2014-04-22,4.261296199584331
2014-04-23,11.19475140221216
2014-04-24,4.371747356310889
2014-04-25,0.3619714564568289
2014-04-26,15.039937325828788
2014-04-27,8.616830273053136
2014-04-28,6.925648152828218
2014-04-29,19.499990736310554
2014-04-30,6.979979674155651
2014-05-01,13.411409495650116
2014-05-02,30.65444043439789
2014-05-03,25.668817481881874
2014-05-04,21.2816053314789
2014-05-05,9.954165815904336
2014-05-06,15.752949077132591
2014-05-07,32.879604280800436
2014-05-08,34.34128333346265
2014-05-09,13.057025439433152
2014-05-10,3.721610745868169
2014-05-11,27.38776379259857
2014-05-12,0.0
2014-05-13,12.966820923057764
2014-05-14,12.849532743563527
2014-05-15,36.2403285873903
2014-05-16,11.786053291849191
2014-05-17,25.129811466948414
2014-05-18,0.0
2014-05-19,0.0
2014-05-20,6.574478171161705
2014-05-21,18.676239138116713
2014-05-22,6.932826737495695
2014-05-23,15.281369484558304
2014-05-24,5.907384439900117
2014-05-25,7.158665883380016
2014-05-26,8.194614430738465
2014-05-27,5.864855067150016
2014-05-28,9.572822825328725
2014-05-29,28.028768217241456
2014-05-30,34.095674083039576
2014-05-31,0.5955047605408207
2014-06-01,20.23515831940884
2014-06-02,42.999234052928735
2014-06-03,22.526248836436796
2014-06-04,9.611389469053297
2014-06-05,23.70940776370668
2014-06-06,2.931351947824699
2014-06-07,11.220651359070803
2014-06-08,3.0297839586195128
2014-06-09,13.838021475318323
2014-06-10,10.591800405769739
2014-06-11,2.810391099066348
2014-06-12,5.683214754470299
2014-06-13,8.952518331440723
2014-06-14,8.466526951741532
2014-06-15,6.959362775691461
2014-06-16,9.353988758414182
2014-06-17,24.346347434697932
2014-06-18,9.290654772238156
2014-06-19,19.595009869417638
2014-06-20,11.486748534078536
2014-06-21,15.561042356531368
2014-06-22,16.58613107695773
2014-06-23,27.414159257669716
2014-06-24,20.489439068211095
2014-06-25,22.449677287726804
2014-06-26,16.928780966111137
2014-06-27,19.353328920699465
2014-06-28,27.223908156156547
2014-06-29,0.0
2014-06-30,10.046373836092048
2014-07-01,10.296242750577028
2014-07-02,9.950915737933407
2014-07-03,9.147673669296346
2014-07-04,4.9754578689667035
2014-07-05,0.0
2014-07-06,1.597925444813194
2014-07-07,7.62195857956603
2014-07-08,0.014263057124775814
2014-07-09,0.0
2014-07-10,4.348800771743865
2014-07-11,3.3554490165331887
2014-07-12,3.3205478782388016
2014-07-13,3.314594330618511
2014-07-14,4.737471306847561
2014-07-15,5.530168571987669
2014-07-16,2.5083807845776147
2014-07-17,3.4313356053788926
2014-07-18,4.670589111644674
2014-07-19,2.238776051489687
2014-07-20,1.627652710857424
2014-07-21,3.6492784274993717
2014-07-22,6.170523973836288
2014-07-23,3.7454795660199363
2014-07-24,0.8598779528527649
2014-07-25,3.048940766099338
2014-07-26,20.613126716903743
2014-07-27,11.424311720036172
2014-07-28,6.29923094567415
2014-07-29,5.635201379656793
2014-07-30,15.52186643594021
2014-07-31,1.0283629938557344
2014-08-01,0.2988158927575963
2014-08-02,17.806388295985567
2014-08-03,8.461485657941651
2014-08-04,2.1650065576305266
2014-08-05,0.422268072394906
2014-08-06,11.374321818351751
2014-08-07,12.628747004914931
2014-08-08,22.59058887692723
2014-08-09,22.748643636703502
2014-08-10,30.867313082153746
2014-08-11,12.738786304319232
2014-08-12,1.8295728757574758
2014-08-13,14.94884516983419
2014-08-14,0.20982354275278148
2014-08-15,12.583411401993521
2014-08-16,9.432101066652185
2014-08-17,10.951042225030632
2014-08-18,25.13238909921132
2014-08-19,5.043186055647363
2014-08-20,14.57673364072233
2014-08-21,7.688055743639535
2014-08-22,9.932291414689377
2014-08-23,52.631747203904254
2014-08-24,21.61446882824641
2014-08-25,11.588241347187276
2014-08-26,23.662190559748066
2014-08-27,4.208976536183745
2014-08-28,18.888573106479004
2014-08-29,17.682689755349553
2014-08-30,9.96752739033184
2014-08-31,0.0
2014-09-01,4.000464129588895
2014-09-02,2.185303095023375
2014-09-03,9.45111839735025
2014-09-04,7.370762540077843
2014-09-05,6.161761454331714
2014-09-06,9.601798069638182
2014-09-07,6.5049076535411805
2014-09-08,5.955024202631135
2014-09-09,0.1813371472463415
2014-09-10,3.2524538267705903
2014-09-11,30.74040654180824
2014-09-12,19.362275781260966
2014-09-13,32.44368155904719
2014-09-14,17.93528337434337
2014-09-15,29.06082243854935
2014-09-16,6.936086569283461
2014-09-17,27.64961137038631
2014-09-18,37.16000667456035
2014-09-19,43.48443251123301
2014-09-20,18.818292912196476
2014-09-21,7.755983588260575
2014-09-22,7.256729282438758
2014-09-23,13.080291591383318
2014-09-24,13.292470064718984
2014-09-25,14.30953226500267
2014-09-26,8.36696435551386
2014-09-27,0.0
2014-09-28,1.5561726765858164
2014-09-29,4.370494973115826
2014-09-30,2.7498813564511577
2014-10-01,11.889872542506945
2014-10-02,38.812051541901944
2014-10-03,1.6523782687412731
2014-10-04,9.986258207140747
2014-10-05,22.475487114609905
2014-10-06,46.496165975525585
2014-10-07,28.252660910825476
2014-10-08,12.19796356901124
2014-10-09,18.95702465402114
2014-10-10,12.701094191622095
2014-10-11,21.935596652530347
2014-10-12,11.600680305748376
2014-10-13,41.329430887022546
2014-10-14,11.226104801571049
2014-10-15,17.129878213679472
2014-10-16,0.0
2014-10-17,12.88338564014113
2014-10-18,27.240503809742034
2014-10-19,20.85024400176229
2014-10-20,16.297677061445007
2014-10-21,24.813005429667403
2014-10-22,0.0
2014-10-23,5.422279904823047
2014-10-24,39.795041902645224
2014-10-25,37.07984289043659
2014-10-26,59.26516997653086
2014-10-27,28.256578738222267
2014-10-28,6.710398640987038
2014-10-29,0.0
2014-10-30,21.30374141238832
2014-10-31,48.61722401751056
2014-11-01,29.612302459575044
2014-11-02,5.328090745049556
2014-11-03,11.63135740120669
2014-11-04,35.41924643999823
2014-11-05,19.004297368429814
2014-11-06,15.534157676068519
2014-11-07,31.000460647247944
2014-11-08,15.82031267196746
2014-11-09,16.78659950921665
2014-11-10,21.525782426466815
2014-11-11,0.0
2014-11-12,0.0
2014-11-13,7.9989440360584805
2014-11-14,5.465346164800027
2014-11-15,0.0
2014-11-16,0.0
2014-11-17,21.93011368569491
2014-11-18,33.82797517405975
2014-11-19,22.215309891346347
2014-11-20,36.58795445513083
2014-11-21,0.06104049690671871
2014-11-22,0.0
2014-11-23,0.0
2014-11-24,0.0
2014-11-25,13.237789896291659
2014-11-26,60.645824240671644
2014-11-27,0.0
2014-11-28,0.0
2014-11-29,0.0
2014-11-30,0.0
2014-12-01,1.4164661612059624
2014-12-02,0.0
2014-12-03,16.85870172606933
2014-12-04,43.01958706411157
2014-12-05,5.4464288192826364
2014-12-06,56.01015904062504
2014-12-07,25.57197803500537
2014-12-08,3.1064090595857525
2014-12-09,0.0
2014-12-10,0.0
2014-12-11,0.0
2014-12-12,15.46445999073016
2014-12-13,4.975432846594503
2014-12-14,45.499611972957055
2014-12-15,1.0795200998718677
2014-12-16,0.0
2014-12-17,0.0
2014-12-18,0.0
2014-12-19,0.0
2014-12-20,1.4935784146592428
2014-12-21,0.0
2014-12-22,0.0
2014-12-23,0.0
2014-12-24,0.0
2014-12-25,1.0966759275745703
2014-12-26,0.0
2014-12-27,0.0
2014-12-28,0.0
2014-12-29,0.0
2014-12-30,0.0
2014-12-31,0.0
2015-01-01,0.0
2015-01-02,0.0
2015-01-03,0.0
2015-01-04,0.0
2015-01-05,0.0
2015-01-06,0.0
2015-01-07,0.0
2015-01-08,0.0
2015-01-09,0.0
2015-01-10,0.0
2015-01-11,0.0
2015-01-12,0.0
2015-01-13,0.0
2015-01-14,0.0
2015-01-15,0.0
2015-01-16,0.0
2015-01-17,2.745347714101947
2015-01-18,53.283140781763464
2015-01-19,0.0
2015-01-20,3.7143649426666476
2015-01-21,1.0815833968085216
2015-01-22,0.0
2015-01-23,0.0
2015-01-24,0.0
2015-01-25,0.0
2015-01-26,0.0
2015-01-27,0.0
2015-01-28,0.0
2015-01-29,0.0
2015-01-30,0.0
2015-01-31,0.0
2015-02-01,0.0
2015-02-02,0.0
2015-02-03,0.0
2015-02-04,0.0
2015-02-05,0.0
2015-02-06,1.9390762983947194
2015-02-07,7.098574729585972
2015-02-08,45.811573079308964
2015-02-09,6.131524097073724
2015-02-10,0.0
2015-02-11,0.0
2015-02-12,0.0
2015-02-13,0.0
2015-02-14,0.0
2015-02-15,0.0
2015-02-16,0.0
2015-02-17,0.0
2015-02-18,0.0
2015-02-19,0.0
2015-02-20,0.0
2015-02-21,0.0
2015-02-22,0.0
2015-02-23,0.0
2015-02-24,0.0
2015-02-25,0.0
2015-02-26,0.8901556685969639
2015-02-27,0.0
2015-02-28,0.0
2015-03-01,0.0
2015-03-02,0.0
2015-03-03,0.0
2015-03-04,0.0
2015-03-05,0.0
2015-03-06,0.0
2015-03-07,0.0
2015-03-08,0.0
2015-03-09,0.0
2015-03-10,0.0
2015-03-11,0.0
2015-03-12,0.0
2015-03-13,0.0
2015-03-14,21.776096521599875
2015-03-15,0.0
2015-03-16,0.0
2015-03-17,0.0
2015-03-18,0.0
2015-03-19,0.0
2015-03-20,0.0
2015-03-21,0.0
2015-03-22,1.8415487726797934
2015-03-23,0.8257897174036183
2015-03-24,0.0
2015-03-25,0.0
2015-03-26,0.0
2015-03-27,0.0
2015-03-28,0.0
2015-03-29,2.716792056689392
2015-03-30,0.0
2015-03-31,20.209709248430027
2015-04-01,0.0
2015-04-02,0.0
2015-04-03,0.0
2015-04-04,0.0
2015-04-05,0.0
2015-04-06,0.0
2015-04-07,0.0
2015-04-08,0.0
2015-04-09,0.0
2015-04-10,0.0
2015-04-11,0.0
2015-04-12,0.27877702654616265
2015-04-13,0.0
2015-04-14,0.49140079802757997
2015-04-15,6.933767964006279
2015-04-16,3.6058091765924085
2015-04-17,3.48288340614857
2015-04-18,0.6299615023103922
2015-04-19,3.2092373642969783
2015-04-20,1.259685597407657
2015-04-21,1.563636209463349
2015-04-22,0.05006741629158325
2015-04-23,0.5590537872568178
2015-04-24,0.0
2015-04-25,0.0
2015-04-26,4.010983753445987
2015-04-27,2.062180332436755
2015-04-28,2.6461739481200244
2015-04-29,2.3738263092834404
2015-04-30,4.63389845323321
2015-05-01,54.01676130778084
2015-05-02,42.47600659808598
2015-05-03,39.39175467555588
2015-05-04,37.994497501366865
2015-05-05,11.681036117109095
2015-05-06,5.40107215095211
2015-05-07,11.684846154338608
2015-05-08,9.19553525141768
2015-05-09,19.489954314119114
2015-05-10,2.505964814005672
2015-05-11,1.7831109563845238
2015-05-12,5.262786969945239
2015-05-13,0.5935346652325748
2015-05-14,4.627523230539787
2015-05-15,11.960551319492833
2015-05-16,11.615026285116738
2015-05-17,8.914611606380424
2015-05-18,11.914876149715607
2015-05-19,2.1725680904613967
2015-05-20,9.07959811953274
2015-05-21,27.228873947182226
2015-05-22,0.32389686498287573
2015-05-23,0.0
2015-05-24,47.532570503853485
2015-05-25,21.71340392650785
2015-05-26,50.26033450622817
2015-05-27,16.785544845703487
2015-05-28,51.676138971302976
2015-05-29,0.9323259845778752
2015-05-30,0.0
2015-05-31,11.741123696839491
2015-06-01,11.02521703090217
2015-06-02,10.559275712717225
2015-06-03,21.220979130751385
2015-06-04,21.597331788088834
2015-06-05,0.04025095217936749
2015-06-06,13.07952379455438
2015-06-07,7.568554356694224
2015-06-08,33.42716406970412
2015-06-09,10.79189596969534
2015-06-10,33.669908524365056
2015-06-11,4.625046436851091
2015-06-12,13.752817835759476
2015-06-13,13.984587184883457
2015-06-14,14.913831420444156
2015-06-15,0.0
2015-06-16,9.362534233041714
2015-06-17,11.432146592720137
2015-06-18,23.19833079624821
2015-06-19,0.0
2015-06-20,6.0109314338581
2015-06-21,20.67112653400447
2015-06-22,10.335563267002234
2015-06-23,5.0488357407015725
2015-06-24,0.0
2015-06-25,0.0
2015-06-26,1.2193219267033246
2015-06-27,7.644239034805752
2015-06-28,21.602778472207696
2015-06-29,29.975758875544017
2015-06-30,14.041096996415309
2015-07-01,0.0
2015-07-02,0.0
2015-07-03,0.0
2015-07-04,0.0
2015-07-05,9.058106503977973
2015-07-06,40.06643256625615
2015-07-07,38.928578944625094
2015-07-08,21.57937978973261
2015-07-09,33.34336309658516
2015-07-10,3.0969018255536627
2015-07-11,15.45804150362273
2015-07-12,10.84690613601659
2015-07-13,14.221540784110898
2015-07-14,7.633163953955111
2015-07-15,16.903361291901497
2015-07-16,21.10651106850522
2015-07-17,33.994586859200474
2015-07-18,19.722743759284153
2015-07-19,8.209429429592316
2015-07-20,16.463735403241348
2015-07-21,7.596485884407086
2015-07-22,7.447547962536685
2015-07-23,31.541179942923637
2015-07-24,0.0
2015-07-25,0.0
2015-07-26,0.0
2015-07-27,0.0
2015-07-28,0.0
2015-07-29,23.44943163282163
2015-07-30,22.351858506331578
2015-07-31,14.237762775171449
2015-08-01,0.0
2015-08-02,1.511783771418237
2015-08-03,0.0
2015-08-04,0.0
2015-08-05,0.0
2015-08-06,13.478942883981246
2015-08-07,6.406840136727773
2015-08-08,36.828547962614024
2015-08-09,21.055986930389665
2015-08-10,23.82574902192967
2015-08-11,9.214856015669339
2015-08-12,5.150199903829679
2015-08-13,0.0
2015-08-14,21.648278829213737
2015-08-15,15.067939118356325
2015-08-16,9.644059315525201
2015-08-17,0.24484757756864706
2015-08-18,0.0
2015-08-19,4.223077260964628
2015-08-20,6.317872112767924
2015-08-21,24.40248128006588
2015-08-22,12.29593798941052
2015-08-23,9.069817651566623
2015-08-24,17.197523528256944
2015-08-25,11.838646075411427
2015-08-26,42.0652081668377
2015-08-27,0.0
2015-08-28,0.0
2015-08-29,15.22668733226287
2015-08-30,5.525836412971085
2015-08-31,48.270796323950236
2015-09-01,15.372500255703931
2015-09-02,10.171681381560662
2015-09-03,12.561144508220055
2015-09-04,30.515044156764013
2015-09-05,20.343362763121323
2015-09-06,8.629829170333375
2015-09-07,8.88648378224792
2015-09-08,7.070653723502483
2015-09-09,16.518560743009722
2015-09-10,38.007250633594154
2015-09-11,15.87632930923153
2015-09-12,5.475834999334171
2015-09-13,12.010805034959644
2015-09-14,5.475834999334171
2015-09-15,4.7966995025808785
2015-09-16,4.646544991514169
2015-09-17,0.636247530176833
2015-09-18,1.9961191778247431
2015-09-19,19.001448042489393
2015-09-20,9.999339944406138
2015-09-21,3.806438397616149
2015-09-22,4.0583074408004425
2015-09-23,6.801813623490369
2015-09-24,2.4591994183893147
2015-09-25,9.151336167309736
2015-09-26,2.4841146171092996
2015-09-27,2.54461832656651
2015-09-28,0.6929147783666852
2015-09-29,0.8965389002617954
2015-09-30,8.434345787038676
2015-10-01,34.828534594258755
2015-10-02,17.568729022467465
2015-10-03,0.0
2015-10-04,16.278199835806287
2015-10-05,26.43950662298783
2015-10-06,29.733753698097715
2015-10-07,32.42533891909832
2015-10-08,31.253132667895926
2015-10-09,14.653581838350044
2015-10-10,32.890274726055786
2015-10-11,12.048323327625125
2015-10-12,14.177915857450392
2015-10-13,24.81744123673118
2015-10-14,29.82666174382778
2015-10-15,19.714932688184696
2015-10-16,40.91719790890411
2015-10-17,13.71050383351945
2015-10-18,15.991086956616998
2015-10-19,2.7349642370198235
2015-10-20,19.300109997794436
2015-10-21,2.6538828047546184
2015-10-22,15.984968928066468
2015-10-23,13.05562295100174
2015-10-24,24.599899721306734
2015-10-25,24.257869731332818
2015-10-26,36.72281660824209
2015-10-27,3.2430866791589854
2015-10-28,11.990313397468752
2015-10-29,30.880229805369645
2015-10-30,42.961145114254315
2015-10-31,0.19972943172261526
2015-11-01,35.77058117534664
2015-11-02,50.30506081113945
2015-11-03,18.57094627860431
2015-11-04,2.6068498943303093
2015-11-05,47.23685763413844
2015-11-06,22.065343903125946
2015-11-07,32.01510965864401
2015-11-08,25.6862140950319
2015-11-09,11.195350000584451
2015-11-10,26.393277526304534
2015-11-11,8.994826403824062
2015-11-12,6.030077465079927
2015-11-13,24.95072027356238
2015-11-14,25.02386323986827
2015-11-15,39.54586749302375
2015-11-16,31.627780881282458
2015-11-17,54.70647973949846
2015-11-18,63.91962474584584
2015-11-19,10.970177249731247
2015-11-20,23.02705004086366
2015-11-21,10.909485603506504
2015-11-22,9.796839655653852
2015-11-23,3.736661209649332
2015-11-24,0.0
2015-11-25,0.0
2015-11-26,0.0
2015-11-27,0.0
2015-11-28,0.0
2015-11-29,0.0
2015-11-30,0.0
2015-12-01,0.0
2015-12-02,0.0
2015-12-03,2.265108280487963
2015-12-04,0.0
2015-12-05,0.0
2015-12-06,0.4598688346308632
2015-12-07,14.14894619584084
2015-12-08,12.485922357520547
2015-12-09,14.016141843151408
2015-12-10,9.22526936917692
2015-12-11,0.0
2015-12-12,5.148273213892371
2015-12-13,10.532704659813161
2015-12-14,38.165726448233066
2015-12-15,0.0
2015-12-16,0.0
2015-12-17,0.0
2015-12-18,0.0
2015-12-19,0.0
2015-12-20,0.0
2015-12-21,0.0
2015-12-22,0.0
2015-12-23,2.685822707978456
2015-12-24,0.0
2015-12-25,0.0
2015-12-26,0.0
2015-12-27,14.890039478604862
2015-12-28,19.6140429578923
2015-12-29,0.0
2015-12-30,0.0
2015-12-31,0.0
2016-01-01,0.0
2016-01-02,0.0
2016-01-03,1.625443503663347
2016-01-04,9.586145381669743
2016-01-05,4.219720143724134
2016-01-06,5.689094890211082
2016-01-07,4.547419275786427
2016-01-08,5.9504439005175165
2016-01-09,0.0
2016-01-10,0.0
2016-01-11,0.0
2016-01-12,0.0
2016-01-13,2.6230430538589893
2016-01-14,0.0
2016-01-15,0.0
2016-01-16,0.0
2016-01-17,0.0
2016-01-18,0.0
2016-01-19,0.0
2016-01-20,0.0
2016-01-21,0.0
2016-01-22,0.0
2016-01-23,0.0
2016-01-24,5.953359781890306
2016-01-25,11.68508730043431
2016-01-26,1.441015901195037
2016-01-27,0.0
2016-01-28,2.131128996006541
2016-01-29,0.0
2016-01-30,2.612177195983965
2016-01-31,0.0
2016-02-01,0.0
2016-02-02,0.0
2016-02-03,0.0
2016-02-04,0.04067742019086271
2016-02-05,1.2790581831658214
2016-02-06,0.0
2016-02-07,0.0
2016-02-08,0.0
2016-02-09,0.0
2016-02-10,6.476390644404536
2016-02-11,4.151995766605881
2016-02-12,0.0
2016-02-13,0.0
2016-02-14,0.0
2016-02-15,0.0
2016-02-16,0.0
2016-02-17,0.0
2016-02-18,0.0
2016-02-19,2.5532921141869322
2016-02-20,0.0
2016-02-21,0.0
2016-02-22,0.0
2016-02-23,0.0
2016-02-24,0.8031076488865391
2016-02-25,0.0
2016-02-26,0.0
2016-02-27,0.0
2016-02-28,0.0
2016-02-29,0.0
2016-03-01,0.0
2016-03-02,0.0
2016-03-03,0.0
2016-03-04,6.425043522908882
2016-03-05,0.0
2016-03-06,3.8171626816730257
2016-03-07,0.0
2016-03-08,0.0
2016-03-09,0.0
2016-03-10,0.0
2016-03-11,0.0
2016-03-12,0.0
2016-03-13,0.0
2016-03-14,0.0
2016-03-15,0.0
2016-03-16,0.0
2016-03-17,0.0
2016-03-18,0.0
2016-03-19,0.0
2016-03-20,0.0
2016-03-21,0.08338777298057405
2016-03-22,0.0
2016-03-23,0.0
2016-03-24,0.0
2016-03-25,0.0
2016-03-26,0.0
2016-03-27,0.0
2016-03-28,0.6198460997359175
2016-03-29,5.298882977382559
2016-03-30,5.397756306303515
2016-03-31,0.0
2016-04-01,0.11200148295107729
2016-04-02,1.530456081183779
2016-04-03,0.0
2016-04-04,0.0
2016-04-05,0.0
2016-04-06,0.0
2016-04-07,0.0
2016-04-08,0.0
2016-04-09,0.0
2016-04-10,0.0
2016-04-11,0.0
2016-04-12,0.0
2016-04-13,0.0
2016-04-14,0.0
2016-04-15,0.8284250221945146
2016-04-16,3.0902229851564855
2016-04-17,0.09037237352616082
2016-04-18,0.0
2016-04-19,8.362885740057038
2016-04-20,6.629652788409513
2016-04-21,0.04943163149260187
2016-04-22,6.775402988332352
2016-04-23,18.767058049102097
2016-04-24,18.943285554244717
2016-04-25,9.737141290629236
2016-04-26,17.806211681382084
2016-04-27,7.493883004160349
2016-04-28,11.639232565422322
2016-04-29,5.4938264806327
2016-04-30,5.4938264806327
2016-05-01,5.662342014344966
2016-05-02,25.79571600459718
2016-05-03,0.4590287820712941
2016-05-04,10.201292782216463
2016-05-05,55.68804866880985
2016-05-06,20.989239360835107
2016-05-07,19.32458016840188
2016-05-08,29.87766753660666
2016-05-09,4.9363098917780714
2016-05-10,0.0
2016-05-11,0.0
2016-05-12,0.0
2016-05-13,0.0
2016-05-14,3.8437279646058355
2016-05-15,5.546728444864623
2016-05-16,4.022950953124344
2016-05-17,8.400198036351723
2016-05-18,8.666338149558856
2016-05-19,4.022950953124344
2016-05-20,4.692533739011838
2016-05-21,11.311797126322185
2016-05-22,10.229577518395478
2016-05-23,30.822815338502078
2016-05-24,12.879147279906922
2016-05-25,20.98696320362994
2016-05-26,21.05189029509958
2016-05-27,32.85706029711543
2016-05-28,11.761956299277578
2016-05-29,16.93449970032718
2016-05-30,3.6025155661879364
2016-05-31,16.43793009906202
2016-06-01,12.131213006135582
2016-06-02,12.235115352111897
2016-06-03,10.301787994802002
2016-06-04,4.091573667485972
2016-06-05,8.573707134135672
2016-06-06,10.67037438520709
2016-06-07,1.095229818812899
2016-06-08,5.611567121804569
2016-06-09,4.741464594228044
2016-06-10,10.068616503195186
2016-06-11,7.566582924409494
2016-06-12,3.6813459496039
2016-06-13,8.106161385573248
2016-06-14,13.2375157717112
2016-06-15,5.928322398884072
2016-06-16,0.6766650606248832
2016-06-17,0.49007515689811204
2016-06-18,16.60552346907758
2016-06-19,14.120503608640792
2016-06-20,21.88690960125344
2016-06-21,10.812774845877211
2016-06-22,7.779691953715443
2016-06-23,10.920588255935428
2016-06-24,11.257656302001028
2016-06-25,11.257656302001028
2016-06-26,0.2814820318205937
2016-06-27,6.0208226686998
2016-06-28,4.934704186243787
2016-06-29,7.094794805388194
2016-06-30,6.1147759729946
2016-07-01,45.482421997431175
2016-07-02,25.209813350761262
2016-07-03,7.440638465253087
2016-07-04,7.769362617183379
2016-07-05,22.321915799701543
2016-07-06,0.0
2016-07-07,0.4029927503418279
2016-07-08,45.367634927904305
2016-07-09,35.709307286384956
2016-07-10,35.63660327163903
2016-07-11,18.07157337423918
2016-07-12,45.39431613039327
2016-07-13,1.2614437748451492
2016-07-14,19.20223429899764
2016-07-15,14.558390441375817
2016-07-16,10.682528791194029
2016-07-17,10.865666302273404
2016-07-18,4.755340311374214
2016-07-19,8.078002979022429
2016-07-20,9.614434173783742
2016-07-21,8.696611805944833
2016-07-22,7.075032719083737
2016-07-23,19.233815518585416
2016-07-24,11.081889066341766
2016-07-25,0.0
2016-07-26,0.0
2016-07-27,0.0923523419612163
2016-07-28,29.708165788167246
2016-07-29,5.921881390181749
2016-07-30,12.900386933539368
2016-07-31,0.5804941525330417
2016-08-01,1.1925779689808156
2016-08-02,4.885860582863965
2016-08-03,11.526556559511137
2016-08-04,2.7323118617405773
2016-08-05,11.461094971041426
2016-08-06,0.0
2016-08-07,8.667838583121432
2016-08-08,7.7121707726572035
2016-08-09,30.115438014268882
2016-08-10,4.079003086968049
2016-08-11,19.86849315424224
2016-08-12,2.0815667904712067
2016-08-13,7.669719319689922
2016-08-14,30.67887727875969
2016-08-15,27.17134703736048
2016-08-16,12.932482456234666
2016-08-17,0.1907892525196076
2016-08-18,31.961209181192768
2016-08-19,18.880168771421594
2016-08-20,15.956424071982104
2016-08-21,10.553508977229534
2016-08-22,10.526076565320432
2016-08-23,21.988024190470988
2016-08-24,0.0
2016-08-25,10.685643069244724
2016-08-26,20.801737154255044
2016-08-27,10.922423672434451
2016-08-28,10.922423672434451
2016-08-29,22.632123484804836
2016-08-30,20.755531124569284
2016-08-31,37.21389644693684
2016-09-01,4.455120047201983
2016-09-02,29.749216999556577
2016-09-03,0.0
2016-09-04,13.976175192240127
2016-09-05,21.546862480608205
2016-09-06,4.072006918489935
2016-09-07,9.606630003331484
2016-09-08,3.2994326954153754
2016-09-09,3.7522845999211887
2016-09-10,9.795398779012066
2016-09-11,20.35546082137405
2016-09-12,13.904432446972748
2016-09-13,19.724031812033143
2016-09-14,30.338360909674627
2016-09-15,56.211620474183896
2016-09-16,1.1968918129600385
2016-09-17,0.33301975029344505
2016-09-18,1.8764257286549422
2016-09-19,2.777938559802401
2016-09-20,2.326793406209028
2016-09-21,10.403070716841805
2016-09-22,6.584356015598454
2016-09-23,9.59294934006962
2016-09-24,18.473210319876678
2016-09-25,20.80614143368361
2016-09-26,13.367952059048257
2016-09-27,11.026869834677596
2016-09-28,14.045983414996316
2016-09-29,1.0990207662453526
2016-09-30,8.83111209140436
2016-10-01,39.988265296897374
2016-10-02,0.8166921223337588
2016-10-03,39.952065657924976
2016-10-04,2.8773680405842303
2016-10-05,11.996302132268212
2016-10-06,25.334006847159287
2016-10-07,8.219458672645931
2016-10-08,27.78906259021244
2016-10-09,28.287556943055762
2016-10-10,13.962175020494984
2016-10-11,16.25226832765181
2016-10-12,26.836204514310175
2016-10-13,51.622838595429
2016-10-14,0.0
2016-10-15,21.405991812412815
2016-10-16,49.20530903822669
2016-10-17,29.408050791637326
2016-10-18,17.064683464733335
2016-10-19,2.824551374928372
2016-10-20,6.449856806445768
2016-10-21,20.71278833477079
2016-10-22,31.297359016296042
2016-10-23,21.773439015488368
2016-10-24,0.0
2016-10-25,0.03780948551925454
2016-10-26,23.602406252880364
2016-10-27,21.15590601998407
2016-10-28,26.187412491118593
2016-10-29,0.0
2016-10-30,22.80500793134845
2016-10-31,48.63480700028911
2016-11-01,57.75881172354158
2016-11-02,15.938837792825062
2016-11-03,16.17468531590862
2016-11-04,12.606197416379649
2016-11-05,14.417881729232304
2016-11-06,52.33692869463484
2016-11-07,54.856556761103725
2016-11-08,2.9596298304764015
2016-11-09,0.0
2016-11-10,14.626794522678532
2016-11-11,8.277080166178783
2016-11-12,22.713639060387745
2016-11-13,7.947279244661334
2016-11-14,14.68077930042873
2016-11-15,16.554160332357565
2016-11-16,101.67279141335878
2016-11-17,106.10397036333346
2016-11-18,0.0
2016-11-19,1.4576374264182277
2016-11-20,35.167056084484685
2016-11-21,90.63878097083125
2016-11-22,69.78676956247644
2016-11-23,27.49633080572696
2016-11-24,65.73035136912321
2016-11-25,1.0197467932829989
2016-11-26,7.118652170574345
2016-11-27,74.29519906881696
2016-11-28,76.5130557836713
2016-11-29,0.7938807107306818
2016-11-30,0.0
2016-12-01,10.539374535953678
2016-12-02,4.746944484678475
2016-12-03,0.8729362648886605
2016-12-04,37.626491971918064
2016-12-05,11.542115178462625
2016-12-06,11.364692592540306
2016-12-07,0.0
2016-12-08,14.3936270503579
2016-12-09,11.925589743498213
2016-12-10,0.0
2016-12-11,5.568367501771131
2016-12-12,0.4278373653824266
2016-12-13,11.03151017507992
2016-12-14,5.750862407523234
2016-12-15,2.2853581468398514
2016-12-16,1.1733522503762635
2016-12-17,42.4883225165509
2016-12-18,0.0
2016-12-19,0.0
2016-12-20,0.0
2016-12-21,0.0
2016-12-22,0.0
2016-12-23,0.0
2016-12-24,0.0
2016-12-25,0.0
2016-12-26,3.0446602134285756
2016-12-27,10.25433001284664
2016-12-28,0.0
2016-12-29,0.0
2016-12-30,0.0
2016-12-31,0.0
2017-01-01,5.255126649060767
2017-01-02,0.0
2017-01-03,0.0
2017-01-04,0.0
2017-01-05,0.0
2017-01-06,0.0
2017-01-07,5.9584203926292645
2017-01-08,0.0
2017-01-09,3.4222345946205635
2017-01-10,0.0
2017-01-11,0.0
2017-01-12,0.0
2017-01-13,0.0
2017-01-14,0.0
2017-01-15,0.0
2017-01-16,0.0
2017-01-17,0.0
2017-01-18,0.0
2017-01-19,0.0
2017-01-20,5.075372217474758
2017-01-21,1.5549022967146866
2017-01-22,0.0
2017-01-23,0.0
2017-01-24,0.0
2017-01-25,0.0
2017-01-26,0.0
2017-01-27,0.0
2017-01-28,0.0
2017-01-29,0.0
2017-01-30,0.0
2017-01-31,0.0
2017-02-01,0.9806746137706012
2017-02-02,0.0
2017-02-03,0.0
2017-02-04,0.0
2017-02-05,6.4918626989867265
2017-02-06,0.0
2017-02-07,0.0
2017-02-08,0.0
2017-02-09,0.0
2017-02-10,5.686375155038126
2017-02-11,0.0
2017-02-12,0.0
2017-02-13,0.0
2017-02-14,0.0
2017-02-15,1.4779732356200352
2017-02-16,0.0
2017-02-17,0.0
2017-02-18,0.0
2017-02-19,0.0
2017-02-20,0.0
2017-02-21,0.0
2017-02-22,0.0
2017-02-23,7.095925749556442
2017-02-24,0.048400956633928675
2017-02-25,8.502655759655143
2017-02-26,1.6955558971778772
2017-02-27,0.0
2017-02-28,0.0
2017-03-01,0.0
2017-03-02,0.0
2017-03-03,0.0
2017-03-04,0.0
2017-03-05,0.0
2017-03-06,26.04492929900016
2017-03-07,0.0
2017-03-08,0.0
2017-03-09,0.0
2017-03-10,0.0
2017-03-11,0.0
2017-03-12,0.0
2017-03-13,0.0
2017-03-14,1.9490714147686963
2017-03-15,0.0
2017-03-16,2.1625506159018832
2017-03-17,0.0
2017-03-18,0.0
2017-03-19,0.0
2017-03-20,0.0
2017-03-21,0.0
2017-03-22,0.0
2017-03-23,4.870173840808708
2017-03-24,1.5136924843127668
2017-03-25,0.33430634720905417
2017-03-26,0.3374899601614154
2017-03-27,15.680901506462622
2017-03-28,0.0
2017-03-29,0.0
2017-03-30,0.11903762011914644
2017-03-31,15.226277137124868
2017-04-01,0.0
2017-04-02,3.801615009537421
2017-04-03,7.051958245703498
2017-04-04,0.0
2017-04-05,0.0
2017-04-06,0.00560099248950546
2017-04-07,0.3658142253454474
2017-04-08,1.3064578497732013
2017-04-09,0.0
2017-04-10,0.0
2017-04-11,0.0
2017-04-12,0.0
2017-04-13,0.0
2017-04-14,0.0
2017-04-15,0.4519573100716683
2017-04-16,2.055819946366388
2017-04-17,9.119679733305368
2017-04-18,10.486672856920478
2017-04-19,2.8330205763513985
2017-04-20,13.122091686000699
2017-04-21,0.025650151073932655
2017-04-22,0.0
2017-04-23,2.5775826416305603
2017-04-24,1.5046912818341647
2017-04-25,2.5912751536312957
2017-04-26,10.91671847229874
2017-04-27,3.62178865689281
2017-04-28,0.0
2017-04-29,3.770914918164145
2017-04-30,18.131753917481454
2017-05-01,4.001203110894642
2017-05-02,4.62688680053563
2017-05-03,4.0713676046076674
2017-05-04,4.779694725633475
2017-05-05,9.32053069508559
2017-05-06,43.4911780534564
2017-05-07,36.91877598859169
2017-05-08,23.55082152018677
2017-05-09,44.70947521200053
2017-05-10,43.00637935786635
2017-05-11,17.899229700500907
2017-05-12,13.066502457736316
2017-05-13,9.365425610864488
2017-05-14,0.25980234649535777
2017-05-15,7.511382075580393
2017-05-16,9.741956773440585
2017-05-17,8.36036908384916
2017-05-18,6.954732086610153
2017-05-19,5.441481844698257
2017-05-20,13.46534007223877
2017-05-21,15.919616822455389
2017-05-22,0.046992737699199386
2017-05-23,11.180867551549062
2017-05-24,3.249677421676147
2017-05-25,10.449869219918511
2017-05-26,58.792680120145974
2017-05-27,49.46132519921743
2017-05-28,21.064697400138193
2017-05-29,28.37700639544308
2017-05-30,35.51358805153822
2017-05-31,0.6845939980970849
2017-06-01,10.901330854038937
2017-06-02,3.8624963949661013
2017-06-03,4.483442614811498
2017-06-04,11.398558268675938
2017-06-05,3.6466881003532867
2017-06-06,2.2336067432487345
2017-06-07,6.462961763546276
2017-06-08,6.515465333252341
2017-06-09,6.131550361276478
2017-06-10,7.900748664160841
2017-06-11,41.04644940994883
2017-06-12,7.186264247910399
2017-06-13,12.513531301472643
2017-06-14,20.247519179373178
2017-06-15,7.303143010147521
2017-06-16,22.397518261864388
2017-06-17,3.2112525719645877
2017-06-18,10.447078294447955
2017-06-19,10.518538652038258
2017-06-20,16.60237075267612
2017-06-21,4.824339034086145
2017-06-22,5.963169946461113
2017-06-23,0.0
2017-06-24,5.21202362419383
2017-06-25,4.100753625200408
2017-06-26,11.251157308551107
2017-06-27,15.808869525790218
2017-06-28,14.590476599496768
2017-06-29,25.280965656042113
2017-06-30,14.057531673763256
2017-07-01,0.7401234700873094
2017-07-02,23.818432246511055
2017-07-03,20.905464662893408
2017-07-04,36.294939356075766
2017-07-05,25.920069616388638
2017-07-06,16.703358414205354
2017-07-07,9.283053674407908
2017-07-08,10.542865696388326
2017-07-09,10.004374819027415
2017-07-10,18.30303595879594
2017-07-11,12.461653746865895
2017-07-12,6.42773460365228
2017-07-13,0.11438574500986051
2017-07-14,3.007854733716798
2017-07-15,3.900345821940417
2017-07-16,0.5654205957780016
2017-07-17,7.564306710016083
2017-07-18,3.892111095927052
2017-07-19,2.147125405737677
2017-07-20,0.6365254348194279
2017-07-21,31.609590888023387
2017-07-22,3.8913169162901684
2017-07-23,19.858039324750774
2017-07-24,24.01790939875552
2017-07-25,12.098336821069593
2017-07-26,24.583979133013145
2017-07-27,13.09268272849354
2017-07-28,7.748249846334393
2017-07-29,32.07618338594566
2017-07-30,25.890499890656088
2017-07-31,16.389319624852494
2017-08-01,1.4055112007300596
2017-08-02,0.0501616973731969
2017-08-03,0.0
2017-08-04,3.233542861064545
2017-08-05,6.917548659886863
2017-08-06,0.0
2017-08-07,18.16131519264467
2017-08-08,25.5085258757746
2017-08-09,28.540215548631316
2017-08-10,26.722999114442523
2017-08-11,23.805125212749925
2017-08-12,27.354277618028032
2017-08-13,20.366176756249892
2017-08-14,10.141565064119327
2017-08-15,10.213962982232509
2017-08-16,24.29417264703158
2017-08-17,4.777996390252501
2017-08-18,11.204867201076972
2017-08-19,32.754087675262156
2017-08-20,23.444978689019752
2017-08-21,0.0
2017-08-22,11.043769961676086
2017-08-23,16.938314344431905
2017-08-24,39.33905625584965
2017-08-25,11.90496175353592
2017-08-26,4.674698969198241
2017-08-27,15.531796529889109
2017-08-28,23.16903676293993
2017-08-29,23.16903676293993
2017-08-30,17.088895994666462
2017-08-31,0.9938313761675682
2017-09-01,0.0
2017-09-02,52.281130969524405
2017-09-03,26.418951795713326
2017-09-04,71.27574433668242
2017-09-05,47.06046111680368
2017-09-06,2.9660095228133985
2017-09-07,17.026647647490375
2017-09-08,17.256415346587033
2017-09-09,8.904887946674954
2017-09-10,5.33710765033155
2017-09-11,0.0
2017-09-12,9.928267303350815
2017-09-13,2.998549511404457
2017-09-14,2.866763629522679
2017-09-15,4.494352918823025
2017-09-16,6.861691768709068
2017-09-17,10.417780866896786
2017-09-18,7.409779022472938
2017-09-19,3.982319521843584
2017-09-20,5.859637556043833
2017-09-21,13.037008707587788
2017-09-22,3.6417598766652315
2017-09-23,11.469808856780466
2017-09-24,10.904833237464366
2017-09-25,21.809666474928733
2017-09-26,7.05915167001454
2017-09-27,22.77332724147553
2017-09-28,14.976650729976802
2017-09-29,22.23993748305618
2017-09-30,18.162033290073683
2017-10-01,49.07357466220857
2017-10-02,27.892225257448256
2017-10-03,32.90869279568261
2017-10-04,25.875018170556523
2017-10-05,51.007729459453294
2017-10-06,0.0
2017-10-07,0.0
2017-10-08,11.982860237360002
2017-10-09,7.1895424337000495
2017-10-10,5.303589877647324
2017-10-11,5.845719521110125
2017-10-12,6.182187023899847
2017-10-13,6.140485499960347
2017-10-14,9.64186115945513
2017-10-15,1.0422256089545587
2017-10-16,42.28259199213339
2017-10-17,5.770143566904843
2017-10-18,57.608239285043766
2017-10-19,87.57507292966588
2017-10-20,0.9449037555101759
2017-10-21,17.622206497836764
2017-10-22,33.69464767301406
2017-10-23,47.357270475980414
2017-10-24,54.50017808579111
2017-10-25,38.419308662414565
2017-10-26,17.158689089723538
2017-10-27,1.0429331889829123
2017-10-28,37.85107154056834
2017-10-29,6.00155694923691
2017-10-30,2.296580800534906
2017-10-31,2.1026170378601234
2017-11-01,23.766109493938664
2017-11-02,0.0
2017-11-03,48.7959060048735
2017-11-04,14.712846737455681
2017-11-05,50.40949186199421
2017-11-06,0.0
2017-11-07,14.816173437076651
2017-11-08,12.608589826806176
2017-11-09,40.576924996601576
2017-11-10,17.59546103912431
2017-11-11,4.6460658523279275
2017-11-12,0.0
2017-11-13,22.75959056092276
2017-11-14,46.46085492179202
2017-11-15,43.74463773418119
2017-11-16,86.97307609545219
2017-11-17,0.0
2017-11-18,0.0
2017-11-19,0.0
2017-11-20,0.0
2017-11-21,2.2706481308953195
2017-11-22,9.288032780225215
2017-11-23,15.678319632201584
2017-11-24,34.28165903284744
2017-11-25,13.58774917049183
2017-11-26,8.143002469797395
2017-11-27,6.603537460436694
2017-11-28,13.704611659049993
2017-11-29,66.78094658819408
2017-11-30,30.862354231847302
2017-12-01,0.0
2017-12-02,0.0
2017-12-03,0.0
2017-12-04,0.0
2017-12-05,0.0
2017-12-06,0.0
2017-12-07,31.80408755911365
2017-12-08,4.559976876184748
2017-12-09,15.493324007536916
2017-12-10,45.27427935922469
2017-12-11,0.0
2017-12-12,8.15525517270372
2017-12-13,0.0
2017-12-14,0.0
2017-12-15,0.0
2017-12-16,0.0
2017-12-17,0.0
2017-12-18,0.0
2017-12-19,0.0
2017-12-20,0.0
2017-12-21,0.0
2017-12-22,0.0
2017-12-23,0.0
2017-12-24,0.0
2017-12-25,0.0
2017-12-26,0.0
2017-12-27,0.0
2017-12-28,0.0
2017-12-29,0.0
2017-12-30,7.23595754399493
2017-12-31,0.0
2018-01-01,0.0
2018-01-02,0.0
2018-01-03,18.454180789557668
2018-01-04,10.857889311539166
2018-01-05,0.6055490785353895
2018-01-06,0.0
2018-01-07,17.88735814714755
2018-01-08,46.626424261847085
2018-01-09,19.256974565821732
2018-01-10,0.0
2018-01-11,11.944809179652385
2018-01-12,2.7699604510656894
2018-01-13,0.0
2018-01-14,1.2456566679316605
2018-01-15,0.771472518508499
2018-01-16,2.4054951516256953
2018-01-17,0.0
2018-01-18,8.272568335807005
2018-01-19,0.09171132974930715
2018-01-20,0.3873909969084168
2018-01-21,0.0
2018-01-22,0.0
2018-01-23,0.0
2018-01-24,0.1309660169723872
2018-01-25,0.0
2018-01-26,0.0
2018-01-27,0.0
2018-01-28,0.0
2018-01-29,0.0
2018-01-30,0.0
2018-01-31,0.0
2018-02-01,4.6406628964720555
2018-02-02,0.0
2018-02-03,0.0
2018-02-04,0.0
2018-02-05,0.0
2018-02-06,0.0
2018-02-07,0.0
2018-02-08,0.0
2018-02-09,0.39206917765172766
2018-02-10,0.0
2018-02-11,0.0
2018-02-12,0.0
2018-02-13,0.0
2018-02-14,0.0
2018-02-15,0.0
2018-02-16,2.37897070255634
2018-02-17,0.7110117768516415
2018-02-18,0.0
2018-02-19,0.0
2018-02-20,0.0
2018-02-21,0.0
2018-02-22,0.0
2018-02-23,0.0
2018-02-24,0.0
2018-02-25,6.673547343325779
2018-02-26,0.3554875697638539
2018-02-27,0.0
2018-02-28,0.0
2018-03-01,0.0
2018-03-02,0.0
2018-03-03,0.019899570458644152
2018-03-04,0.0
2018-03-05,0.0
2018-03-06,0.0
2018-03-07,0.0
2018-03-08,0.0
2018-03-09,0.0
2018-03-10,0.0
2018-03-11,0.0
2018-03-12,0.0
2018-03-13,21.3372813769289
2018-03-14,0.6545031417060544
2018-03-15,0.0
2018-03-16,0.0
2018-03-17,0.0
2018-03-18,0.0
2018-03-19,0.0
2018-03-20,0.08877564387748373
2018-03-21,0.6256504487749696
2018-03-22,0.0
2018-03-23,0.0
2018-03-24,1.0009791553020482
2018-03-25,2.201728385847969
2018-03-26,3.843991829535447
2018-03-27,0.0
2018-03-28,0.0
2018-03-29,0.0
2018-03-30,0.6628839903183887
2018-03-31,5.700238047620738
2018-04-01,2.1284721822452712
2018-04-02,0.0
2018-04-03,0.0
2018-04-04,0.37037461628583646
2018-04-05,1.6826436510057874
2018-04-06,8.477428109561272
2018-04-07,0.0
2018-04-08,4.904262108979999
2018-04-09,0.0
2018-04-10,11.905618559267076
2018-04-11,7.06622463635899
2018-04-12,5.6459724841689765
2018-04-13,3.683913311543497
2018-04-14,0.0
2018-04-15,2.3381217414060163
2018-04-16,0.0
2018-04-17,6.173428627888899
2018-04-18,1.1769141299096317
2018-04-19,0.0
2018-04-20,5.964758863521589
2018-04-21,17.18225245419387
2018-04-22,10.271090526637199
2018-04-23,21.840909893448295
2018-04-24,3.4703085438625245
2018-04-25,9.644126673807971
2018-04-26,9.949807846868364
2018-04-27,0.3414073701243144
2018-04-28,6.815308678291135
2018-04-29,0.0
2018-04-30,16.406289500159193
2018-05-01,12.711438924476912
2018-05-02,0.0
2018-05-03,3.198436057044043
2018-05-04,6.937049313574226
2018-05-05,35.108817379216894
2018-05-06,12.644207050268717
2018-05-07,27.27144805321823
2018-05-08,16.610135918130755
2018-05-09,0.1690065168045663
2018-05-10,26.407320704411823
2018-05-11,0.85194961625982
2018-05-12,14.962617819776412
2018-05-13,32.09124703503944
2018-05-14,4.2259090391768
2018-05-15,1.1671802323009521
2018-05-16,38.532877048930615
2018-05-17,0.05707639697435741
2018-05-18,36.18439004630656
2018-05-19,53.089777759603564
2018-05-20,14.624427421672932
2018-05-21,14.368829034872961
2018-05-22,10.107119623470952
2018-05-23,45.58712220191957
2018-05-24,14.368829034872961
2018-05-25,47.005265443711686
2018-05-26,21.286635031168533
2018-05-27,13.493289925762129
2018-05-28,10.720731360082693
2018-05-29,8.986927932380022
2018-05-30,10.914487217729159
2018-05-31,11.171227050190039
2018-06-01,2.9371587557567143
2018-06-02,4.0590850294039065
2018-06-03,3.830701686643267
2018-06-04,4.384848959139877
2018-06-05,10.805865829458112
2018-06-06,12.10139736090158
2018-06-07,17.07350546363238
2018-06-08,5.633870466738135
2018-06-09,5.552890579039988
2018-06-10,24.286733065102553
2018-06-11,0.40457265884489635
2018-06-12,8.786219602501072
2018-06-13,9.909334350175959
2018-06-14,20.972150779656474
2018-06-15,9.660780794918539
2018-06-16,8.234897021103555
2018-06-17,14.790770003924504
2018-06-18,14.127073791381479
2018-06-19,40.329811495703645
2018-06-20,4.850107995440833
2018-06-21,10.526734579253844
2018-06-22,0.0
2018-06-23,11.541085112135157
2018-06-24,27.65202489173091
2018-06-25,25.562352917484343
2018-06-26,6.744736797201474
2018-06-27,12.113979904031435
2018-06-28,14.464539766714388
2018-06-29,10.346341325423206
2018-06-30,14.291958730768519
2018-07-01,14.019437384363771
2018-07-02,36.10717948787922
2018-07-03,11.577030837535863
2018-07-04,0.0
2018-07-05,26.360902283240016
2018-07-06,32.97163428648099
2018-07-07,17.731179306233262
2018-07-08,0.0
2018-07-09,0.0
2018-07-10,20.849370616110598
2018-07-11,16.640583613837094
2018-07-12,0.0
2018-07-13,0.482267793771383
2018-07-14,61.79521576939405
2018-07-15,43.401338685203264
2018-07-16,22.43572488185523
2018-07-17,0.0
2018-07-18,11.31286978782029
2018-07-19,14.56689164203567
2018-07-20,10.257514454424385
2018-07-21,20.153036999944103
2018-07-22,17.364973034810383
2018-07-23,26.507965841808847
2018-07-24,9.099886994506868
2018-07-25,10.786996122751692
2018-07-26,22.917732160236397
2018-07-27,29.314755871489258
2018-07-28,35.28375394360439
2018-07-29,44.71121171680658
2018-07-30,61.88517136026074
2018-07-31,0.0
2018-08-01,10.7419607754092
2018-08-02,11.947625239153169
2018-08-03,2.12475260689452
2018-08-04,4.876126109546909
2018-08-05,7.747058993658506
2018-08-06,0.0
2018-08-07,0.0
2018-08-08,2.896453628870282
2018-08-09,25.361156769700955
2018-08-10,14.096675817628164
2018-08-11,0.2152561215130059
2018-08-12,1.2215297914840084
2018-08-13,16.347075157068875
2018-08-14,33.89816879501215
2018-08-15,0.18452811422380247
2018-08-16,2.917743919668972
2018-08-17,3.6311877372901193
2018-08-18,4.854016781457373
2018-08-19,5.200414134843932
2018-08-20,6.222007271003081
2018-08-21,12.788339975315173
2018-08-22,17.207395580572058
2018-08-23,8.138561756626983
2018-08-24,16.17637195377737
2018-08-25,5.127487669925433
2018-08-26,51.503836581835884
2018-08-27,3.27638696174364
2018-08-28,60.89810623188278
2018-08-29,26.29301350181168
2018-08-30,52.306449248984066
2018-08-31,15.647420107110133
2018-09-01,5.854410026121786
2018-09-02,9.287027133880438
2018-09-03,13.382444904059982
2018-09-04,14.707309652220566
2018-09-05,10.396791866099516
2018-09-06,13.459373371423906
2018-09-07,13.685104385018352
2018-09-08,19.82053378466014
2018-09-09,19.37332345384199
2018-09-10,7.1071141905881285
2018-09-11,18.238801151111325
2018-09-12,19.385048893255163
2018-09-13,4.673331463256399
2018-09-14,42.989951589623026
2018-09-15,11.046524525896928
2018-09-16,7.051135404488526
2018-09-17,20.30187850103186
2018-09-18,2.435682301384373
2018-09-19,7.825516480650451
2018-09-20,17.756587774568317
2018-09-21,18.848031727043367
2018-09-22,19.754601091951944
2018-09-23,28.41107180392422
2018-09-24,26.962249767941405
2018-09-25,26.567465990781795
2018-09-26,14.653376916775837
2018-09-27,32.73330628791372
2018-09-28,9.0201331666998
2018-09-29,8.259530249681026
2018-09-30,19.986553470025196
2018-10-01,28.11220367856928
2018-10-02,65.99985489329778
2018-10-03,12.907626052965991
2018-10-04,3.862600919362662
2018-10-05,0.0
2018-10-06,0.0
2018-10-07,0.0
2018-10-08,0.0
2018-10-09,13.938875119831115
2018-10-10,17.82831477393976
2018-10-11,54.97969056867266
2018-10-12,74.78771615189477
2018-10-13,0.06728877892365329
2018-10-14,10.425324787964694
2018-10-15,15.591853008479692
2018-10-16,47.2326017376539
2018-10-17,20.414086866620426
2018-10-18,18.062594970335834
2018-10-19,4.182902531043905
2018-10-20,20.905597582862192
2018-10-21,41.97525502539972
2018-10-22,18.044971625949888
2018-10-23,5.748441227787252
2018-10-24,0.0
2018-10-25,18.044971625949888
2018-10-26,35.332662702412236
2018-10-27,35.6994258560039
2018-10-28,30.646706664481695
2018-10-29,42.82888010063688
2018-10-30,17.666331351206118
2018-10-31,0.0
2018-11-01,14.809784052742497
2018-11-02,18.471312807621192
2018-11-03,29.61965214803412
2018-11-04,16.140446186871145
2018-11-05,16.450086199753997
2018-11-06,6.412018711301123
2018-11-07,0.0
2018-11-08,0.0
2018-11-09,2.849869691640945
2018-11-10,9.724517335964219
2018-11-11,0.7604400143027308
2018-11-12,0.06357381110255785
2018-11-13,2.7749618827491194
2018-11-14,8.11459887289518
2018-11-15,8.570442316298553
2018-11-16,0.0
2018-11-17,0.0
2018-11-18,0.526186414667078
2018-11-19,2.831683078327695
2018-11-20,12.209643249978896
2018-11-21,20.442581697090258
2018-11-22,3.2085963650732436
2018-11-23,0.32470514524627386
2018-11-24,0.0
2018-11-25,0.0
2018-11-26,11.01425532030093
2018-11-27,19.235137288634846
2018-11-28,18.32843741975927
2018-11-29,18.911338239908225
2018-11-30,0.0
2018-12-01,17.022496803386797
2018-12-02,0.0
2018-12-03,20.62375916701717
2018-12-04,0.09069436023364198
2018-12-05,0.0
2018-12-06,0.0
2018-12-07,0.0
2018-12-08,0.0
2018-12-09,0.0
2018-12-10,0.0
2018-12-11,0.0
2018-12-12,0.0
2018-12-13,0.0
2018-12-14,1.5358130670077097
2018-12-15,0.0
2018-12-16,0.744606561354689
2018-12-17,0.0
2018-12-18,0.0
2018-12-19,0.0
2018-12-20,1.1024792689729384
2018-12-21,0.33080268803530866
2018-12-22,3.2813726216554655
2018-12-23,1.0368267463369147
2018-12-24,0.7658606863052057
2018-12-25,0.6368423946252145
2018-12-26,0.0
2018-12-27,0.0
2018-12-28,0.0
2018-12-29,0.0
2018-12-30,0.2537548858168964
2018-12-31,0.06291930015022691
2019-01-01,0.0
2019-01-02,9.198769745794506
2019-01-03,0.0
2019-01-04,0.0
2019-01-05,0.0
2019-01-06,4.0406357378170314
2019-01-07,0.0
2019-01-08,7.704659655690197
2019-01-09,0.0
2019-01-10,0.0
2019-01-11,1.9526425732954134
2019-01-12,0.0
2019-01-13,0.0
2019-01-14,0.0794560981763376
2019-01-15,0.44865984570335715
2019-01-16,3.2609496358278647
2019-01-17,0.0
2019-01-18,0.0
2019-01-19,0.0
2019-01-20,0.0
2019-01-21,8.053123645081717
2019-01-22,0.0
2019-01-23,1.5548597819901806
2019-01-24,0.0
2019-01-25,0.0
2019-01-26,1.1792082508673545
2019-01-27,0.0
2019-01-28,11.112749823041868
2019-01-29,0.0
2019-01-30,0.0
2019-01-31,0.0
2019-02-01,0.0
2019-02-02,0.5024060262618839
2019-02-03,0.0
2019-02-04,0.0
2019-02-05,0.0
2019-02-06,0.0
2019-02-07,0.0
2019-02-08,0.0
2019-02-09,0.0
2019-02-10,0.0
2019-02-11,6.4495879284836155
2019-02-12,0.0
2019-02-13,0.0
2019-02-14,0.0
2019-02-15,0.0
2019-02-16,0.0
2019-02-17,4.829159746097553
2019-02-18,0.0
2019-02-19,0.0
2019-02-20,1.826127834013991
2019-02-21,0.0
2019-02-22,0.0
2019-02-23,0.0
2019-02-24,0.0
2019-02-25,3.074671326658211
2019-02-26,1.7097132129443664
2019-02-27,3.222420215606691
2019-02-28,3.0421011544562684
2019-03-01,0.0
2019-03-02,1.3297463647417125
2019-03-03,0.0
2019-03-04,5.484412435492553
2019-03-05,0.0
2019-03-06,0.0
2019-03-07,0.0
2019-03-08,0.0
2019-03-09,0.0
2019-03-10,0.0
2019-03-11,0.0
2019-03-12,0.0
2019-03-13,0.0
2019-03-14,0.0
2019-03-15,0.0
2019-03-16,0.0
2019-03-17,0.0
2019-03-18,5.7140488681962385
2019-03-19,1.6690869300147977
2019-03-20,1.869489236357245
2019-03-21,4.740736275206549
2019-03-22,1.5053865712236718
2019-03-23,0.0
2019-03-24,0.0
2019-03-25,0.0
2019-03-26,0.0
2019-03-27,0.6605132254394327
2019-03-28,0.0
2019-03-29,0.0
2019-03-30,0.0
2019-03-31,0.0
2019-04-01,2.5172078883829156
2019-04-02,0.0
2019-04-03,0.0
2019-04-04,0.0
2019-04-05,3.953110577035192
2019-04-06,0.0
2019-04-07,7.0289825199020886
2019-04-08,0.34196905187658366
2019-04-09,23.508696466684356
2019-04-10,21.115853883527436
2019-04-11,8.127640548992801
2019-04-12,0.0
2019-04-13,1.4461240926505752
2019-04-14,5.924055667845787
2019-04-15,10.023388087145385
2019-04-16,0.0
2019-04-17,0.0
2019-04-18,0.2674244465054693
2019-04-19,10.922940743130608
2019-04-20,10.969709690559556
2019-04-21,0.3125898317257699
2019-04-22,3.2100808814772086
2019-04-23,0.4062824612798019
2019-04-24,0.03206825082039311
2019-04-25,0.02938668897715272
2019-04-26,0.0
2019-04-27,0.0
2019-04-28,0.0
2019-04-29,3.719595707248193
2019-04-30,3.6654693991751293
2019-05-01,4.062545564428375
2019-05-02,0.16334634173560791
2019-05-03,6.728811781551389
2019-05-04,13.766630560763788
2019-05-05,5.577544670350649
2019-05-06,12.017034510905681
2019-05-07,57.06595372509313
2019-05-08,34.83849299437291
2019-05-09,24.270316361575517
2019-05-10,34.64039270700636
2019-05-11,11.038682121481447
2019-05-12,14.476264735734143
2019-05-13,4.36165297756324
2019-05-14,12.32808658440371
2019-05-15,7.255137341650756
2019-05-16,32.14920023325328
2019-05-17,19.646413886869283
2019-05-18,29.95926387728873
2019-05-19,32.14920023325328
2019-05-20,10.641308985046441
2019-05-21,18.664453645815726
2019-05-22,22.49380454340497
2019-05-23,1.0960271622280822
2019-05-24,6.495935875620393
2019-05-25,2.951736588131738
2019-05-26,0.25543768160246516
2019-05-27,17.855324555087744
2019-05-28,22.60399071388954
2019-05-29,11.096082360156489
2019-05-30,11.906804132501826
2019-05-31,14.569496148341413
2019-06-01,5.007544844033753
2019-06-02,8.17631351464504
2019-06-03,2.694522767252214
2019-06-04,0.0
2019-06-05,5.6269999209892125
2019-06-06,9.586428083882144
2019-06-07,15.678822974095482
2019-06-08,4.592999343735142
2019-06-09,6.3696762973795105
2019-06-10,14.87993711555327
2019-06-11,15.44833117562372
2019-06-12,29.937643171162225
2019-06-13,17.415756952520972
2019-06-14,20.04980330370569
2019-06-15,9.844294874853382
2019-06-16,0.8120003906456204
2019-06-17,0.0
2019-06-18,0.0
2019-06-19,4.633983305479226
2019-06-20,27.742129807536667
2019-06-21,19.29847346125422
2019-06-22,6.363511559528274
2019-06-23,20.442469679826015
2019-06-24,21.27065685109513
2019-06-25,0.0
2019-06-26,2.6981877391604163
2019-06-27,0.0
2019-06-28,7.314473606243329
2019-06-29,6.712980038410911
2019-06-30,1.189146591904196
2019-07-01,4.715510950902026
2019-07-02,9.92810045665986
2019-07-03,0.0
2019-07-04,0.0
2019-07-05,0.0
2019-07-06,6.404411603872843
2019-07-07,25.800247788429267
2019-07-08,45.985165468744334
2019-07-09,11.471129611134533
2019-07-10,25.22221586349849
2019-07-11,6.681031553326427
2019-07-12,18.33130148375357
2019-07-13,2.148202487745801
2019-07-14,18.371967315271103
2019-07-15,11.572867415241294
2019-07-16,19.4054982662201
2019-07-17,0.0
2019-07-18,9.479510601509265
2019-07-19,9.038279561778985
2019-07-20,0.0
2019-07-21,6.396017765072554
2019-07-22,30.667751741570388
2019-07-23,24.487553256186292
2019-07-24,18.053813382983215
2019-07-25,31.213837773413278
2019-07-26,10.811100414274513
2019-07-27,0.0
2019-07-28,0.0
2019-07-29,0.9416578224784622
2019-07-30,0.03558490928765891
2019-07-31,0.0
2019-08-01,0.0
2019-08-02,7.588674827504
2019-08-03,14.408166100447248
2019-08-04,9.885648322266507
2019-08-05,0.035375198399698424
2019-08-06,7.625513570131486
2019-08-07,18.119507708259533
2019-08-08,1.956772438779072
2019-08-09,0.0
2019-08-10,6.078054298218846
2019-08-11,16.16324403962574
2019-08-12,9.93332835830547
2019-08-13,25.900762563621686
2019-08-14,32.78744554680748
2019-08-15,12.305511260556214
2019-08-16,2.4099437276253837
2019-08-17,8.647256767427603
2019-08-18,1.8387480507025853
2019-08-19,6.2373301042495575
2019-08-20,9.361695703622457
2019-08-21,10.589108783651048
2019-08-22,0.9656318398947654
2019-08-23,0.0
2019-08-24,2.2495411614308494
2019-08-25,9.915894588103168
2019-08-26,9.69768013362144
2019-08-27,0.0
2019-08-28,8.985246234850306
2019-08-29,28.937610622998847
2019-08-30,0.0
2019-08-31,10.56246022336387
2019-09-01,25.551574398536946
2019-09-02,8.517191425167228
2019-09-03,6.677194701457348
2019-09-04,0.0
2019-09-05,46.703186861566614
2019-09-06,0.0
2019-09-07,19.31704974416141
2019-09-08,4.008585590667822
2019-09-09,1.768086631656499
2019-09-10,6.417030928807486
2019-09-11,0.6506000008132009
2019-09-12,14.46353015585526
2019-09-13,7.8138579174473515
2019-09-14,0.0
2019-09-15,12.707847483657508
2019-09-16,5.215015455274971
2019-09-17,0.23342684716791726
2019-09-18,23.325373279081816
2019-09-19,30.18996242333104
2019-09-20,22.08588066173567
2019-09-21,21.26956502690509
2019-09-22,7.706090474249544
2019-09-23,21.313080827126637
2019-09-24,7.224408241542613
2019-09-25,10.748900353505807
2019-09-26,5.666928308638368
2019-09-27,4.8415199361137455
2019-09-28,6.047108834559048
2019-09-29,6.222567555368753
2019-09-30,8.697233866799523
2019-10-01,3.1552878004070886
2019-10-02,4.691857088860629
2019-10-03,1.527529881814042
2019-10-04,11.986889128346705
2019-10-05,9.728534046057112
2019-10-06,15.898015768141367
2019-10-07,13.10002815159592
2019-10-08,10.043771340637598
2019-10-09,16.250938112671317
2019-10-10,21.24441993478183
2019-10-11,12.340366389300376
2019-10-12,13.506744661443946
2019-10-13,13.305981486633021
2019-10-14,23.508650902960756
2019-10-15,23.203127005615755
2019-10-16,0.0
2019-10-17,28.492570211758494
2019-10-18,43.75411086791272
2019-10-19,26.46544307309229
2019-10-20,19.40343256576642
2019-10-21,12.160104609019053
2019-10-22,44.42087201572755
2019-10-23,37.55451014315761
2019-10-24,16.36126192397363
2019-10-25,17.500326256897004
2019-10-26,3.1914087215790885
2019-10-27,9.373196806053862
2019-10-28,21.95908662515718
2019-10-29,17.17326881555287
2019-10-30,43.27548668432881
2019-10-31,5.272262256693197
2019-11-01,15.230859082292868
2019-11-02,5.698794114025864
2019-11-03,5.698794114025864
2019-11-04,5.698794114025864
2019-11-05,2.9155635761248107
2019-11-06,6.112999748136548
2019-11-07,5.789171826597809
2019-11-08,7.112150623186216
2019-11-09,11.782814391158727
2019-11-10,16.096959303762468
2019-11-11,23.738839803112523
2019-11-12,2.609479196470332
2019-11-13,6.508562523569612
2019-11-14,8.952414372684185
2019-11-15,9.82778937752183
2019-11-16,12.289822568361828
2019-11-17,3.686819929528882
2019-11-18,1.4854618141780032
2019-11-19,9.484445546929905
2019-11-20,10.153728671170573
2019-11-21,0.0
2019-11-22,0.0
2019-11-23,0.0
2019-11-24,0.0
2019-11-25,0.0
2019-11-26,0.0
2019-11-27,4.591140142163717
2019-11-28,15.95287579781301
2019-11-29,4.126426653483431
2019-11-30,0.0
2019-12-01,0.0
2019-12-02,0.0
2019-12-03,0.0
2019-12-04,0.03745111480757998
2019-12-05,0.0
2019-12-06,3.068734811266533
2019-12-07,5.0954901048460535
2019-12-08,1.603617325978908
2019-12-09,0.0
2019-12-10,1.343391901838619
2019-12-11,7.730196105366622
2019-12-12,10.45062722587908
2019-12-13,0.57638447550503
2019-12-14,2.8819955435354974
2019-12-15,0.0
2019-12-16,1.3222633423031993
2019-12-17,11.177530434888766
2019-12-18,25.452203558908927
2019-12-19,7.182372183413119
2019-12-20,0.0
2019-12-21,6.392617550703723
2019-12-22,3.3413874905657135
2019-12-23,7.273100650189699
2019-12-24,0.0
2019-12-25,0.10105964249453031
2019-12-26,0.0
2019-12-27,4.467113831558744
2019-12-28,5.992696249807206
2019-12-29,5.293314827052325
2019-12-30,2.1562252753489735
2019-12-31,14.518160164356235
2020-01-01,5.905705247376418
2020-01-02,8.254601666150062
2020-01-03,1.8221284442052654
2020-01-04,0.0
2020-01-05,0.0
2020-01-06,0.0
2020-01-07,0.0
2020-01-08,0.0
2020-01-09,0.0
2020-01-10,0.0
2020-01-11,0.0
2020-01-12,0.0
2020-01-13,0.0
2020-01-14,0.0
2020-01-15,0.0
2020-01-16,0.0
2020-01-17,0.0
2020-01-18,0.0
2020-01-19,0.0
2020-01-20,20.9925547765719
2020-01-21,30.303628129733582
2020-01-22,3.371126451000975
2020-01-23,0.7273528745045535
2020-01-24,0.021087141254463718
2020-01-25,0.0
2020-01-26,28.195169812521428
2020-01-27,0.7121430659616317
2020-01-28,35.74735466692899
2020-01-29,0.7121430659616317
2020-01-30,0.0
2020-01-31,0.0
2020-02-01,0.0
2020-02-02,2.8746276196797154
2020-02-03,0.0
2020-02-04,0.0
2020-02-05,4.138624529983547
2020-02-06,0.0
2020-02-07,0.0
2020-02-08,0.21439502267418686
2020-02-09,0.0
2020-02-10,0.0
2020-02-11,0.0
2020-02-12,0.0
2020-02-13,0.0
2020-02-14,0.0
2020-02-15,0.3657706383917784
2020-02-16,0.0
2020-02-17,0.0
2020-02-18,0.0
2020-02-19,0.0
2020-02-20,0.0
2020-02-21,0.0
2020-02-22,4.544431351729342
2020-02-23,0.0
2020-02-24,0.0
2020-02-25,1.9252086309967822
2020-02-26,2.547275528915831
2020-02-27,0.0
2020-02-28,0.0
2020-02-29,0.0
2020-03-01,3.2201738368619144
2020-03-02,0.0
2020-03-03,0.0
2020-03-04,0.0
2020-03-05,0.0
2020-03-06,0.0
2020-03-07,0.0
2020-03-08,0.45572033051300703
2020-03-09,0.0
2020-03-10,0.0
2020-03-11,0.0
2020-03-12,0.0
2020-03-13,0.0
2020-03-14,0.0
2020-03-15,0.0
2020-03-16,0.0
2020-03-17,0.0
2020-03-18,0.0
2020-03-19,0.35003435289537593
2020-03-20,0.0
2020-03-21,0.13451310287456258
2020-03-22,0.0
2020-03-23,0.0
2020-03-24,0.0
2020-03-25,0.0
2020-03-26,0.0
2020-03-27,0.0
2020-03-28,0.0
2020-03-29,0.0
2020-03-30,2.126599670664685
2020-03-31,7.0488122106605315
2020-04-01,4.30679154818928
2020-04-02,26.898700315404593
2020-04-03,0.4684490166805887
2020-04-04,0.0
2020-04-05,0.0
2020-04-06,0.0
2020-04-07,0.0
2020-04-08,0.0
2020-04-09,0.0
2020-04-10,0.1677548454419987
2020-04-11,1.1507130645819617
2020-04-12,5.990215877322734
2020-04-13,16.385591046431585
2020-04-14,10.113962743733383
2020-04-15,0.0
2020-04-16,0.8421114935866888
2020-04-17,0.0
2020-04-18,0.0
2020-04-19,0.0
2020-04-20,0.26243090891354803
2020-04-21,4.715308410090372
2020-04-22,4.433565591738838
2020-04-23,5.014147556311378
2020-04-24,4.806800465124687
2020-04-25,9.613600930249374
2020-04-26,0.022393247565707652
2020-04-27,5.918470716758355
2020-04-28,3.396372132406042
2020-04-29,5.8482297328678365
2020-04-30,11.089135458541882
2020-05-01,15.620634281353379
2020-05-02,1.1504361327435524
2020-05-03,0.0
2020-05-04,17.085463463253273
2020-05-05,18.640846508983024
2020-05-06,22.4508286952167
2020-05-07,0.0
2020-05-08,3.0014356342521884
2020-05-09,11.082865730330754
2020-05-10,18.637869953706463
2020-05-11,32.12287845804886
2020-05-12,16.390356549540087
2020-05-13,14.207093612567808
2020-05-14,6.4987899350958935
2020-05-15,0.0
2020-05-16,2.5325608058152977
2020-05-17,7.31846377032029
2020-05-18,15.29093449059371
2020-05-19,9.792934654733623
2020-05-20,14.032034025401689
2020-05-21,3.4991706094226327
2020-05-22,6.132644887711553
2020-05-23,2.1409781095445974
2020-05-24,1.495367654976813
2020-05-25,4.916800617366226
2020-05-26,33.04348600796753
2020-05-27,23.69293822146751
2020-05-28,15.764080709299533
2020-05-29,35.011349297053115
2020-05-30,23.223383753686342
2020-05-31,22.421153741511148
2020-06-01,10.9626418102432
2020-06-02,5.862772544493548
2020-06-03,4.84522119164467
2020-06-04,3.7349155553289375
2020-06-05,4.0398108067142005
2020-06-06,17.603422400516443
2020-06-07,21.487002839913245
2020-06-08,2.9304712368427106
2020-06-09,42.42553296604674
2020-06-10,21.473893988374126
2020-06-11,12.13848381751293
2020-06-12,8.243635223523992
2020-06-13,9.052565084115884
2020-06-14,7.619813318389495
2020-06-15,5.1318825104752115
2020-06-16,6.801801015799112
2020-06-17,7.740946828916267
2020-06-18,28.30082857850436
2020-06-19,0.2810274298126634
2020-06-20,23.920757437074517
2020-06-21,14.622942811331239
2020-06-22,9.479034617744592
2020-06-23,21.690470859005647
2020-06-24,15.556183612427201
2020-06-25,3.941971550922137
2020-06-26,7.5771316259696695
2020-06-27,14.092183970519015
2020-06-28,24.624836253153312
2020-06-29,6.9055989402774225
2020-06-30,14.319560281328254
2020-07-01,10.2357361328763
2020-07-02,4.388777498055151
2020-07-03,19.779421844192463
2020-07-04,20.4714722657526
2020-07-05,1.5833692021063859
2020-07-06,0.0
2020-07-07,0.0
2020-07-08,20.691001869738102
2020-07-09,8.194121675918234
2020-07-10,15.743413789449514
2020-07-11,9.131845455918768
2020-07-12,0.0
2020-07-13,11.052636723260628
2020-07-14,3.70835870605063
2020-07-15,2.4468242221990155
2020-07-16,0.019456677022980012
2020-07-17,0.694680771098246
2020-07-18,7.709775990932376
2020-07-19,12.631226027334066
2020-07-20,21.758215962229556
2020-07-21,16.90614562179592
2020-07-22,8.416338444561575
2020-07-23,22.123096292486068
2020-07-24,3.436542266728106
2020-07-25,13.028555541223776
2020-07-26,31.460069451783163
2020-07-27,31.768298355308758
2020-07-28,31.53632509708406
2020-07-29,6.485309529948881
2020-07-30,1.7334250127141544
2020-07-31,0.0
2020-08-01,0.0
2020-08-02,4.66085034266517
2020-08-03,7.683570347323613
2020-08-04,10.290215809200262
2020-08-05,8.16267127664508
2020-08-06,17.615463960815124
2020-08-07,5.537440122986164
2020-08-08,0.0
2020-08-09,23.819833636686614
2020-08-10,12.630590424344353
2020-08-11,20.237964388486507
2020-08-12,42.46880402194488
2020-08-13,12.566737227343229
2020-08-14,39.08658480483133
2020-08-15,26.39014334211479
2020-08-16,15.444976177972721
2020-08-17,7.736979735260078
2020-08-18,1.291202037318333
2020-08-19,23.439664717864357
2020-08-20,1.4767008474147003
2020-08-21,3.4296057428661246
2020-08-22,3.559754927818841
2020-08-23,2.949629223930676
2020-08-24,2.949629223930676
2020-08-25,11.917556344657335
2020-08-26,22.470330439709333
2020-08-27,6.458733733441381
2020-08-28,20.997359600824286
2020-08-29,34.103007538093124
2020-08-30,19.643335412080226
2020-08-31,0.34067957787900366
2020-09-01,3.252666391432286
2020-09-02,5.21778315648034
2020-09-03,9.205274505792438
2020-09-04,9.013495529020158
2020-09-05,2.85128195543547
2020-09-06,11.487640110222074
2020-09-07,12.72647306725786
2020-09-08,9.505034290052754
2020-09-09,3.520469929519538
2020-09-10,0.0
2020-09-11,6.068378533865958
2020-09-12,8.591367339362973
2020-09-13,17.733884437664138
2020-09-14,7.98246436485568
2020-09-15,22.22107452154161
2020-09-16,21.791463074651936
2020-09-17,41.590310022637674
2020-09-18,32.46770385874286
2020-09-19,30.04458229445123
2020-09-20,34.17689040705965
2020-09-21,4.809269674323701
2020-09-22,19.496473974472774
2020-09-23,5.262323686601344
2020-09-24,9.70651586373916
2020-09-25,10.298164545482884
2020-09-26,7.138270542428303
2020-09-27,34.59352454301474
2020-09-28,38.90716392446209
2020-09-29,36.71110440428193
2020-09-30,70.08361184597017
2020-10-01,9.961071305379674
2020-10-02,6.409307006746533
2020-10-03,9.91674580908305
2020-10-04,7.331011550349966
2020-10-05,16.19721336823863
2020-10-06,17.36947974965379
2020-10-07,6.988888413116739
2020-10-08,15.148533328562175
2020-10-09,12.930962262725512
2020-10-10,6.379047456625347
2020-10-11,19.495070750648917
2020-10-12,19.82387800152238
2020-10-13,60.435411694887506
2020-10-14,33.45864247873024
2020-10-15,3.8903252546851705
2020-10-16,0.0
2020-10-17,4.111691215352433
2020-10-18,10.125181502184352
2020-10-19,15.660911393326684
2020-10-20,6.959693319692806
2020-10-21,42.264886794058064
2020-10-22,0.0
2020-10-23,51.262694577107574
2020-10-24,37.83852594285399
2020-10-25,23.976750238521692
2020-10-26,8.2236527446154
2020-10-27,12.16173682341705
2020-10-28,7.002047034735617
2020-10-29,5.1432222046360785
2020-10-30,8.597933675187669
2020-10-31,20.004801365974792
2020-11-01,46.82194359318632
2020-11-02,63.2631948106998
2020-11-03,13.859041916357508
2020-11-04,19.643051840969036
2020-11-05,0.0
2020-11-06,0.0
2020-11-07,0.0
2020-11-08,0.0
2020-11-09,8.65368604821128
2020-11-10,62.327033220110735
2020-11-11,21.663444857742338
2020-11-12,7.3840287631830686
2020-11-13,10.438262006519615
2020-11-14,21.738396746081285
2020-11-15,14.571858006554683
2020-11-16,3.1297538216049614
2020-11-17,6.477527978049745
2020-11-18,12.30335714466669
2020-11-19,19.231516983863475
2020-11-20,20.60564441193601
2020-11-21,37.172102112222376
2020-11-22,14.559016452447791
2020-11-23,0.0
2020-11-24,0.0
2020-11-25,0.2139018157849441
2020-11-26,4.3884434107993116
2020-11-27,2.2729300552526044
2020-11-28,3.8672488766747573
2020-11-29,7.045991793677616
2020-11-30,13.496508455357041
2020-12-01,17.91723053197604
2020-12-02,52.58371736230079
2020-12-03,12.51736775926642
2020-12-04,44.40472552824667
2020-12-05,1.061557732723855
2020-12-06,0.0
2020-12-07,0.0
2020-12-08,0.0
2020-12-09,0.0
2020-12-10,0.0
2020-12-11,0.0
2020-12-12,0.0
2020-12-13,0.0
2020-12-14,0.0
2020-12-15,0.0
2020-12-16,0.0
2020-12-17,0.0
2020-12-18,0.0
2020-12-19,0.0
2020-12-20,0.0
2020-12-21,0.0
2020-12-22,0.0
2020-12-23,0.0
2020-12-24,0.0
2020-12-25,0.0
2020-12-26,0.0
2020-12-27,16.431895779999532
2020-12-28,5.047414170527782
2020-12-29,18.44179693730297
2020-12-30,17.344991809210264
2020-12-31,0.0
2021-01-01,0.0
2021-01-02,0.0
2021-01-03,0.0
2021-01-04,2.9437821937372566
2021-01-05,0.0
2021-01-06,0.0
2021-01-07,0.0
2021-01-08,0.0
2021-01-09,0.0
2021-01-10,0.0
2021-01-11,3.2294780243490204
2021-01-12,0.6420382365987108
2021-01-13,0.0
2021-01-14,0.0
2021-01-15,24.418347672836212
2021-01-16,14.976575049596866
2021-01-17,0.0
2021-01-18,0.0
2021-01-19,0.0
2021-01-20,0.0
2021-01-21,0.0
2021-01-22,0.014633912895176866
2021-01-23,0.0
2021-01-24,0.0
2021-01-25,0.0
2021-01-26,0.0
2021-01-27,0.0
2021-01-28,0.0
2021-01-29,0.0
2021-01-30,0.0
2021-01-31,0.0
2021-02-01,0.0
2021-02-02,0.0
2021-02-03,0.0
2021-02-04,0.0
2021-02-05,0.0
2021-02-06,0.0
2021-02-07,0.0
2021-02-08,0.0
2021-02-09,0.0
2021-02-10,0.0
2021-02-11,0.0
2021-02-12,0.0
2021-02-13,0.0
2021-02-14,1.362876233216879
2021-02-15,0.0
2021-02-16,40.29638033541474
2021-02-17,16.009358829743157
2021-02-18,0.0
2021-02-19,25.69509416415885
2021-02-20,2.0562215544082028
2021-02-21,0.24383053304375837
2021-02-22,0.0
2021-02-23,0.0
2021-02-24,0.0
2021-02-25,0.0
2021-02-26,0.0
2021-02-27,0.0
2021-02-28,0.0
2021-03-01,0.0
2021-03-02,0.0
2021-03-03,0.0
2021-03-04,0.0
2021-03-05,0.0
2021-03-06,0.0
2021-03-07,0.0
2021-03-08,0.0
2021-03-09,0.7413344955122151
2021-03-10,0.0
2021-03-11,0.0
2021-03-12,0.0
2021-03-13,0.0
2021-03-14,0.0
2021-03-15,7.6839432567358035
2021-03-16,0.0
2021-03-17,0.0
2021-03-18,22.98349824386674
2021-03-19,46.195748959038724
2021-03-20,0.0
2021-03-21,0.0
2021-03-22,0.1956178626498661
2021-03-23,6.934786194079633
2021-03-24,0.0
2021-03-25,0.0
2021-03-26,0.0
2021-03-27,0.0
2021-03-28,0.0
2021-03-29,0.0
2021-03-30,0.3081764764076955
2021-03-31,0.0
2021-04-01,0.0
2021-04-02,0.6888263362485012
2021-04-03,0.0
2021-04-04,0.0
2021-04-05,0.37049478091098176
2021-04-06,0.0
2021-04-07,5.786293769204941
2021-04-08,33.37455119635608
2021-04-09,25.90353656862234
2021-04-10,4.432792393541015
2021-04-11,0.0
2021-04-12,0.0
2021-04-13,1.7885855734348302
2021-04-14,23.05707309616579
2021-04-15,63.516458889922596
2021-04-16,22.986933189066686
2021-04-17,35.03809077916919
2021-04-18,33.40135413327733
2021-04-19,20.853701840784108
2021-04-20,52.95803854836001
2021-04-21,1.7189964003659588
2021-04-22,0.0
2021-04-23,0.0
2021-04-24,0.0
2021-04-25,0.0
2021-04-26,0.0
2021-04-27,6.791627390964613
2021-04-28,1.656344191448109
2021-04-29,16.91540288280797
2021-04-30,28.06431845797076
2021-05-01,2.9209402034411567
2021-05-02,24.251548133991864
2021-05-03,31.856975068111684
2021-05-04,42.27926742708362
2021-05-05,29.301127914641363
2021-05-06,5.648580253526973
2021-05-07,5.563480074643285
2021-05-08,5.023970102438251
2021-05-09,0.0
2021-05-10,3.466272493371288
2021-05-11,6.399176433078343
2021-05-12,18.921351595504866
2021-05-13,6.257825189546961
2021-05-14,0.819582717644202
2021-05-15,10.879977825727016
2021-05-16,4.860563054982876
2021-05-17,1.5520163072726216
2021-05-18,6.485323179009801
2021-05-19,6.417684907446039
2021-05-20,0.0
2021-05-21,5.914983123540879
2021-05-22,9.504892344208992
2021-05-23,21.132917613596536
2021-05-24,11.974471166327195
2021-05-25,5.9872355831635975
2021-05-26,15.086569692234743
2021-05-27,59.635335944794335
2021-05-28,25.39463480259922
2021-05-29,14.511220519204404
2021-05-30,16.062140520762757
2021-05-31,0.0
2021-06-01,0.0
2021-06-02,0.12904579121921517
2021-06-03,5.5999218665466115
2021-06-04,2.8720321243477844
2021-06-05,1.7042542451338194
2021-06-06,17.28876690365173
2021-06-07,30.477316308665934
2021-06-08,46.45119726980056
2021-06-09,30.11876208234478
2021-06-10,22.313336158120965
2021-06-11,21.6984497755766
2021-06-12,17.188630922823346
2021-06-13,12.993934239487391
2021-06-14,26.737605754588113
2021-06-15,11.399213717998691
2021-06-16,6.987667447006382
2021-06-17,4.191745215976561
2021-06-18,12.632050165050742
2021-06-19,7.943119619343737
2021-06-20,22.127690300345428
2021-06-21,38.975603376691424
2021-06-22,0.5159345567226411
2021-06-23,12.790379980931414
2021-06-24,7.866878682495778
2021-06-25,18.66529785418833
2021-06-26,0.0
2021-06-27,9.61404338901913
2021-06-28,16.336127168423424
2021-06-29,11.989473491303025
2021-06-30,15.104820871675344
2021-07-01,21.562145544870486
2021-07-02,9.858308476773473
2021-07-03,22.503314768543117
2021-07-04,15.339337778252526
2021-07-05,9.858308476773473
2021-07-06,0.38122131353294536
2021-07-07,8.14395456157021
2021-07-08,2.091870406491531
2021-07-09,8.236030027874424
2021-07-10,4.335446988509315
2021-07-11,11.689075680197899
2021-07-12,20.32849578720493
2021-07-13,26.622366481536147
2021-07-14,26.622366481536147
2021-07-15,6.541943924249832
2021-07-16,3.7824374489687598
2021-07-17,7.053818121955204
2021-07-18,15.456055675809452
2021-07-19,8.315214568497364
2021-07-20,0.0
2021-07-21,10.32115021750734
2021-07-22,14.539965997676596
2021-07-23,25.916482930650588
2021-07-24,53.94549207268536
2021-07-25,45.94214845831331
2021-07-26,1.5533879350971536
2021-07-27,27.108700660434938
2021-07-28,5.7437470690221435
2021-07-29,13.103602754304546
2021-07-30,26.64368716043396
2021-07-31,0.0
2021-08-01,9.3596191039762
2021-08-02,32.35973174427007
2021-08-03,17.277026991787803
2021-08-04,8.047789581120016
2021-08-05,0.2479089685791248
2021-08-06,18.044766820765837
2021-08-07,17.28918083857846
2021-08-08,11.512191108755166
2021-08-09,5.384707408982355
2021-08-10,10.402628849688414
2021-08-11,22.84255178715733
2021-08-12,4.456812586333302
2021-08-13,29.941872802940587
2021-08-14,17.114840453138225
2021-08-15,17.528629200684062
2021-08-16,16.388077285241444
2021-08-17,48.20479857921603
2021-08-18,12.606398990830861
2021-08-19,31.122370758572153
2021-08-20,40.910225085310046
2021-08-21,31.440285672207146
2021-08-22,20.044636637777902
2021-08-23,16.035095209608215
2021-08-24,20.735578896226116
2021-08-25,43.327537299813464
2021-08-26,25.185427184845956
2021-08-27,32.27070206081546
2021-08-28,11.116678381892475
2021-08-29,13.770227745376731
2021-08-30,15.15920389826234
2021-08-31,7.607554486675846
2021-09-01,0.0
2021-09-02,0.0
2021-09-03,22.16276635753142
2021-09-04,25.58652620299443
2021-09-05,8.300903301182634
2021-09-06,8.735727580817972
2021-09-07,13.804850176983592
2021-09-08,4.075343541398242
2021-09-09,16.40998690233038
2021-09-10,8.931125295323294
2021-09-11,14.619731900458401
2021-09-12,9.159664368508638
2021-09-13,15.008427590534493
2021-09-14,7.090351916044148
2021-09-15,11.149221782144668
2021-09-16,51.3155324386584
2021-09-17,14.679818274201578
2021-09-18,63.49682417270302
2021-09-19,24.684387532440404
2021-09-20,32.384263599241116
2021-09-21,8.264240688971574
2021-09-22,10.956317113460726
2021-09-23,24.187897169912194
2021-09-24,16.460790483935465
2021-09-25,8.264240688971574
2021-09-26,18.49741532029333
2021-09-27,15.878428896939436
2021-09-28,33.80728143534146
2021-09-29,48.143808416418146
2021-09-30,15.878428896939436
2021-10-01,10.994756284195027
2021-10-02,12.538688294388155
2021-10-03,21.485315087276543
2021-10-04,17.86463550639314
2021-10-05,22.025550343297628
2021-10-06,5.422183174941994
2021-10-07,36.852019525863035
2021-10-08,22.56329082798314
2021-10-09,23.85967179085758
2021-10-10,21.88691957375488
2021-10-11,19.630045337854206
2021-10-12,12.749783414441188
2021-10-13,13.939326761944876
2021-10-14,16.508951045371393
2021-10-15,27.354131391725037
2021-10-16,64.07801149986886
2021-10-17,38.82580385659194
2021-10-18,19.958093319390276
2021-10-19,33.688931319359206
2021-10-20,13.3726473772848
2021-10-21,0.2533726599570868
2021-10-22,13.554054652919644
2021-10-23,7.783888899192618
2021-10-24,0.0
2021-10-25,2.9811324471154736
2021-10-26,0.1889168481166299
2021-10-27,0.20201836788171051
2021-10-28,1.003863684631683
2021-10-29,21.749706610634526
2021-10-30,14.543119320192858
2021-10-31,14.497736037180236
2021-11-01,31.549118434255202
2021-11-02,37.16793648375048
2021-11-03,20.26521246417149
2021-11-04,18.392737917803434
2021-11-05,27.219726577803904
2021-11-06,9.880241627427374
2021-11-07,12.09642483737018
2021-11-08,1.2182132952116633
2021-11-09,13.394138135015966
2021-11-10,2.0747557632826474
2021-11-11,15.7537946052648
2021-11-12,0.0
2021-11-13,0.0
2021-11-14,0.0
2021-11-15,0.0
2021-11-16,1.5170058545631337
2021-11-17,0.7220283476887525
2021-11-18,4.048398832614359
2021-11-19,0.0
2021-11-20,0.0
2021-11-21,3.1550122681703128
2021-11-22,8.45808411288906
2021-11-23,35.255561689267296
2021-11-24,0.0
2021-11-25,2.8889090283899708
2021-11-26,22.002034851022678
2021-11-27,0.0
2021-11-28,1.8098266378447823
2021-11-29,7.198978561001858
2021-11-30,15.42923188853909
2021-12-01,4.061223002805099
2021-12-02,1.2829400922196945
2021-12-03,0.0
2021-12-04,0.0
2021-12-05,1.9433034811470962
2021-12-06,1.398246806416963
2021-12-07,0.0
2021-12-08,0.0
2021-12-09,0.0
2021-12-10,0.0
2021-12-11,0.0
2021-12-12,13.900954350829128
2021-12-13,0.0
2021-12-14,0.0
2021-12-15,7.158047877453471
2021-12-16,0.0
2021-12-17,10.750753309879757
2021-12-18,0.0
2021-12-19,6.528685294192387
2021-12-20,9.024495958778507
2021-12-21,40.99720689734898
2021-12-22,0.5036242298177773
2021-12-23,1.7182037910899606
2021-12-24,0.0
2021-12-25,0.0
2021-12-26,0.0
2021-12-27,0.0
2021-12-28,0.0
2021-12-29,0.0
2021-12-30,0.0
2021-12-31,0.0
2022-01-01,0.0
2022-01-02,0.0
2022-01-03,0.0
2022-01-04,0.0
2022-01-05,0.0
2022-01-06,0.0
2022-01-07,0.0
2022-01-08,38.95507243920017
2022-01-09,0.0
2022-01-10,0.0
2022-01-11,0.0
2022-01-12,0.0
2022-01-13,0.0
2022-01-14,0.0
2022-01-15,0.0
2022-01-16,0.0
2022-01-17,0.0
2022-01-18,0.0
2022-01-19,0.0
2022-01-20,0.0
2022-01-21,0.0
2022-01-22,0.0
2022-01-23,0.0
2022-01-24,0.0
2022-01-25,0.0
2022-01-26,0.0
2022-01-27,0.0
2022-01-28,0.0
2022-01-29,0.4290828217525742
2022-01-30,0.0
2022-01-31,0.0
2022-02-01,0.0
2022-02-02,0.0
2022-02-03,0.0
2022-02-04,0.6742232270740176
2022-02-05,0.0
2022-02-06,0.0
2022-02-07,0.0
2022-02-08,0.6599222469974211
2022-02-09,0.0
2022-02-10,0.0
2022-02-11,0.0
2022-02-12,0.0
2022-02-13,0.0
2022-02-14,6.517312301775895
2022-02-15,5.055391520765185
2022-02-16,0.0
2022-02-17,0.044528881641658594
2022-02-18,0.05254080347918177
2022-02-19,0.05722772994556943
2022-02-20,0.0
2022-02-21,0.0
2022-02-22,0.0
2022-02-23,0.0
2022-02-24,0.0
2022-02-25,0.0
2022-02-26,1.2466810352697568
2022-02-27,0.0
2022-02-28,0.0
2022-03-01,0.0
2022-03-02,0.0
2022-03-03,0.0
2022-03-04,0.3083920776844025
2022-03-05,0.0
2022-03-06,0.4304934635355667
2022-03-07,0.0
2022-03-08,0.0
2022-03-09,0.0
2022-03-10,0.0
2022-03-11,0.0
2022-03-12,0.0
2022-03-13,0.0
2022-03-14,0.0
2022-03-15,0.0
2022-03-16,0.0
2022-03-17,0.0
2022-03-18,4.52520092939203
2022-03-19,2.896760539629976
2022-03-20,0.0
2022-03-21,0.0
2022-03-22,0.0
2022-03-23,0.6264103715484209
2022-03-24,0.0
2022-03-25,0.0
2022-03-26,0.0
2022-03-27,0.0
2022-03-28,0.0
2022-03-29,0.0
2022-03-30,19.010007938017722
2022-03-31,0.4198522595940411
2022-04-01,4.835537693186388
2022-04-02,0.0
2022-04-03,2.9057098246506756
2022-04-04,9.872807034165477
2022-04-05,5.966333759495539
2022-04-06,29.01901957795427
2022-04-07,14.355664817868059
2022-04-08,19.157622488366595
2022-04-09,21.17161137509991
2022-04-10,9.292553107883483
2022-04-11,0.0
2022-04-12,0.0
2022-04-13,2.414641920175102
2022-04-14,0.0
2022-04-15,7.956028015831035
2022-04-16,5.938122026823664
2022-04-17,2.30651577139223
2022-04-18,16.705371923140582
2022-04-19,8.636951542786653
2022-04-20,18.969888335144198
2022-04-21,0.0
2022-04-22,9.733890236833615
2022-04-23,0.0
2022-04-24,0.0
2022-04-25,12.418945982850893
2022-04-26,5.820572064132305
2022-04-27,34.015491512981626
2022-04-28,34.60176369265932
2022-04-29,27.58034337855675
2022-04-30,37.85598265077618
2022-05-01,10.453872546553615
2022-05-02,11.050398370704144
2022-05-03,10.197881043762779
2022-05-04,5.268863398481062
2022-05-05,20.274244088176143
2022-05-06,41.89303108888704
2022-05-07,3.214730981233959
2022-05-08,13.89517195019368
2022-05-09,19.811305319940725
2022-05-10,3.6422248464581144
2022-05-11,10.265337908590167
2022-05-12,9.875579637248777
2022-05-13,0.5978830837317417
2022-05-14,6.911674625970225
2022-05-15,20.66559686652712
2022-05-16,19.936689854070956
2022-05-17,42.45763209059433
2022-05-18,25.831982020590768
2022-05-19,15.766408049576993
2022-05-20,17.821354995708212
2022-05-21,7.971436472357933
2022-05-22,8.808646616198727
2022-05-23,8.773285428213107
2022-05-24,8.737154150331344
2022-05-25,9.859578496298276
2022-05-26,8.835628680381424
2022-05-27,8.223359798962205
2022-05-28,2.134372194977226
2022-05-29,4.1969473242155635
2022-05-30,4.34365534268924
2022-05-31,9.35119376754439
2022-06-01,41.25079560924223
2022-06-02,10.07564824698745
2022-06-03,2.000435075244389
2022-06-04,39.50393747477919
2022-06-05,41.90176706861807
2022-06-06,21.817294737777196
2022-06-07,23.34283720560976
2022-06-08,8.895592071720074
2022-06-09,8.66939025634044
2022-06-10,7.979842752218248
2022-06-11,23.693877824254944
2022-06-12,62.69761303631036
2022-06-13,9.458564391812766
2022-06-14,60.591366663172444
2022-06-15,8.354657939156972
2022-06-16,6.696545965969564
2022-06-17,13.990645666782926
2022-06-18,14.190052981312215
2022-06-19,97.00299077420622
2022-06-20,10.082976773985338
2022-06-21,29.226738916055584
2022-06-22,11.449800236402336
2022-06-23,7.720943177269926
2022-06-24,13.780911980045811
2022-06-25,6.693862014122914
2022-06-26,27.189334125534916
2022-06-27,28.20536882128265
2022-06-28,27.586596878799245
2022-06-29,14.492116395283395
2022-06-30,5.940520469401336
2022-07-01,5.110944926033957
2022-07-02,3.6743796177812538
2022-07-03,13.87042132825465
2022-07-04,4.514676531223029
2022-07-05,2.063735099358334
2022-07-06,11.747977221737038
2022-07-07,19.017599031329155
2022-07-08,0.0
2022-07-09,11.926147086596167
2022-07-10,9.362654998294406
2022-07-11,10.007877600756856
2022-07-12,22.371919314603563
2022-07-13,14.506513957639001
2022-07-14,24.058494700773355
2022-07-15,17.362418677758534
2022-07-16,0.0
2022-07-17,0.0
2022-07-18,0.0
2022-07-19,10.963175612124239
2022-07-20,25.748399479163663
2022-07-21,37.66749845968712
2022-07-22,50.66655872802478
2022-07-23,50.43373155110593
2022-07-24,5.600448874605671
2022-07-25,11.127391528036146
2022-07-26,23.555787993846717
2022-07-27,13.118839072617327
2022-07-28,16.257617320966077
2022-07-29,2.3004629092442035
2022-07-30,0.0
2022-07-31,1.5872828171059898
2022-08-01,5.883210844486149
2022-08-02,13.625859499380399
2022-08-03,8.350373744964603
2022-08-04,18.498912348135104
2022-08-05,21.195310578152945
2022-08-06,42.90501013639812
2022-08-07,45.9292220312196
2022-08-08,23.021577198763158
2022-08-09,5.514185423786577
2022-08-10,27.046855571302217
2022-08-11,2.1299559765973615
2022-08-12,18.445270839776544
2022-08-13,17.153847863948027
2022-08-14,26.585123789471556
2022-08-15,9.105429200908624
2022-08-16,0.0
2022-08-17,0.0
2022-08-18,4.136635211673944
2022-08-19,22.25463751602818
2022-08-20,34.12334814345516
2022-08-21,11.378607024212144
2022-08-22,19.198585142154954
2022-08-23,34.189104118862666
2022-08-24,17.97212646498874
2022-08-25,23.43899067954438
2022-08-26,8.659758347715885
2022-08-27,9.061457167807466
2022-08-28,25.740527431707136
2022-08-29,21.21087159417772
2022-08-30,18.148999634626758
2022-08-31,17.26798634110271
2022-09-01,35.673988004794
2022-09-02,22.33811120407002
2022-09-03,26.781235018292
2022-09-04,20.536328279891528
2022-09-05,34.282084820238325
2022-09-06,9.426795953028913
2022-09-07,6.786521540703002
2022-09-08,13.573043081406004
2022-09-09,6.786521540703002
2022-09-10,13.095309146352722
2022-09-11,13.045088691083164
2022-09-12,7.442404821515085
2022-09-13,29.077906017367912
2022-09-14,19.619075275756224
2022-09-15,10.578002567226825
2022-09-16,15.483099051826715
2022-09-17,21.085665089053084
2022-09-18,26.572995173770035
2022-09-19,6.977887187656519
2022-09-20,13.9152011919666
2022-09-21,10.298558158044884
2022-09-22,17.641270105903224
2022-09-23,12.084109312175098
2022-09-24,16.907915164087278
2022-09-25,20.38045203162207
2022-09-26,22.226534635634042
2022-09-27,16.789149854634267
2022-09-28,10.416300113539442
2022-09-29,13.246678075677647
2022-09-30,16.966549736019733
2022-10-01,19.838000476763057
2022-10-02,9.985677077963548
2022-10-03,0.0
2022-10-04,8.25832811481244
2022-10-05,30.654679374920356
2022-10-06,43.9947847772289
2022-10-07,53.406640162339095
2022-10-08,50.36613408214338
2022-10-09,36.21053318075232
2022-10-10,2.6351237732010926
2022-10-11,9.027659399686637
2022-10-12,18.282954458046614
2022-10-13,27.597434735781444
2022-10-14,19.136692212642856
2022-10-15,12.939142962968031
2022-10-16,10.418431923800226
2022-10-17,15.398100105894585
2022-10-18,4.180430901815764
2022-10-19,13.390811723631785
2022-10-20,4.240938376131897
2022-10-21,20.88687598302558
2022-10-22,29.00667626068399
2022-10-23,4.738694992822572
2022-10-24,15.937647297172935
2022-10-25,7.971546910904552
2022-10-26,22.43643732650861
2022-10-27,20.92666176525323
2022-10-28,0.0
2022-10-29,0.0
2022-10-30,0.0
2022-10-31,0.0
2022-11-01,3.6932416107203516
2022-11-02,0.07719906077191639
2022-11-03,16.4925431363486
2022-11-04,5.536852315269614
2022-11-05,26.393604149286823
2022-11-06,15.66622142896459
2022-11-07,0.04544204956776388
2022-11-08,30.42536523897906
2022-11-09,6.703315871390139
2022-11-10,12.782248306113324
2022-11-11,23.947882701819015
2022-11-12,26.8188227995022
2022-11-13,18.641490896005898
2022-11-14,28.711479619145397
2022-11-15,0.0
2022-11-16,5.416834597249291
2022-11-17,0.0
2022-11-18,0.6756341594296534
2022-11-19,9.951491463023268
2022-11-20,1.8134367101498556
2022-11-21,48.457110553174424
2022-11-22,0.0
2022-11-23,0.0
2022-11-24,0.0
2022-11-25,4.278884642027521
2022-11-26,51.54686045163388
2022-11-27,33.05852098078342
2022-11-28,20.63099406780424
2022-11-29,18.48423368544193
2022-11-30,4.203826718233729
2022-12-01,8.480163209744406
2022-12-02,0.0
2022-12-03,0.0
2022-12-04,0.0
2022-12-05,0.0
2022-12-06,0.0
2022-12-07,5.874091459085815
2022-12-08,0.0
2022-12-09,0.0
2022-12-10,0.0
2022-12-11,0.0
2022-12-12,0.0
2022-12-13,0.0
2022-12-14,0.0
2022-12-15,0.0
2022-12-16,6.105147994853358
2022-12-17,9.167760097497222
2022-12-18,2.5079298273131663
2022-12-19,4.640007319482598
2022-12-20,0.0
2022-12-21,0.0
2022-12-22,0.0
2022-12-23,0.0
2022-12-24,0.0
2022-12-25,0.0
2022-12-26,0.0
2022-12-27,1.9465165339611676
2022-12-28,0.0
2022-12-29,10.432135425306656
2022-12-30,4.8310608887994615
2022-12-31,0.0
2023-01-01,1.075293283204775
2023-01-02,15.864938834430406
2023-01-03,1.3188220757890396
2023-01-04,0.0
2023-01-05,0.0
2023-01-06,0.0
2023-01-07,0.0
2023-01-08,0.0
2023-01-09,1.7710487399552324
2023-01-10,13.676788861083022
2023-01-11,0.0
2023-01-12,0.0
2023-01-13,0.0
2023-01-14,0.0
2023-01-15,0.0
2023-01-16,1.401193178183324
2023-01-17,1.4849047121163967
2023-01-18,26.940164839899225
2023-01-19,0.0
2023-01-20,0.0
2023-01-21,0.0
2023-01-22,0.0
2023-01-23,0.0
2023-01-24,0.0
2023-01-25,1.683437106577126
2023-01-26,1.118188662303461
2023-01-27,0.0
2023-01-28,0.0
2023-01-29,0.0
2023-01-30,0.0
2023-01-31,0.0
2023-02-01,0.0
2023-02-02,4.590629676205888
2023-02-03,0.0
2023-02-04,0.0
2023-02-05,0.0
2023-02-06,0.0
2023-02-07,6.371631355805174
2023-02-08,0.0
2023-02-09,0.0
2023-02-10,0.0
2023-02-11,0.0
2023-02-12,0.0
2023-02-13,0.0
2023-02-14,0.0
2023-02-15,0.0
2023-02-16,0.0
2023-02-17,0.0
2023-02-18,0.5117955435369468
2023-02-19,0.1442073627903655
2023-02-20,0.0
2023-02-21,0.0
2023-02-22,0.0
2023-02-23,0.0
2023-02-24,0.0
2023-02-25,1.7415832204593198
2023-02-26,0.0
2023-02-27,0.0
2023-02-28,0.0
2023-03-01,0.0
2023-03-02,0.0
2023-03-03,0.0
2023-03-04,4.033688470318512
2023-03-05,0.0
2023-03-06,5.219451438333539
2023-03-07,13.988088263853182
2023-03-08,24.753381661063926
2023-03-09,0.3664777405761385
2023-03-10,1.796428043093231
2023-03-11,7.44531662842712
2023-03-12,6.543814630524535
2023-03-13,15.083104999484247
2023-03-14,20.451440567503106
2023-03-15,2.933413640470119
2023-03-16,9.181414745345311
2023-03-17,10.670459865315545
2023-03-18,6.7623121305494704
2023-03-19,5.096386615086248
2023-03-20,0.0
2023-03-21,0.0
2023-03-22,0.0
2023-03-23,0.0
2023-03-24,0.0
2023-03-25,0.0
2023-03-26,0.0
2023-03-27,0.0
2023-03-28,0.0
2023-03-29,2.565362703457878
2023-03-30,0.0
2023-03-31,0.0
2023-04-01,0.0
2023-04-02,0.0
2023-04-03,0.0
2023-04-04,0.0
2023-04-05,0.0
2023-04-06,4.625786137339233
2023-04-07,0.0
2023-04-08,1.1443660239110125
2023-04-09,0.0
2023-04-10,0.0
2023-04-11,0.0
2023-04-12,0.0
2023-04-13,4.161761573692029
2023-04-14,1.8858921896364245
2023-04-15,0.0
2023-04-16,0.0
2023-04-17,2.8215763970605434
2023-04-18,0.91274798248668
2023-04-19,3.323932006250364
2023-04-20,0.0
2023-04-21,8.322932128567958
2023-04-22,40.12691781246984
2023-04-23,34.62302104283024
2023-04-24,0.0
2023-04-25,15.68702598842415
2023-04-26,0.0
2023-04-27,0.0
2023-04-28,6.740449665365995
2023-04-29,14.975497460848583
2023-04-30,43.00835782772786
2023-05-01,6.843332846221087
2023-05-02,0.0
2023-05-03,0.0
2023-05-04,0.0
2023-05-05,0.0
2023-05-06,0.0
2023-05-07,0.0
2023-05-08,0.0
2023-05-09,0.0
2023-05-10,13.155897255886249
2023-05-11,10.133825716940137
2023-05-12,24.64433579912058
2023-05-13,11.310383638014669
2023-05-14,7.752554149241062
2023-05-15,15.434245527193356
2023-05-16,19.350905950004993
2023-05-17,0.12200112077029979
2023-05-18,0.0
2023-05-19,0.0
2023-05-20,13.274815190080055
2023-05-21,26.243846564679533
2023-05-22,11.495274121294154
2023-05-23,19.747155882216795
2023-05-24,8.310063597721028
2023-05-25,6.689436910522954
2023-05-26,26.572395369813254
2023-05-27,6.2392408787398725
2023-05-28,24.418149444299786
2023-05-29,15.678361260810417
2023-05-30,22.692233062273754
2023-05-31,22.315101589302767
2023-06-01,9.761840498527967
2023-06-02,38.38451400640849
2023-06-03,3.188016982900131
2023-06-04,45.13975104689599
2023-06-05,34.057318374111865
2023-06-06,13.509882203630506
2023-06-07,27.589550456485245
2023-06-08,13.525497212603291
2023-06-09,43.0925289456909
2023-06-10,33.144191411701414
2023-06-11,8.71567430629118
2023-06-12,0.0
2023-06-13,14.864983530866139
2023-06-14,5.541381557245513
2023-06-15,24.96194548381343
2023-06-16,0.3928536619689015
2023-06-17,10.897541231601627
2023-06-18,1.8240262662639495
2023-06-19,0.0
2023-06-20,0.0
2023-06-21,20.963715046241486
2023-06-22,29.38280562371822
2023-06-23,22.136151596501072
2023-06-24,10.116829906363748
2023-06-25,14.478380871382923
2023-06-26,11.399591406656283
2023-06-27,5.161893240201313
2023-06-28,2.9008225513672508
2023-06-29,0.0
2023-06-30,0.0
2023-07-01,23.17078557610513
2023-07-02,7.957561709389497
2023-07-03,16.05382023349002
2023-07-04,4.061593358279081
2023-07-05,7.297806106910515
2023-07-06,11.46797395638518
2023-07-07,31.626402224237864
2023-07-08,20.675194911860135
2023-07-09,11.456191923167259
2023-07-10,28.078746308748798
2023-07-11,9.415620655022767
2023-07-12,7.691935858009638
2023-07-13,22.602416871367282
2023-07-14,5.863475138472546
2023-07-15,7.691935858009638
2023-07-16,7.05118475250296
2023-07-17,15.586501144879577
2023-07-18,19.10765349220586
2023-07-19,0.0
2023-07-20,0.021126467633891758
2023-07-21,6.590606844908484
2023-07-22,17.601468521195493
2023-07-23,10.059075942716087
2023-07-24,4.529251877923271
2023-07-25,20.44094398416378
2023-07-26,2.455137718770956
2023-07-27,0.0
2023-07-28,0.0
2023-07-29,5.736157268386436
2023-07-30,11.632489742459482
2023-07-31,9.41921715116179
2023-08-01,18.358801074527413
2023-08-02,9.720155992016602
2023-08-03,1.2689629648182847
2023-08-04,0.0
2023-08-05,0.0
2023-08-06,0.0
2023-08-07,13.092949706960376
2023-08-08,7.426593599891342
2023-08-09,0.937554226735154
2023-08-10,2.5563387705164184
2023-08-11,16.049930814150223
2023-08-12,16.312557438740868
2023-08-13,5.001547509149925
2023-08-14,15.656974301547619
2023-08-15,11.241753742098812
2023-08-16,0.0
2023-08-17,4.306849974836854
2023-08-18,6.365372113279397
2023-08-19,8.46225450963185
2023-08-20,1.91458344580354
2023-08-21,53.27710934748522
2023-08-22,25.981777013355014
2023-08-23,39.419413911329755
2023-08-24,0.0
2023-08-25,9.372363553055239
2023-08-26,1.088393900442768
2023-08-27,9.965231903501463
2023-08-28,16.98951402709291
2023-08-29,0.0
2023-08-30,0.0
2023-08-31,11.4071378107812
2023-09-01,7.258914665193176
2023-09-02,9.081026423017724
2023-09-03,25.064742931643057
2023-09-04,9.60750645258137
2023-09-05,0.1286914586215406
2023-09-06,0.1415662676901431
2023-09-07,15.871912737955924
2023-09-08,14.572379559479863
2023-09-09,16.280451669080843
2023-09-10,10.44523445396005
2023-09-11,9.505180728395246
2023-09-12,7.200832861299453
2023-09-13,0.0
2023-09-14,8.255480009760408
2023-09-15,7.158488301207894
2023-09-16,10.891505409736894
2023-09-17,38.1248388145421
2023-09-18,22.785401838856778
2023-09-19,9.706704687025098
2023-09-20,18.038611873178873
2023-09-21,22.541208464551623
2023-09-22,0.0
2023-09-23,4.013313801506082
2023-09-24,21.327594144521534
2023-09-25,3.870285573641997
2023-09-26,19.447975716478123
2023-09-27,5.7780171866352505
2023-09-28,6.512148824293875
2023-09-29,9.02357537963906
2023-09-30,6.567933471621697
2023-10-01,9.56239244865405
2023-10-02,12.951987507778249
2023-10-03,42.222895681858084
2023-10-04,17.3273753705057
2023-10-05,28.80238212040954
2023-10-06,23.818179926356763
2023-10-07,23.818179926356763
2023-10-08,18.66158588150064
2023-10-09,21.489798663838496
2023-10-10,41.850577599293494
2023-10-11,27.391851801727277
2023-10-12,19.528506428808786
2023-10-13,27.391851801727277
2023-10-14,35.91251725844437
2023-10-15,55.54367556926368
2023-10-16,18.95421816912053
2023-10-17,16.976729746605905
2023-10-18,15.756796583130555
2023-10-19,32.22964587002188
2023-10-20,28.536189005987065
2023-10-21,64.8118282782065
2023-10-22,10.531383481782841
2023-10-23,0.0
2023-10-24,12.35214947043239
2023-10-25,46.660181109164235
2023-10-26,33.88758783002159
2023-10-27,24.44846317776153
2023-10-28,11.129092210249325
2023-10-29,41.433693884997766
2023-10-30,23.909176281577842
2023-10-31,12.656915001772552
2023-11-01,9.011048884810629
2023-11-02,22.440871438464608
2023-11-03,24.410183043093305
2023-11-04,20.75925045077866
2023-11-05,15.485223069787029
2023-11-06,22.412770678868174
2023-11-07,0.0
2023-11-08,0.0
2023-11-09,0.0
2023-11-10,20.135000179748282
2023-11-11,0.0
2023-11-12,35.48023255854041
2023-11-13,15.455098195655928
2023-11-14,25.035775679188816
2023-11-15,24.983270736159508
2023-11-16,42.32087404663499
2023-11-17,19.18552494572627
2023-11-18,0.18904035759938734
2023-11-19,5.35240816828367
2023-11-20,25.107500267995377
2023-11-21,4.660346867466297
2023-11-22,6.901920876591595
2023-11-23,4.069789514751049
2023-11-24,5.1437851232854115
2023-11-25,12.955413104311846
2023-11-26,0.0
2023-11-27,0.0
2023-11-28,14.905657429952885
2023-11-29,26.779414149555006
2023-11-30,0.0
2023-12-01,0.0
2023-12-02,0.0
2023-12-03,0.0
2023-12-04,0.0
2023-12-05,0.0
2023-12-06,0.0
2023-12-07,0.0
2023-12-08,2.884869405143971
2023-12-09,0.0
2023-12-10,0.0
2023-12-11,0.0
2023-12-12,0.0
2023-12-13,0.0
2023-12-14,0.05875033019362271
2023-12-15,2.377183840886967
2023-12-16,15.429024230789498
2023-12-17,11.415272745530352
2023-12-18,4.544316261201293
2023-12-19,10.895009632046163
2023-12-20,1.4744618222922894
2023-12-21,0.0
2023-12-22,0.0
2023-12-23,0.0
2023-12-24,0.0
2023-12-25,3.7871098937215044
2023-12-26,2.8498427539661138
2023-12-27,9.61152113531087
2023-12-28,23.05495875469737
2023-12-29,14.231269492289512
2023-12-30,0.0
2023-12-31,0.0
2024-01-01,9.274076890703796
2024-01-02,0.0
2024-01-03,0.0
2024-01-04,0.0
2024-01-05,0.0
2024-01-06,0.0
2024-01-07,0.0
2024-01-08,0.0
2024-01-09,0.0
2024-01-10,6.853464131822459
2024-01-11,1.7513589951637636
2024-01-12,3.8142381141314647
2024-01-13,0.7214404352613399
2024-01-14,0.0
2024-01-15,0.0
2024-01-16,0.0
2024-01-17,0.0
2024-01-18,5.7015387150081445
2024-01-19,0.0
2024-01-20,0.0
2024-01-21,0.0
2024-01-22,5.323109333982341
2024-01-23,0.0
2024-01-24,0.0
2024-01-25,0.0
2024-01-26,0.0
2024-01-27,0.0
2024-01-28,0.7866127295671286
2024-01-29,0.0
2024-01-30,2.3441193389731487
2024-01-31,0.0
2024-02-01,0.0
2024-02-02,0.0
2024-02-03,23.659014162783688
2024-02-04,6.23870619366298
2024-02-05,0.0
2024-02-06,0.0
2024-02-07,0.0
2024-02-08,0.0
2024-02-09,0.0
2024-02-10,0.0
2024-02-11,0.0
2024-02-12,0.0
2024-02-13,0.0
2024-02-14,0.0
2024-02-15,0.0
2024-02-16,0.0
2024-02-17,2.513751758111491
2024-02-18,0.029348539742263598
2024-02-19,1.0298543564371163
2024-02-20,0.0
2024-02-21,0.0
2024-02-22,0.0
2024-02-23,0.0
2024-02-24,0.0
2024-02-25,0.0
2024-02-26,0.0
2024-02-27,0.0
2024-02-28,0.0
2024-02-29,0.0
2024-03-01,0.0
2024-03-02,0.0
2024-03-03,0.0
2024-03-04,0.0
2024-03-05,0.0
2024-03-06,0.0
2024-03-07,0.0
2024-03-08,0.0
2024-03-09,0.0
2024-03-10,0.0
2024-03-11,0.0
2024-03-12,0.19294466017871295
2024-03-13,0.0
2024-03-14,0.0
2024-03-15,0.45516738617742397
2024-03-16,0.0
2024-03-17,4.552383793971026
2024-03-18,0.0
2024-03-19,0.0
2024-03-20,0.0
2024-03-21,0.0
2024-03-22,0.0
2024-03-23,9.583449942034648
2024-03-24,0.0
2024-03-25,9.299229108401251
2024-03-26,6.155495171611376
2024-03-27,26.23201157837302
2024-03-28,1.9101507156281865
2024-03-29,0.0
2024-03-30,0.0
2024-03-31,0.0
2024-04-01,0.0
2024-04-02,0.0
2024-04-03,0.0
2024-04-04,13.064122929766375
2024-04-05,3.7834012764128486
2024-04-06,0.0
2024-04-07,0.0
2024-04-08,11.817734966004222
2024-04-09,22.576300092645603
2024-04-10,11.848009043851418
2024-04-11,1.7352168159307664
2024-04-12,1.456326123729751
2024-04-13,1.533016723555488
2024-04-14,0.2689988290060413
2024-04-15,0.18405874817304926
2024-04-16,0.0
2024-04-17,0.0
2024-04-18,0.0
2024-04-19,2.8050326051542895
2024-04-20,0.0
2024-04-21,33.64230724323441
2024-04-22,4.036212498372472
2024-04-23,0.0
2024-04-24,4.179003292644348
2024-04-25,5.860676935395681
2024-04-26,22.896452617403632
2024-04-27,17.345726885908363
2024-04-28,14.871040494256732
2024-04-29,11.76093582365964
2024-04-30,0.0
2024-05-01,16.50806841797926
2024-05-02,13.185889712056602
2024-05-03,6.465748417820481
2024-05-04,32.7253653254058
2024-05-05,0.0
2024-05-06,0.0
2024-05-07,0.024282116744969346
2024-05-08,42.09579883233923
2024-05-09,8.252167738369995
2024-05-10,11.237068937034225
2024-05-11,26.991700869154297
2024-05-12,10.335852388594605
2024-05-13,7.863611772656443
2024-05-14,13.475121920978705
2024-05-15,24.89050414111164
2024-05-16,19.20852789282799
2024-05-17,13.989860417875086
2024-05-18,4.340657837487557
2024-05-19,10.722935224304331
2024-05-20,13.32648518520433
2024-05-21,30.35260235618902
2024-05-22,29.079091832444483
2024-05-23,16.806890513848618
2024-05-24,11.435312325487269
2024-05-25,9.768292994918054
2024-05-26,10.185948012245671
2024-05-27,6.244569792538078
2024-05-28,9.291020002316788
2024-05-29,6.1138883400205035
2024-05-30,16.268646165728573
2024-05-31,8.181045553772837
2024-06-01,0.0
2024-06-02,0.0
2024-06-03,47.646850305634594
2024-06-04,14.649953028640235
2024-06-05,41.53268040032001
2024-06-06,40.62262561997853
2024-06-07,33.1674030713133
2024-06-08,23.010918533479852
2024-06-09,25.297715125454445
2024-06-10,14.969189723198484
2024-06-11,14.020810444210028
2024-06-12,12.334335841037136
2024-06-13,13.234198165100977
2024-06-14,65.0916563336914
2024-06-15,25.11044635804924
2024-06-16,17.269016279562106
2024-06-17,15.675670404691957
2024-06-18,22.35202027897578
2024-06-19,47.027011940608176
2024-06-20,21.182023647266472
2024-06-21,18.452328905865958
2024-06-22,22.120857628616132
2024-06-23,12.964683440891479
2024-06-24,4.815760297952473
2024-06-25,14.287386917181923
2024-06-26,20.95118363644626
2024-06-27,65.23753570221567
2024-06-28,19.146159110037065
2024-06-29,18.769774574685744
2024-06-30,1.7223082361994568
2024-07-01,20.04906985928884
2024-07-02,18.55048346318104
2024-07-03,11.54956134871857
2024-07-04,51.676364099657235
2024-07-05,36.09331909788622
2024-07-06,16.79121871131498
2024-07-07,5.376107119627903
2024-07-08,11.933895277413166
2024-07-09,19.812610861014683
2024-07-10,37.75420714874526
2024-07-11,22.767172294694035
2024-07-12,16.88161964875621
2024-07-13,13.830791695295156
2024-07-14,0.41790383490356253
2024-07-15,10.017280242531688
2024-07-16,5.006653950121759
2024-07-17,8.08229769393802
2024-07-18,5.140075011833295
2024-07-19,11.83656516731591
2024-07-20,0.2784010619931931
2024-07-21,10.702149458833645
2024-07-22,16.13830872443883
2024-07-23,28.308570673336853
2024-07-24,7.24615869449603
2024-07-25,12.640725628749749
2024-07-26,23.59656641853823
2024-07-27,11.620317672152781
2024-07-28,0.0
2024-07-29,0.0
2024-07-30,12.371001740162441
2024-07-31,14.523234127341095
2024-08-01,21.134598448067102
2024-08-02,48.1254682911409
2024-08-03,4.721392940025074
2024-08-04,17.4016235744631
2024-08-05,35.11318549513818
2024-08-06,1.0344469796966862
2024-08-07,25.890802031836
2024-08-08,52.14084313044678
2024-08-09,2.4961844070537675
2024-08-10,30.066137734297172
2024-08-11,8.740843749932342
2024-08-12,13.845255580302833
2024-08-13,9.694889844672103
2024-08-14,8.633052339827694
2024-08-15,17.26610467965539
2024-08-16,9.147288106381897
2024-08-17,4.439083823078389
2024-08-18,4.439083823078389
2024-08-19,7.407738758905517
2024-08-20,23.402758145251795
2024-08-21,13.4706813910523
2024-08-22,26.982226202616832
2024-08-23,6.712519490034196
2024-08-24,6.4562927089832955
2024-08-25,12.787618202132155
2024-08-26,45.71822473326246
2024-08-27,7.490153630440301
2024-08-28,3.059283301133563
2024-08-29,5.679740242660046
2024-08-30,13.190411264026492
2024-08-31,15.166495839888988
2024-09-01,20.307576577808412
2024-09-02,22.31427734768069
2024-09-03,22.666468812001725
2024-09-04,4.995625842664695
2024-09-05,20.852008967383494
2024-09-06,9.811202160812718
2024-09-07,13.450255358944071
2024-09-08,18.47577829497892
2024-09-09,5.4333415496591
2024-09-10,9.830529476943857
2024-09-11,12.806405311097976
2024-09-12,7.806418837929097
2024-09-13,9.160770845977039
2024-09-14,2.9246233723856325
2024-09-15,6.642571660513817
2024-09-16,19.183442934139357
2024-09-17,6.696233866786636
2024-09-18,0.0
2024-09-19,6.05978826453557
2024-09-20,17.56348799249611
2024-09-21,40.4651588910335
2024-09-22,28.82264541049263
2024-09-23,23.038735153707307
2024-09-24,16.131893575191505
2024-09-25,23.154107164692242
2024-09-26,31.40628108382226
2024-09-27,16.85731015495352
2024-09-28,23.664941891625126
2024-09-29,17.557672312936276
2024-09-30,30.06789408503353
2024-10-01,43.96848985955524
2024-10-02,17.909571149864714
2024-10-03,22.72457262148729
2024-10-04,21.69760361434641
2024-10-05,18.262435757227852
2024-10-06,16.002142022187652
2024-10-07,17.689328407516353
2024-10-08,7.721623550798444
2024-10-09,27.271179757408206
2024-10-10,10.588673387830324
2024-10-11,12.293605179400062
2024-10-12,5.769344362858182
2024-10-13,0.6621319917408197
2024-10-14,51.14689016825445
2024-10-15,32.395545998940605
2024-10-16,5.5683352512282305
2024-10-17,22.913221078950013
2024-10-18,27.906501091815336
2024-10-19,24.589331390084453
2024-10-20,21.255225018875027
2024-10-21,33.16929252888706
2024-10-22,28.560794667617706
2024-10-23,23.042727230368445
2024-10-24,0.0
2024-10-25,0.0
2024-10-26,10.285594029805146
2024-10-27,40.956536367938334
2024-10-28,17.898784658191985
2024-10-29,20.229127184362028
2024-10-30,30.149670424493593
2024-10-31,35.4236666842087
2024-11-01,43.03177805365745
2024-11-02,40.43947091215367
2024-11-03,51.63256996225669
2024-11-04,0.2384220780553045
2024-11-05,76.7738999531076
2024-11-06,63.91310962470804
2024-11-07,49.758789268699864
2024-11-08,113.76855119821191
2024-11-09,22.91507100172946
2024-11-10,24.630755127281763
2024-11-11,71.37252880270418
2024-11-12,43.56568570958601
2024-11-13,43.90032104785379
2024-11-14,0.0
2024-11-15,1.219431524341171
2024-11-16,1.222311256705104
2024-11-17,26.53282753921844
2024-11-18,15.191929942450011
2024-11-19,30.909534261033343
2024-11-20,13.90689947435985
2024-11-21,5.730606721059698
2024-11-22,46.62186500510656
2024-11-23,11.162298765939637
2024-11-24,31.781073877940315
2024-11-25,0.0
2024-11-26,41.30370255257634
2024-11-27,19.401329756185824
2024-11-28,39.523785154561764
2024-11-29,0.1708446672639332
2024-11-30,37.41004556014732
2024-12-01,0.0
2024-12-02,28.08704959621301
2024-12-03,0.9227817626418297
2024-12-04,0.0
2024-12-05,5.019744206924698
2024-12-06,0.0
2024-12-07,0.0
2024-12-08,0.0
2024-12-09,0.0
2024-12-10,0.0
2024-12-11,0.0
2024-12-12,0.0
2024-12-13,0.0
2024-12-14,0.0
2024-12-15,0.0
2024-12-16,0.0
2024-12-17,0.0
2024-12-18,0.0
2024-12-19,0.0
2024-12-20,8.740071937743881
2024-12-21,0.32128614549701284
2024-12-22,1.9093252968143781
2024-12-23,0.0
2024-12-24,3.8620522145081226
2024-12-25,33.33550320042148
2024-12-26,2.4660439052291836
2024-12-27,16.414777240237683
2024-12-28,20.040041972253785
2024-12-29,9.52429729559132
2024-12-30,3.4455459711922196
2024-12-31,0.0
2025-01-01,17.415334907737947
2025-01-02,0.0
2025-01-03,9.173144388843232
2025-01-04,4.650299142744092
2025-01-05,8.905898016449568
2025-01-06,0.0
2025-01-07,8.827300444849442
2025-01-08,0.0
2025-01-09,8.216578923568532
2025-01-10,0.0
2025-01-11,0.0
2025-01-12,0.0
2025-01-13,0.0
2025-01-14,0.0
2025-01-15,0.0
2025-01-16,0.0
2025-01-17,0.0
2025-01-18,0.0
2025-01-19,0.0
2025-01-20,0.0
2025-01-21,1.0984079599556693
2025-01-22,1.1143291428609674
2025-01-23,1.3555702436211954
2025-01-24,1.3394549887224632
2025-01-25,2.2243509484404655
2025-01-26,0.0
2025-01-27,0.0
2025-01-28,0.0
2025-01-29,0.0
2025-01-30,0.0
2025-01-31,0.0
2025-02-01,0.0
2025-02-02,0.0
2025-02-03,0.0
2025-02-04,0.0
2025-02-05,0.0
2025-02-06,1.969719403599565
2025-02-07,1.5365991247314463
2025-02-08,0.5523652441522763
2025-02-09,0.2624131735080753
2025-02-10,0.9565169424372352
2025-02-11,1.5100644609412637
2025-02-12,0.0
2025-02-13,7.429417390275648
2025-02-14,4.5134224915826655
2025-02-15,35.693691533965044
2025-02-16,16.34653398173081
2025-02-17,8.3469171333756
2025-02-18,0.6826869381239288
2025-02-19,11.164596430252534
2025-02-20,8.66781516816165
2025-02-21,0.0
2025-02-22,0.0
2025-02-23,0.0
2025-02-24,8.508824215950195
2025-02-25,0.0
2025-02-26,5.571044947750667
2025-02-27,0.20026258120904805
2025-02-28,1.575214628155369
2025-03-01,0.0
2025-03-02,1.1052292880375645
2025-03-03,0.0
2025-03-04,0.0
2025-03-05,0.0
2025-03-06,30.08293835053574
2025-03-07,0.0
2025-03-08,0.0
2025-03-09,0.0
2025-03-10,3.032559044860506
2025-03-11,0.0
2025-03-12,0.0
2025-03-13,0.0
2025-03-14,0.0
2025-03-15,0.036630021559225553
2025-03-16,0.0
2025-03-17,10.008816583132424
2025-03-18,0.0
2025-03-19,0.0
2025-03-20,0.0
2025-03-21,0.0
2025-03-22,0.0
2025-03-23,0.0
2025-03-24,8.297475907045445
2025-03-25,8.97792704121487
2025-03-26,11.315850621139683
2025-03-27,0.0
2025-03-28,0.24828626739012236
2025-03-29,0.0
2025-03-30,1.2706212679276598
2025-03-31,12.440649010845135
2025-04-01,3.493933083942615
2025-04-02,0.22624904340183416
2025-04-03,0.0
2025-04-04,1.4787905886769301
2025-04-05,2.0722287438205775
2025-04-06,29.327975309378402
2025-04-07,39.16108613964674
2025-04-08,1.3055407461282373
2025-04-09,0.0
2025-04-10,0.0
2025-04-11,31.984573000186206
2025-04-12,3.330676005498784
2025-04-13,0.32823477443811067
2025-04-14,0.0
2025-04-15,0.0
2025-04-16,0.0
2025-04-17,3.3307985991642295
2025-04-18,0.0
2025-04-19,0.0
2025-04-20,6.0171641928924124
2025-04-21,5.38530239442716
2025-04-22,17.26039921230561
2025-04-23,4.587895068264492
2025-04-24,0.4150104955644222
2025-04-25,3.8252340651847234
2025-04-26,6.9605342523270375
2025-04-27,0.0
2025-04-28,0.0
2025-04-29,7.428376158749736
2025-04-30,8.300791130073975
2025-05-01,19.599716217533967
2025-05-02,34.291696643507166
2025-05-03,29.989639210539906
2025-05-04,10.890332864345734
2025-05-05,29.07634985608025
2025-05-06,37.54253812496728
2025-05-07,17.438708978327554
2025-05-08,13.743579031245133
2025-05-09,6.165715286860597
2025-05-10,10.142974883116583
2025-05-11,5.972188144922258
2025-05-12,6.816812875303064
2025-05-13,20.644882384989717
2025-05-14,45.090056013416614
2025-05-15,27.556204538087595
2025-05-16,78.23716876152402
2025-05-17,39.195799168702735
2025-05-18,33.68239242724472
2025-05-19,35.97318700117036
2025-05-20,23.503831119150735
2025-05-21,21.311361474362588
2025-05-22,0.5621928363233001
2025-05-23,9.330885730683809
2025-05-24,19.330411327046328
2025-05-25,32.54115217279745
2025-05-26,19.732273129998035
2025-05-27,11.96031399675318
2025-05-28,4.143036798850911
2025-05-29,0.0
2025-05-30,10.261588382559856
2025-05-31,41.568267833542194
2025-06-01,14.024298706167457
2025-06-02,10.394674414919843
2025-06-03,13.8284517915265
2025-06-04,13.971341744065288
2025-06-05,20.72233615735093
2025-06-06,16.818303913280772
2025-06-07,9.544635031472993
2025-06-08,12.653775680709531
2025-06-09,28.040082680212493
2025-06-10,11.554001673250585
2025-06-11,7.547749899327757
2025-06-12,11.072955812956838
2025-06-13,26.62404183519854
2025-06-14,28.164284193032497
2025-06-15,11.029725854058524
2025-06-16,14.981273064742224
2025-06-17,20.36156822378572
2025-06-18,2.9011587027359664
2025-06-19,4.841257648290817
2025-06-20,7.952291807814228
2025-06-21,44.54031299739271
2025-06-22,30.719546977732644
2025-06-23,28.28780168697642
2025-06-24,19.255237898713844
2025-06-25,31.035375023210385
2025-06-26,15.112103415099357
2025-06-27,10.302302374630365
2025-06-28,1.2892022338267923
2025-06-29,18.74874736328383
2025-06-30,9.37672611366253
2025-07-01,16.11297282576562
2025-07-02,18.384318662253595
2025-07-03,13.818693311633293
2025-07-04,25.147152512460146
2025-07-05,10.966696862030679
2025-07-06,48.69126519319175
2025-07-07,0.3612151081497606
2025-07-08,2.2974301524258958
2025-07-09,9.919262853828638
2025-07-10,37.1237918444582
2025-07-11,8.846350007564634
2025-07-12,5.008252320660129
2025-07-13,6.435956149487884
2025-07-14,0.9866245717212964
2025-07-15,0.0
2025-07-16,0.0
2025-07-17,3.3722252208437484
2025-07-18,0.0
2025-07-19,10.83126780994841
2025-07-20,0.5921051845558594
2025-07-21,4.017383762408754
2025-07-22,13.336388325771768
2025-07-23,13.67807272358521
2025-07-24,0.0
2025-07-25,5.655094700085151
2025-07-26,24.47695696837194
2025-07-27,7.999233021929461
2025-07-28,7.953972022074303
2025-07-29,27.77803816223467
2025-07-30,9.209283913309513
2025-07-31,0.3246707368541409
2025-08-01,0.0
2025-08-02,11.441321653691501
2025-08-03,29.31543782997776
2025-08-04,31.85941503096271
2025-08-05,0.33260851091629756
2025-08-06,6.801675213349834
2025-08-07,0.0
2025-08-08,10.447305465268125
2025-08-09,0.0
2025-08-10,0.49942263880291515
2025-08-11,0.0
2025-08-12,18.109338294009913
2025-08-13,0.11371634095101746
2025-08-14,35.6111264051618
2025-08-15,14.383702001861629
2025-08-16,31.512950906882413
2025-08-17,35.90679376270322
2025-08-18,32.02330698354826
2025-08-19,16.422411761573848
2025-08-20,15.756475453441206
2025-08-21,14.388205692977525
2025-08-22,0.0
2025-08-23,19.420577391579354
2025-08-24,3.8851837598391503
2025-08-25,5.990505962355719
2025-08-26,16.065372186335363
2025-08-27,13.115967312978736
2025-08-28,22.752879057381612
2025-08-29,15.53356208551575
2025-08-30,2.545151127955399
2025-08-31,0.0
2025-09-01,16.75698846014771
2025-09-02,11.986022035817847
2025-09-03,8.35196591188779
2025-09-04,15.981650270723014
2025-09-05,26.536126302706236
2025-09-06,8.769374198406132
2025-09-07,25.77978844215741
2025-09-08,1.6591565202216847
2025-09-09,8.645451527793668
2025-09-10,0.0
2025-09-11,4.673340430130831
2025-09-12,53.54599831072061
2025-09-13,2.6966074624577088
2025-09-14,0.0
2025-09-15,22.535513129588725
2025-09-16,57.46744323260078
2025-09-17,8.579682810483755
2025-09-18,2.8610934915172095
2025-09-19,12.424728984969695
2025-09-20,0.44998336160505154
2025-09-21,13.462265264746309
2025-09-22,42.798950203367205
2025-09-23,2.3658752095054947
2025-09-24,5.033325304050705
2025-09-25,31.9881571023851
2025-09-26,31.984132874656375
2025-09-27,9.28789504959777
2025-09-28,25.524816213427368
2025-09-29,34.286196007921895
2025-09-30,27.184889445433758
2025-10-01,15.596069072549417
2025-10-02,10.26960023955719
2025-10-03,17.085916593670852
2025-10-04,6.524612375006485
2025-10-05,22.560668482973774
2025-10-06,13.3079450110326
2025-10-07,14.893171247195554
2025-10-08,46.630298169883545
2025-10-09,20.27846898057977
2025-10-10,24.340096509939926
2025-10-11,15.984171603579783
2025-10-12,5.064510140467336
2025-10-13,16.331513861143915
2025-10-14,4.663082256510452
2025-10-15,25.881737325239826
2025-10-16,25.81113048461644
2025-10-17,0.6979720938850095
2025-10-18,16.558175496152934
2025-10-19,33.11635099230587
2025-10-20,33.17370846948109
2025-10-21,29.550731759619087
2025-10-22,13.139399731078665
2025-10-23,29.84833391051036
2025-10-24,13.82921371387469
2025-10-25,2.7744593785421277
2025-10-26,19.569057829879434
2025-10-27,11.131866532403075
2025-10-28,45.90810446642543
2025-10-29,21.215933421576352
2025-10-30,23.00101212633624
2025-10-31,46.99974871889966
2025-11-01,6.4389855070291375
2025-11-02,21.508479874279054
2025-11-03,7.437557140314902
2025-11-04,15.971810204354497
2025-11-05,6.20831468077125
2025-11-06,0.0
2025-11-07,0.11282475413502878
2025-11-08,0.0
2025-11-09,8.73700517798598
2025-11-10,11.168502593362657
2025-11-11,32.75574697594386
2025-11-12,13.00346483773477
2025-11-13,19.785831869856732
2025-11-14,7.255036932592459
2025-11-15,19.572116564254507
2025-11-16,20.309800029606443
2025-11-17,12.643645244272982
2025-11-18,0.0
2025-11-19,0.0
2025-11-20,15.210566200517327
2025-11-21,10.033885121949623
2025-11-22,11.502123018777054
2025-11-23,2.561750688715965
2025-11-24,1.1363359355443234
2025-11-25,1.4393499281660131
2025-11-26,2.8016466938361932
2025-11-27,4.239282950658252
2025-11-28,9.144293228315343
2025-11-29,14.203417607658622
2025-11-30,1.9615268314106244
2025-12-01,15.682203512538129
2025-12-02,11.479352038655735
2025-12-03,4.299770466580586
2025-12-04,2.985767132627804
2025-12-05,0.0
2025-12-06,0.0
2025-12-07,0.5936785686660458
2025-12-08,19.325045692356863
2025-12-09,3.8136341773174927
2025-12-10,3.489935881785446
2025-12-11,0.0
2025-12-12,1.2878328171130777
2025-12-13,0.0
2025-12-14,8.25926555532056
2025-12-15,36.59354189038279
2025-12-16,0.0
2025-12-17,0.8323194569832573
2025-12-18,20.695394538141596
2025-12-19,0.0
2025-12-20,0.0
2025-12-21,0.0
2025-12-22,0.0
2025-12-23,0.0
2025-12-24,0.0
2025-12-25,0.0
2025-12-26,0.0
2025-12-27,0.0
2025-12-28,0.0
2025-12-29,0.0
2025-12-30,0.0
